slopeL,slopeH,F_t,F_slip,F_yield,fluxD,fluxHR,fluxLR,potential_H1,potential_H1_ramp
-0.2,-0.2,0.012241034,2.3338742152457663,0.012241034,31.363087055025034,9.483137028595603,-40.84622415,0.050009208,0.1
-0.2,-0.133333333,0.011775256,1.9760485530861385,0.011775256,11.238344745961456,31.22357761675873,-42.46192239,0.05,0.166666667
-0.2,-0.05,0.01003467,1.5649415658624253,0.01003467,-11.54286593,49.827250254710194,-38.28438439,0.076768806,0.25
-0.2,-0.15,0.011596214,2.0930575318583924,0.011596214,19.79896580612612,23.318554663818645,-43.11752047,0.050060776,0.15
-0.2,-0.166666667,0.011559577,2.1583217897068243,0.011559577,23.835089300337188,19.41908772,-43.25417705,0.050008864,0.133333333
-0.2,0.2,0.009999291,1.429368870514478,0.009999291,-16.83808753,50.00354298954469,-33.16545552,0.3312879115879529,0.5
-0.2,-0.033333333,0.010011274,1.4816710366814678,0.010011274,-14.78180089,49.94369234723493,-35.16189149,0.1127130582331012,0.266666667
-0.2,0.1833333333333333,0.009999254,1.4293969605763726,0.009999254,-16.83705221,50.003732722854735,-33.16668054,0.3008251858162597,0.483333333
-0.2,0.1666666666666666,0.00999929,1.4294992684251957,0.00999929,-16.83298712,50.00354934336806,-33.17056226,0.2684831849418104,0.466666667
-0.2,0.1499999999999999,0.00999929,1.4298786728717034,0.00999929,-16.81814138,50.003549194360986,-33.18540784,0.2352257243838601,0.45
-0.2,-0.016666667,0.010002917,1.4449118220380253,0.010002917,-16.22472946,49.98542077470334,-33.76069138,0.1476255576130026,0.283333333
-0.2,0.1333333333333333,0.009999272,1.4311235552115738,0.009999272,-16.76946675,50.00363886027404,-33.23417213,0.2038882443529905,0.433333333
-0.2,0.1166666666666666,0.009999314,1.435817745859039,0.009999314,-16.58582649,50.003428138340006,-33.41760167,0.1702423181330983,0.416666667
-0.2,0.1,0.009999384,1.4395178504722026,0.009999384,-16.44111079,50.00307948477428,-33.56196874,0.1582911704474791,0.4
-0.2,0.083333333,0.009999404,1.4331228596134709,0.009999404,-16.69104571,50.00297937,-33.31193372,0.184321607,0.383333333
-0.2,0,0.010000418,1.4326827891002023,0.010000418,-16.70656227,49.997909489239625,-33.2913473,0.1885300615486928,0.3
-0.2,-0.183333333,0.011694006,2.213430117695511,0.011694006,26.63775947,16.11918624923513,-42.75694576,0.050008041,0.116666667
-0.2,0.066666667,0.009999435,1.4382548600910088,0.009999435,-16.4903757,50.00282633661603,-33.5124507,0.1618149511510222,0.366666667
-0.2,0.05,0.009999449,1.4294869353214317,0.009999449,-16.83320271,50.00275615388509,-33.16955351,0.2714665612309887,0.35
-0.2,0.016666667,0.009999727,1.430713766952609,0.009999727,-16.78473445,50.00136340249318,-33.21662902,0.2113508347474909,0.316666667
-0.2,-0.116666667,0.012017245,1.8757742621804705,0.012017245,0.7443073348245264,40.862566717587555,-41.60687408,0.050005111,0.183333333
-0.2,-0.1,0.010717749,1.7123388574962577,0.010717749,-5.564096716,46.65158759108716,-41.08749087,0.05,0.2
-0.2,0.033333333,0.009999531,1.429810835458461,0.009999531,-16.82039123,50.00234668918871,-33.18195553,0.239373649,0.333333333
-0.2,-0.083333333,0.0102383,1.6550871614440232,0.0102383,-7.947104327,48.83623230294962,-40.88912803,0.050033779,0.216666667
-0.2,-0.066666667,0.010091576,1.627085590044895,0.010091576,-9.120052665,49.54627452650901,-40.42622193,0.05484653,0.233333333
-0.183333333,0.066666667,0.009999845,1.4415888922942324,0.009999845,-16.35945615,50.00077406234699,-33.64131808,0.1532428279268665,0.366666667
-0.183333333,-0.166666667,0.011559851,2.1583488217827105,0.011559851,23.836100412505985,19.417053105199948,-43.2531535,0.050002411,0.133333333
-0.183333333,0.2,0.009999842,1.429310561695354,0.009999842,-16.83944227,50.00079042661096,-33.16134833,0.4234489940668451,0.5
-0.183333333,-0.083333333,0.010238295,1.6551070610181076,0.010238295,-7.946368209,48.836254325538505,-40.88988612,0.050007368,0.216666667
-0.183333333,-0.033333333,0.010011622,1.4853851021121411,0.010011622,-14.63728771,49.94195836231028,-35.30467087,0.1104452461297434,0.266666667
-0.183333333,0.1833333333333333,0.009999897,1.4293114120613668,0.009999897,-16.83931589,50.00051403567786,-33.16119829,0.3913713565449545,0.483333333
-0.183333333,0.033333333,0.00999996,1.4296099930646329,0.00999996,-16.82752687,50.00019851,-33.17267183,0.2503617914940153,0.333333333
-0.183333333,0.1666666666666666,0.009999881,1.4293375513060318,0.009999881,-16.83832108,50.00059706699464,-33.16227617,0.310842276,0.466666667
-0.183333333,-0.183333333,0.011694629,2.2135899232832115,0.011694629,26.64500229760654,16.10966738094472,-42.75466965,0.050006873,0.116666667
-0.183333333,0.1499999999999999,0.009999834,1.4293312532093578,0.009999834,-16.83864563,50.00082903257179,-33.16218357,0.3175937005318751,0.45
-0.183333333,-0.1,0.010717717,1.7123100108730134,0.010717717,-5.565132009,46.65172465072946,-41.08659259,0.05,0.2
-0.183333333,0.1333333333333333,0.009999867,1.4293932560163023,0.009999867,-16.83616457,50.00066584325467,-33.16450142,0.2823836070935774,0.433333333
-0.183333333,-0.016666667,0.010003389,1.4411533941035355,0.010003389,-16.37066379,49.98306185894775,-33.61239825,0.155219942,0.283333333
-0.183333333,-0.066666667,0.010091683,1.628076936413896,0.010091683,-9.08247036,49.54574814440683,-40.46327786,0.054396486,0.233333333
-0.183333333,0.1166666666666666,0.009999852,1.4296129741318022,0.009999852,-16.827593,50.00074167335606,-33.17314882,0.2492167874575062,0.416666667
-0.183333333,0,0.010000871,1.4321905794165146,0.010000871,-16.72505432,49.99564603327672,-33.2705919,0.1924194279272469,0.3
-0.183333333,0.1,0.009999839,1.4304006912233207,0.009999839,-16.7967957,50.00080699869008,-33.20401144,0.2163203512592448,0.4
-0.183333333,0.05,0.00999993,1.4293806001576672,0.00999993,-16.83655363,50.000350528362986,-33.16379709,0.2879574612886404,0.35
-0.183333333,-0.15,0.011596409,2.092997571508357,0.011596409,19.79481719677985,23.32197731983505,-43.11679449,0.050022116,0.15
-0.183333333,0.083333333,0.009999863,1.431518425607205,0.009999863,-16.75303062,50.000686200483145,-33.24765576,0.1981469343102459,0.383333333
-0.183333333,-0.133333333,0.011775414,1.976046265777883,0.011775414,11.238007811702062,31.223346106738035,-42.46135387,0.050002411,0.166666667
-0.183333333,0.016666667,0.010000148,1.430098011202099,0.010000148,-16.80811677,49.99925777034849,-33.19114118,0.2258454953748247,0.316666667
-0.183333333,-0.116666667,0.012017554,1.875767637457117,0.012017554,0.7433230891650453,40.86247984805596,-41.60580289,0.050005111,0.183333333
-0.183333333,-0.2,0.012243322,2.334503539502323,0.012243322,31.38668297961705,9.451905033967972,-40.83858803,0.050006396,0.1
-0.183333333,-0.05,0.010034808,1.5604028068895046,0.010034808,-11.71652161,49.826563000030255,-38.11004166,0.078476254,0.25
-0.166666667,-0.183333333,0.011695237,2.2138154779548067,0.011695237,26.655837305772323,16.096608045365535,-42.75244537,0.050011221,0.116666667
-0.166666667,-0.133333333,0.011775491,1.976035291186883,0.011775491,11.23703882138409,31.224033916737387,-42.46107275,0.050000022,0.166666667
-0.166666667,0.1499999999999999,0.009999568,1.4292844911522713,0.009999568,-16.84092362,50.00215992895557,-33.16123645,0.3213493857725583,0.45
-0.166666667,-0.15,0.011596603,2.0929688927061902,0.011596603,19.79266176741247,23.323412855079457,-43.11607457,0.050000803,0.15
-0.166666667,-0.1,0.010717608,1.712283123802638,0.010717608,-5.566138379,46.65219903,-41.08606062,0.05000231,0.2
-0.166666667,-0.016666667,0.01000311,1.4484920286472671,0.01000311,-16.0847466,49.98445600202018,-33.89970956,0.1416940901151818,0.283333333
-0.166666667,0.1666666666666666,0.009999517,1.4293227896117382,0.009999517,-16.83951092,50.00241502180323,-33.16290426,0.2922694684063081,0.466666667
-0.166666667,0.066666667,0.009999627,1.4350604617926874,0.009999627,-16.61491285,50.00186689418603,-33.3869542,0.1731096544818109,0.366666667
-0.166666667,0.1833333333333333,0.009999492,1.4292677733821255,0.009999492,-16.84170525,50.00253831747497,-33.16083322,0.385289372,0.483333333
-0.166666667,0.083333333,0.009999526,1.432298766,0.009999526,-16.72307259,50.00237108577726,-33.27929864,0.1899526347234298,0.383333333
-0.166666667,0.016666667,0.009999862,1.4309453667972911,0.009999862,-16.77544865,50.00069088804004,-33.2252424,0.205754678,0.316666667
-0.166666667,-0.033333333,0.010011307,1.4864086006287769,0.010011307,-14.59807685,49.94352808193734,-35.3454514,0.1098258873100208,0.266666667
-0.166666667,0.1166666666666666,0.009999488,1.4295094081622763,0.009999488,-16.83225791,50.00256154781603,-33.1703038,0.2548648943909646,0.416666667
-0.166666667,-0.2,0.012246323,2.3353586745387283,0.012246323,31.418991747512862,9.409590096113146,-40.82858183,0.050002872,0.1
-0.166666667,-0.166666667,0.01156003,2.1584331541138067,0.01156003,23.840643591253222,19.411837788496435,-43.2524814,0.050055538,0.133333333
-0.166666667,0.1,0.00999956,1.4303201528306948,0.00999956,-16.80041492,50.002200899334575,-33.20178613,0.2172098813839914,0.4
-0.166666667,0.033333333,0.009999677,1.4298172406558856,0.009999677,-16.81989371,50.00161256089689,-33.181719,0.2343396308949432,0.333333333
-0.166666667,-0.083333333,0.0102381,1.6550845518397783,0.0102381,-7.947356512,48.837186079782256,-40.88982958,0.050005983,0.216666667
-0.166666667,0.2,0.009999488,1.4292667352470898,0.009999488,-16.84175243,50.002557812994986,-33.16080552,0.4146020111473615,0.5
-0.166666667,0.05,0.009999632,1.4292836884611049,0.009999632,-16.84084765,50.00184104465709,-33.16099357,0.3309343427725527,0.35
-0.166666667,0,0.01000058,1.4348775247061747,0.01000058,-16.62048053,49.99710101723326,-33.37662065,0.1745245606072509,0.3
-0.166666667,-0.05,0.01003487,1.561650667,0.01003487,-11.66865276,49.826255854424595,-38.15760312,0.077990608,0.25
-0.166666667,-0.066666667,0.010091546,1.6282656813181045,0.010091546,-9.075457608,49.54642394162224,-40.47096637,0.054301585,0.233333333
-0.166666667,-0.116666667,0.012017675,1.8757633042391184,0.012017675,0.7426844364420475,40.862701571562255,-41.60538601,0.050007015,0.183333333
-0.166666667,0.1333333333333333,0.009999505,1.4301011317438284,0.009999505,-16.80907648,50.00247587900926,-33.19339954,0.2231958060862329,0.433333333
-0.15,-0.116666667,0.012018072,1.8757553645773948,0.012018072,0.7415032290094672,40.86250685421791,-41.60401013,0.050003316,0.183333333
-0.15,0.1,0.009999609,1.4355814558307816,0.009999609,-16.59457394,50.00195256,-33.40737877,0.17067743,0.4
-0.15,-0.016666667,0.010003257,1.4486132290309777,0.010003257,-16.07978371,49.98372242,-33.90393889,0.1414585705401005,0.283333333
-0.15,0.1166666666666666,0.009999588,1.4424918160856983,0.009999588,-16.32461548,50.00206156478425,-33.67744619,0.1511661326778327,0.416666667
-0.15,0.016666667,0.009999996,1.435178268241479,0.009999996,-16.60969421,50.00002137983131,-33.39032734,0.1725429303093556,0.316666667
-0.15,-0.066666667,0.010091731,1.6303406681451218,0.010091731,-8.996844535,49.54551528913094,-40.54867085,0.053367375,0.233333333
-0.15,0.083333333,0.009999643,1.437770072090529,0.009999643,-16.50897563,50.001782838846566,-33.49280735,0.1628919037189029,0.383333333
-0.15,0,0.010000717,1.4355423688679878,0.010000717,-16.59426333,49.996413102895474,-33.40214993,0.171352918,0.3
-0.15,0.1666666666666666,0.009999458,1.4301447155658438,0.009999458,-16.80744975,50.00270948442317,-33.19525985,0.2206485869180494,0.466666667
-0.15,-0.133333333,0.011775977,1.9760845887738163,0.011775977,11.240593788581847,31.218728811426267,-42.45932264,0.050024439,0.166666667
-0.15,-0.15,0.011596893,2.092989740234094,0.011596893,19.793493119030828,23.32150263718935,-43.1149958,0.050008123,0.15
-0.15,-0.166666667,0.011560551,2.1584865538997473,0.011560551,23.84268050831092,19.40785236133732,-43.25053294,0.050036985,0.133333333
-0.15,0.033333333,0.009999785,1.4313004555287734,0.009999785,-16.76168755,50.00107639211643,-33.23938899,0.199851581,0.333333333
-0.15,0.05,0.00999969,1.433080048099327,0.00999969,-16.69224216,50.00154789,-33.30930591,0.1837360388844302,0.35
-0.15,0.2,0.009999491,1.4292597094381507,0.009999491,-16.84202294,50.00254472371461,-33.16052191,0.3027687627043412,0.5
-0.15,-0.05,0.010034914,1.5601632419687583,0.010034914,-11.72557463,49.82603749024047,-38.10046289,0.078544137,0.25
-0.15,0.1333333333333333,0.009999506,1.434385594597767,0.009999506,-16.64149812,50.00246819113402,-33.36097018,0.1761269259626995,0.433333333
-0.15,0.1833333333333333,0.009999471,1.429342701558331,0.009999471,-16.8388099,50.002647168264566,-33.16383738,0.2728868434095055,0.483333333
-0.15,-0.2,0.012250419,2.336516080186002,0.012250419,31.462567646161332,9.352361749,-40.81492943,0.050005529,0.1
-0.15,-0.083333333,0.010238379,1.655070158325762,0.010238379,-7.947674708,48.83585356612067,-40.88817893,0.050001218,0.216666667
-0.15,0.066666667,0.00999965,1.4297555343786537,0.00999965,-16.82235435,50.00175006708384,-33.17939587,0.234772583,0.366666667
-0.15,-0.1,0.01071788,1.712260552177058,0.01071788,-5.566794855,46.65101868,-41.08422379,0.05,0.2
-0.15,0.1499999999999999,0.009999459,1.4306625655158698,0.009999459,-16.78718719,50.002702743072334,-33.21551567,0.2091843938623779,0.45
-0.15,-0.183333333,0.011696434,2.21410393,0.011696434,26.66873369967593,16.079337665848833,-42.74807139,0.05,0.116666667
-0.15,-0.033333333,0.010011504,1.485271991315026,0.010011504,-14.64184392,49.942544524193536,-35.30070078,0.1104680585815562,0.266666667
-0.133333333,0.05,0.009999507,1.4305837329248392,0.009999507,-16.79019079,50.002462818008794,-33.2122722,0.2097916413867891,0.35
-0.133333333,0,0.010000507,1.4378694655931257,0.010000507,-16.50366671,49.99746637057145,-33.49379982,0.1628201272184938,0.3
-0.133333333,0.066666667,0.00999953,1.4369106825522406,0.00999953,-16.54274877,50.002349229506024,-33.4596006,0.1655346973140527,0.366666667
-0.133333333,-0.2,0.012255095,2.338014234435736,0.012255095,31.52047732099807,9.278880798385297,-40.79935813,0.050005657,0.1
-0.133333333,0.016666667,0.009999778,1.4343392908708918,0.009999778,-16.64285732,50.001112353076266,-33.3582552,0.1762988288143075,0.316666667
-0.133333333,-0.183333333,0.011697367,2.214494318657376,0.011697367,26.687743117578677,16.056919623151497,-42.7446627,0.050000827,0.116666667
-0.133333333,-0.066666667,0.010091489,1.6313424001177916,0.010091489,-8.959193634,49.54670204147873,-40.58750847,0.052907511,0.233333333
-0.133333333,0.033333333,0.009999566,1.4341321781437366,0.009999566,-16.65130683,50.002168091959696,-33.35086142,0.177244625,0.333333333
-0.133333333,0.1333333333333333,0.009999327,1.4326687398482316,0.009999327,-16.70893446,50.00336426394736,-33.29442993,0.1862926167845181,0.433333333
-0.133333333,0.1833333333333333,0.00999939,1.4292460317302702,0.00999939,-16.84272896,50.003051827958345,-33.16032298,0.2855510487196733,0.483333333
-0.133333333,0.083333333,0.009999437,1.436825693104692,0.009999437,-16.54622404,50.00281319352206,-33.45658929,0.1658237925746019,0.383333333
-0.133333333,-0.033333333,0.010011224,1.4876742833447798,0.010011224,-14.54914676,49.94394047490206,-35.39479393,0.1090565310489621,0.266666667
-0.133333333,0.1666666666666666,0.009999342,1.4294657213264474,0.009999342,-16.83421324,50.003292001897954,-33.16907888,0.2501266528466049,0.466666667
-0.133333333,-0.083333333,0.010238103,1.6550476389397126,0.010238103,-7.948725986,48.83716994783302,-40.88844399,0.050001218,0.216666667
-0.133333333,-0.15,0.011596933,2.0930778944377297,0.011596933,19.799034511470225,23.315814235591795,-43.11484876,0.050055307,0.15
-0.133333333,0.2,0.009999336,1.4291974979002715,0.009999336,-16.84471937,50.00332255493524,-33.15860332,0.3129183526618102,0.5
-0.133333333,0.1499999999999999,0.009999315,1.4301142107436264,0.009999315,-16.80888435,50.00342663657688,-33.19454242,0.2201538458498535,0.45
-0.133333333,-0.05,0.010034779,1.562542975748202,0.010034779,-11.63458417,49.82670553182504,-38.19212142,0.077629868,0.25
-0.133333333,-0.016666667,0.010003027,1.4593306333995977,0.010003027,-15.66249952,49.984869677108286,-34.32237036,0.1288305376023433,0.283333333
-0.133333333,0.1166666666666666,0.009999347,1.4377038956953494,0.009999347,-16.51205118,50.003265108067104,-33.49121407,0.1629549880771186,0.416666667
-0.133333333,-0.133333333,0.011775818,1.976034060765148,0.011775818,11.236627337651342,31.223269651281136,-42.45989694,0.050002411,0.166666667
-0.133333333,0.1,0.009999452,1.431339874,0.009999452,-16.76070323,50.00273993998824,-33.24203685,0.1986734236598965,0.4
-0.133333333,-0.116666667,0.012018072,1.8757480731845408,0.012018072,0.7404408345013849,40.86356854631183,-41.60400938,0.05,0.183333333
-0.133333333,-0.1,0.010717605,1.7122376632672625,0.010717605,-5.567745927,46.65221332,-41.08446732,0.05,0.2
-0.133333333,-0.166666667,0.01156075,2.1585800310679404,0.01156075,23.847716502356302,19.40207430776563,-43.24979083,0.050043569,0.133333333
-0.116666667,-0.15,0.011597452,2.0931041434261335,0.011597452,19.799818093595704,23.313100584550472,-43.11291872,0.050059121,0.15
-0.116666667,-0.1,0.010717908,1.7122104837848542,0.010717908,-5.568548452,46.650892775819095,-41.08234433,0.05000231,0.2
-0.116666667,-0.133333333,0.01177635,1.9760271917028265,0.01177635,11.235559853208272,31.22241909475857,-42.45797894,0.05000018,0.166666667
-0.116666667,0.033333333,0.009999661,1.4466523108105678,0.009999661,-16.16207979,50.00169516366218,-33.83961548,0.1436295917796329,0.333333333
-0.116666667,-0.166666667,0.011561497,2.1586613224891917,0.011561497,23.850909698670975,19.39608589,-43.24699561,0.05,0.133333333
-0.116666667,-0.183333333,0.011699003,2.2149795991302903,0.011699003,26.71026965329024,16.02841594620732,-42.73868566,0.050000022,0.116666667
-0.116666667,0.1833333333333333,0.009999261,1.440361324822265,0.009999261,-16.40836072,50.003693209642314,-33.59533254,0.1556115346141179,0.483333333
-0.116666667,0.05,0.009999564,1.4340016784950524,0.009999564,-16.65641329,50.00217950969804,-33.34576634,0.1775783763619594,0.35
-0.116666667,0.1666666666666666,0.009999311,1.4448331671339705,0.009999311,-16.23365025,50.00344452490943,-33.76979435,0.1465979223936863,0.466666667
-0.116666667,0.066666667,0.009999561,1.434281429881502,0.009999561,-16.64548038,50.00219615460651,-33.3567159,0.1761167771087829,0.366666667
-0.116666667,0.1499999999999999,0.009999348,1.4346060588552672,0.009999348,-16.633141,50.00325813210474,-33.37011721,0.1745216142329901,0.45
-0.116666667,-0.083333333,0.010238415,1.654984856077104,0.010238415,-7.950817902,48.835684751731264,-40.88486688,0.050021683,0.216666667
-0.116666667,0.1333333333333333,0.009999357,1.449493767430558,0.009999357,-16.0517021,50.00321394906992,-33.95151193,0.1394805303121071,0.433333333
-0.116666667,0.1,0.00999947,1.4323516721483398,0.00999947,-16.72109593,50.002648044016645,-33.28155222,0.1882588553829409,0.4
-0.116666667,-0.066666667,0.010091666,1.6302210859840072,0.010091666,-9.001422963,49.54583448,-40.54441158,0.053398512,0.233333333
-0.116666667,0.083333333,0.009999534,1.4461736677290356,0.009999534,-16.18096528,50.00233042732325,-33.82136526,0.1443705805419623,0.383333333
-0.116666667,0.2,0.009999218,1.4348466880717174,0.009999218,-16.62395049,50.00391267354062,-33.37996224,0.1734004160043194,0.5
-0.116666667,-0.116666667,0.012018556,1.8757464586662456,0.012018556,0.7401758324864289,40.862160700380315,-41.60233654,0.050004785,0.183333333
-0.116666667,0.1166666666666666,0.009999437,1.4507312462773796,0.009999437,-16.00330574,50.002817446827905,-33.99951178,0.1378455254873642,0.416666667
-0.116666667,-0.033333333,0.010011341,1.4906755819700317,0.010011341,-14.43269998,49.94336101968048,-35.51066117,0.1073552411854709,0.266666667
-0.116666667,-0.2,0.012261463,2.3398757394133054,0.012261463,31.59082938249722,9.187338034,-40.77816748,0.050002776,0.1
-0.116666667,-0.05,0.010035114,1.5622852903342797,0.010035114,-11.64406453,49.825044351554645,-38.18097991,0.077714011,0.25
-0.116666667,-0.016666667,0.010003112,1.452514457,0.010003112,-15.92791108,49.984444942733674,-34.056534,0.1361474250002899,0.283333333
-0.116666667,0,0.010000657,1.4393483724378886,0.010000657,-16.44563803,49.99671283873821,-33.55107494,0.158446039,0.3
-0.116666667,0.016666667,0.00999991,1.4404532652017958,0.00999991,-16.40370573,50.000451600666985,-33.59674599,0.1554754037920705,0.316666667
-0.1,0.066666667,0.009999625,1.4534850305849163,0.009999625,-15.89562377,50.00187400188116,-34.10625031,0.134394823,0.366666667
-0.1,-0.133333333,0.01177668,1.9760307688257048,0.01177668,11.235536377146488,31.221252174964135,-42.45678847,0.050004103,0.166666667
-0.1,0.05,0.009999609,1.4320543607034475,0.009999609,-16.73249328,50.00195677495111,-33.26946359,0.1898802762297255,0.35
-0.1,-0.05,0.010035059,1.5598125781773378,0.010035059,-11.73883803,49.82531788006995,-38.08647985,0.078630439,0.25
-0.1,0.033333333,0.009999663,1.4369474848685344,0.009999663,-16.54109027,50.00168389207398,-33.46059373,0.164913131,0.333333333
-0.1,0.1,0.009999543,1.456356405943544,0.009999543,-15.78383537,50.00228646874842,-34.21845115,0.1312536452084957,0.4
-0.1,-0.116666667,0.012018847,1.875735944496835,0.012018847,0.738625893,40.86270326948196,-41.60132915,0.050002411,0.183333333
-0.1,0.1833333333333333,0.009999398,1.429083691,0.009999398,-16.84906694,50.00300820491823,-33.15394136,0.2796920300678537,0.483333333
-0.1,0.1166666666666666,0.009999448,1.4379870739974234,0.009999448,-16.50081742,50.00275788010724,-33.50194055,0.1616294906105106,0.416666667
-0.1,0.016666667,0.009999856,1.442124692584262,0.009999856,-16.33851412,50.000720999116034,-33.66220699,0.1515881335277604,0.316666667
-0.1,-0.1,0.010717603,1.7121697155813198,0.010717603,-5.570147546,46.65222465902369,-41.0820771,0.05,0.2
-0.1,-0.15,0.011597791,2.093130295305816,0.011597791,19.80090267044808,23.31075529431125,-43.11165795,0.050061522,0.15
-0.1,0.1333333333333333,0.009999445,1.4319451742648135,0.009999445,-16.73703813,50.00277594312725,-33.26573789,0.1907996839602536,0.433333333
-0.1,-0.016666667,0.010003088,1.4565578370378989,0.010003088,-15.77039381,49.984562299668426,-34.21416861,0.13148381,0.283333333
-0.1,-0.083333333,0.010238299,1.6549491797482123,0.010238299,-7.952233684,48.83623570465504,-40.884002,0.050018701,0.216666667
-0.1,-0.166666667,0.011562089,2.158799682740101,0.011562089,23.857744586623127,19.387035633883915,-43.2447802,0.050011244,0.133333333
-0.1,0,0.010000587,1.4379144399993495,0.010000587,-16.50177772,49.99706756,-33.49528997,0.1622092436448583,0.3
-0.1,0.083333333,0.009999554,1.436960793108483,0.009999554,-16.5407515,50.00223220383011,-33.46148078,0.1648380717247637,0.383333333
-0.1,-0.183333333,0.011700803,2.215558558631008,0.011700803,26.737465739487988,15.994643968009438,-42.73210968,0.050011244,0.116666667
-0.1,0.1666666666666666,0.009999457,1.429363494735894,0.009999457,-16.83801921,50.00271535014401,-33.16469623,0.2442732056539014,0.466666667
-0.1,-0.2,0.012268749,2.342074313902583,0.012268749,31.67429220233194,9.079658785,-40.75395101,0.050006359,0.1
-0.1,-0.066666667,0.010091654,1.6285350821316849,0.010091654,-9.065174208,49.54589178890372,-40.48071763,0.054130312,0.233333333
-0.1,0.1499999999999999,0.009999429,1.4303369315403274,0.009999429,-16.79997881,50.00285679897124,-33.20287809,0.2111591062175259,0.45
-0.1,-0.033333333,0.010011336,1.479595199498996,0.010011336,-14.86222735,49.94338256787377,-35.08115534,0.113842253,0.266666667
-0.1,0.2,0.009999429,1.4290243995970089,0.009999429,-16.8513357,50.00285559707089,-33.15151997,0.3045237276905593,0.5
-0.083333333,0.2,0.00999899,1.4324086629270552,0.00999899,-16.71967095,50.00505282106702,-33.28538193,0.1853814057259656,0.5
-0.083333333,0.05,0.00999939,1.4328007409724013,0.00999939,-16.7036674,50.003051554474695,-33.29938425,0.1827422023267071,0.35
-0.083333333,-0.183333333,0.011703058,2.2161594405785485,0.011703058,26.76477993031128,15.959096070224692,-42.72387606,0.050000542,0.116666667
-0.083333333,0.1833333333333333,0.009999039,1.4345035062991929,0.009999039,-16.63766564,50.00480580884446,-33.36714024,0.1735313792007116,0.483333333
-0.083333333,-0.033333333,0.010011457,1.4927991337264117,0.010011457,-14.35029026,49.94278079518628,-35.59249075,0.1060789300385628,0.266666667
-0.083333333,0.1333333333333333,0.009999176,1.433104711171813,0.009999176,-16.69213714,50.004122726895645,-33.31198568,0.1808330341284154,0.433333333
-0.083333333,0.1666666666666666,0.009999148,1.4340980147977878,0.009999148,-16.65333921,50.00425975538553,-33.35092064,0.1754506229939616,0.466666667
-0.083333333,0.066666667,0.009999381,1.4304552166772428,0.009999381,-16.79543088,50.00309455726049,-33.20766379,0.2052345261715308,0.366666667
-0.083333333,-0.166666667,0.011562974,2.1589340039825204,0.011562974,23.863738844801432,19.377732667921205,-43.24147155,0.050010596,0.133333333
-0.083333333,-0.15,0.011598575,2.093060784746095,0.011598575,19.795142356752297,23.31360091799491,-43.10874325,0.050007307,0.15
-0.083333333,-0.116666667,0.012019903,1.8757119482645288,0.012019903,0.7350641415574586,40.86260925308065,-41.59767343,0.05,0.183333333
-0.083333333,-0.066666667,0.01009147,1.6282094129991171,0.01009147,-9.077652785,49.546792998279315,-40.46914028,0.05422943,0.233333333
-0.083333333,-0.2,0.012277199,2.3444391321084233,0.012277199,31.762198812450663,8.963703602,-40.7259025,0.050002872,0.1
-0.083333333,-0.083333333,0.010238402,1.654838079194641,0.010238402,-7.95628363,48.83574569343875,-40.87946215,0.050025843,0.216666667
-0.083333333,0,0.010000401,1.4332941950234404,0.010000401,-16.68268243,49.99799555692495,-33.31531328,0.1804403357857584,0.3
-0.083333333,-0.1,0.010717764,1.7120669504624662,0.010717764,-5.573693957,46.65152330729989,-41.0778294,0.050003664,0.2
-0.083333333,0.083333333,0.0099994,1.429002619326072,0.0099994,-16.85223711,50.00300114043775,-33.15076417,0.254057791,0.383333333
-0.083333333,0.1166666666666666,0.009999294,1.429933929015572,0.009999294,-16.81597295,50.00353006805731,-33.18755721,0.214658018,0.416666667
-0.083333333,0.033333333,0.009999462,1.4347576124664383,0.009999462,-16.62702731,50.002691994788826,-33.37566482,0.172437823,0.333333333
-0.083333333,0.1499999999999999,0.009999168,1.4306711964343468,0.009999168,-16.78733822,50.00415844027108,-33.21682032,0.2021310096875955,0.45
-0.083333333,-0.133333333,0.011777609,1.9760500815035424,0.011777609,11.236224261657298,31.217215603803943,-42.4534399,0.050022116,0.166666667
-0.083333333,-0.016666667,0.010002936,1.4598349386685747,0.010002936,-15.64300517,49.98532344,-34.34231841,0.1280405735631589,0.283333333
-0.083333333,0.016666667,0.009999691,1.432798548427879,0.009999691,-16.70324908,50.001542497535986,-33.29829357,0.1829595597825028,0.316666667
-0.083333333,-0.05,0.01003479,1.5654321275466916,0.01003479,-11.52394608,49.82665064484298,-38.30270462,0.076453113,0.25
-0.083333333,0.1,0.009999254,1.4331471931214108,0.009999254,-16.69034511,50.00373131053216,-33.31338632,0.1805798343062395,0.4
-0.066666667,0.1,0.009999105,1.4333134582792086,0.009999105,-16.68409053,50.004473483417925,-33.32038305,0.1764112922229084,0.4
-0.066666667,0.083333333,0.009999161,1.4297424146685482,0.009999161,-16.82369029,50.00419513329064,-33.18050496,0.2066646344762727,0.383333333
-0.066666667,-0.016666667,0.010002722,1.4600186021167354,0.010002722,-15.63618946,49.98639563626186,-34.35020628,0.1273756599388234,0.283333333
-0.066666667,0,0.010000255,1.4328986527143015,0.010000255,-16.69839373,49.99872658161163,-33.30033297,0.179282379,0.3
-0.066666667,0.066666667,0.009999145,1.4330184674860738,0.009999145,-16.69556066,50.00427437478783,-33.30871382,0.1779509355271761,0.366666667
-0.066666667,0.1333333333333333,0.009999107,1.4288032556899546,0.009999107,-16.86053328,50.00446748325744,-33.14393432,0.2285474406573538,0.433333333
-0.066666667,0.1166666666666666,0.009999079,1.4312388293378238,0.009999079,-16.76528122,50.00460502225142,-33.23932389,0.1897471604061755,0.416666667
-0.066666667,-0.066666667,0.010091601,1.6280892153456248,0.010091601,-9.082080029,49.54615138020073,-40.46407147,0.054141118,0.233333333
-0.066666667,0.016666667,0.009999518,1.4340195387650008,0.009999518,-16.65579119,50.00240847,-33.3466174,0.1732090571620622,0.316666667
-0.066666667,-0.183333333,0.011706884,2.216747599,0.011706884,26.78778327565675,15.922131652572766,-42.70991494,0.05000018,0.116666667
-0.066666667,-0.116666667,0.01202281,1.8756421617167511,0.01202281,0.7247131105662987,40.86290392735049,-41.58761703,0.050003386,0.183333333
-0.066666667,0.1499999999999999,0.009999171,1.4281976159056833,0.009999171,-16.88412815,50.00414763313669,-33.12001955,0.2744699156233094,0.45
-0.066666667,-0.15,0.011600683,2.093054963435605,0.011600683,19.79117555604769,23.30973534906984,-43.10091089,0.050020243,0.15
-0.066666667,-0.05,0.010034816,1.5661938327001097,0.010034816,-11.49475715,49.82652291105684,-38.33176579,0.07601638,0.25
-0.066666667,-0.1,0.010717578,1.7117461663265772,0.010717578,-5.585122544,46.65233292916744,-41.06721036,0.05000231,0.2
-0.066666667,-0.166666667,0.011565442,2.159067728,0.011565442,23.866427999749476,19.36581538552865,-43.23224342,0.05004684,0.133333333
-0.066666667,-0.133333333,0.011779913,1.975923722,0.011779913,11.223727774536629,31.22140656284285,-42.44513431,0.05,0.166666667
-0.066666667,-0.083333333,0.010238192,1.6545641801628117,0.010238192,-7.966628568,48.83674977982547,-40.87012126,0.050005983,0.216666667
-0.066666667,0.2,0.009999152,1.4280625489079404,0.009999152,-16.88944656,50.00424236142704,-33.11479591,0.3509218949113649,0.5
-0.066666667,0.05,0.009999149,1.4348023545436877,0.009999149,-16.62579723,50.00425363511007,-33.37845651,0.1697812726658722,0.35
-0.066666667,0.1666666666666666,0.009999105,1.4281460037396554,0.009999105,-16.88625901,50.00447575451622,-33.11821685,0.2871871014948249,0.466666667
-0.066666667,-0.033333333,0.010010921,1.4877180951230566,0.010010921,-14.54789036,49.94545590460415,-35.39756566,0.1085891771768056,0.266666667
-0.066666667,-0.2,0.01228744,2.346787926196235,0.01228744,31.844423761785063,8.847534671417044,-40.69195845,0.050004866,0.1
-0.066666667,0.1833333333333333,0.009999158,1.428077591175528,0.009999158,-16.88884697,50.00421024747541,-33.11536339,0.3257031971759697,0.483333333
-0.066666667,0.033333333,0.009999275,1.434046753706789,0.009999275,-16.65513242,50.00362554319713,-33.34849323,0.1729783211471045,0.333333333
-0.05,-0.083333333,0.010238157,1.6534798196179692,0.010238157,-8.006966211,48.836915528884674,-40.82994931,0.050003316,0.216666667
-0.05,-0.1,0.010717409,1.7106133363866511,0.010717409,-5.62523141,46.65306628,-41.02783486,0.05000231,0.2
-0.05,-0.2,0.012305263,2.3489336790378865,0.012305263,31.897307335678903,8.735712191180706,-40.63301957,0.05000095,0.1
-0.05,-0.116666667,0.012033457,1.8753821695411197,0.012033457,0.6861257085806045,40.86469350412675,-41.55081923,0.05,0.183333333
-0.05,-0.183333333,0.011716671,2.2172424874007377,0.011716671,26.79208333352446,15.882152701275423,-42.67423604,0.050005529,0.116666667
-0.05,0.083333333,0.009999502,1.435185372250209,0.009999502,-16.6102361,50.002488742810975,-33.39225277,0.1620889241395491,0.383333333
-0.05,0.1499999999999999,0.009999353,1.4381099225940124,0.009999353,-16.49617418,50.00323489593303,-33.5070608,0.1545449834170603,0.45
-0.05,0.1,0.009999538,1.450714141215622,0.009999538,-16.00381097,50.002311529040995,-33.99850066,0.134688488,0.4
-0.05,-0.016666667,0.010003029,1.4535393544571704,0.010003029,-15.88809771,49.98485930303791,-34.09676174,0.1320324498780175,0.283333333
-0.05,-0.05,0.010034763,1.5607728285521472,0.010034763,-11.70240089,49.82678902586741,-38.12438818,0.077537935,0.25
-0.05,-0.166666667,0.011573078,2.159056528802305,0.011573078,23.850030002519844,19.35368932519208,-43.20371933,0.050025052,0.133333333
-0.05,0.2,0.009999307,1.4265773649668074,0.009999307,-16.94731994,50.00346706291375,-33.05614722,0.2381508227674696,0.5
-0.05,0.1833333333333333,0.009999371,1.426158041955913,0.009999371,-16.96362754,50.00314686,-33.03951942,0.2732886030996386,0.483333333
-0.05,0.1166666666666666,0.009999362,1.438136254546691,0.009999362,-16.49513006,50.00318899804794,-33.50805903,0.1544860823968069,0.416666667
-0.05,0.1666666666666666,0.009999343,1.4266437329608477,0.009999343,-16.94466092,50.003287474849046,-33.05862666,0.235107185,0.466666667
-0.05,0.1333333333333333,0.009999429,1.4313275810497206,0.009999429,-16.76122315,50.00285646,-33.24163342,0.1768734632076157,0.433333333
-0.05,-0.033333333,0.010011252,1.4850360986760915,0.010011252,-14.65135704,49.94380298469649,-35.29244607,0.1091640164289102,0.266666667
-0.05,-0.133333333,0.011788827,1.9756310671513029,0.011788827,11.19139227885846,31.22164943939746,-42.41304167,0.050000104,0.166666667
-0.05,-0.15,0.011608421,2.092879175192185,0.011608421,19.766807551330032,23.30537145,-43.07217898,0.050020243,0.15
-0.05,-0.066666667,0.010091428,1.6267702813140468,0.010091428,-9.132110404,49.547002742493895,-40.41489233,0.054228219,0.233333333
-0.05,0.016666667,0.009999857,1.4391936482295196,0.009999857,-16.45299935,50.00071507569336,-33.54771586,0.1522663415154778,0.316666667
-0.05,0.033333333,0.009999692,1.4331206731705617,0.009999692,-16.69065103,50.00154071458044,-33.31088981,0.1690410315726651,0.333333333
-0.05,0.066666667,0.009999595,1.439853621,0.009999595,-16.42764641,50.00202451925752,-33.57437822,0.1508564625832117,0.366666667
-0.05,0,0.010000563,1.4331087465385244,0.010000563,-16.68966377,49.99718591659742,-33.3075223,0.169520966,0.3
-0.05,0.05,0.009999665,1.429177275961826,0.009999665,-16.84495485,50.00167260005497,-33.15671789,0.1909475054482648,0.35
-0.033333333,-0.183333333,0.011748507,2.217545547,0.011748507,26.73576996665406,15.82282973740014,-42.55859973,0.050011221,0.116666667
-0.033333333,-0.166666667,0.011600104,2.158723695,0.011600104,23.775150322390616,19.327912487523257,-43.10306278,0.050027078,0.133333333
-0.033333333,0.2,0.009999576,1.4192781688498437,0.009999576,-17.23277183,50.00212159337455,-32.76934988,0.2757257304043572,0.5
-0.033333333,0.1833333333333333,0.009999608,1.4196200579967466,0.009999608,-17.21931726,50.001960772149445,-32.78264362,0.2478393279276746,0.483333333
-0.033333333,0.05,0.009999777,1.4375869615811272,0.009999777,-16.51591008,50.00111283585751,-33.4852029,0.1437185972575022,0.35
-0.033333333,0.1666666666666666,0.009999587,1.419539973104245,0.009999587,-17.22249115,50.002063270435166,-32.77957224,0.2526764133163688,0.466666667
-0.033333333,0.1499999999999999,0.009999583,1.426813476523448,0.009999583,-16.93760918,50.00208661958692,-33.06447752,0.1683118738463845,0.45
-0.033333333,0.083333333,0.009999689,1.441452726151346,0.009999689,-16.36503044,50.001557362163595,-33.636527,0.1383020917872085,0.383333333
-0.033333333,0.1333333333333333,0.009999576,1.4279009044826412,0.009999576,-16.895056,50.002119445216096,-33.10706353,0.1646019284046023,0.433333333
-0.033333333,0,0.010000824,1.443737695872097,0.010000824,-16.27395613,49.99588041302686,-33.72192442,0.1356436269559442,0.3
-0.033333333,0.1166666666666666,0.009999599,1.4381284000546906,0.009999599,-16.49504602,50.00200386108337,-33.50695792,0.1428934805918202,0.416666667
-0.033333333,0.066666667,0.009999767,1.426909448298871,0.009999767,-16.93354063,50.001166079025374,-33.06762559,0.1679672902376077,0.366666667
-0.033333333,0.1,0.009999703,1.441322370860384,0.009999703,-16.37009814,50.00148551403681,-33.63138746,0.1384689724623903,0.4
-0.033333333,-0.033333333,0.010011514,1.4951094737582211,0.010011514,-14.26076029,49.942498324458846,-35.68173818,0.1009639836921451,0.266666667
-0.033333333,-0.15,0.01163581,2.0921914462978597,0.01163581,19.67663307718685,23.29415993471048,-42.97079299,0.050038482,0.15
-0.033333333,-0.05,0.010034769,1.5512702294332077,0.010034769,-12.06658697,49.82675906349566,-37.76017213,0.079217819,0.25
-0.033333333,-0.066666667,0.010091419,1.623925793020779,0.010091419,-9.23970341,49.54704696618453,-40.30734364,0.053706322,0.233333333
-0.033333333,0.016666667,0.010000054,1.4290712149022136,0.010000054,-16.84845075,49.99973068555959,-33.15128008,0.1611901101056227,0.316666667
-0.033333333,-0.2,0.012351574,2.3510293581579216,0.012351574,31.87390972646608,8.606761007177482,-40.48067082,0.050004866,0.1
-0.033333333,-0.083333333,0.010237964,1.6495529917814715,0.010237964,-8.153132958,48.83783426561022,-40.6847013,0.05,0.216666667
-0.033333333,-0.1,0.01071661,1.706520084190292,0.01071661,-5.770302441,46.65654729092257,-40.88624479,0.05000231,0.2
-0.033333333,-0.116666667,0.012071691,1.874454412253933,0.012071691,0.5479478085847376,40.871269589776034,-41.41921737,0.050002411,0.183333333
-0.033333333,-0.016666667,0.010003246,1.4433512494557736,0.010003246,-16.28509809,49.983773268501544,-33.6986753,0.136465049,0.283333333
-0.033333333,0.033333333,0.009999861,1.4427743292070967,0.009999861,-16.31313799,50.00069605371311,-33.68755817,0.1366660964277183,0.333333333
-0.033333333,-0.133333333,0.011820819,1.9745754560094588,0.011820819,11.07512362469322,31.223128860381927,-42.29825249,0.050009836,0.166666667
-0.016666667,0.1833333333333333,0.009999576,1.4678990220836543,0.009999576,-15.33435527,50.00212173454256,-34.66776648,0.1035593881552551,0.483333333
-0.016666667,0.033333333,0.010000013,1.4109833046645237,0.010000013,-17.55732091,49.99993487726878,-32.44261413,0.1510411776042371,0.333333333
-0.016666667,0.016666667,0.010000198,1.4248300609090565,0.010000198,-17.01421598,49.99900899,-32.98479316,0.1321629646532652,0.316666667
-0.016666667,-0.083333333,0.010236846,1.6354534097039628,0.010236846,-8.678824448,48.84316881158126,-40.16434439,0.050037023,0.216666667
-0.016666667,0.066666667,0.009999928,1.4271582133176226,0.009999928,-16.92352996,50.00035909303005,-33.07682926,0.1298418001084348,0.366666667
-0.016666667,0.1166666666666666,0.009999802,1.4188089220826678,0.009999802,-17.25077277,50.00098884798507,-32.7502162,0.1389514341386363,0.416666667
-0.016666667,-0.2,0.012505596,2.3540243873127036,0.012505596,31.61690005531682,8.365201196083131,-39.98210127,0.05000095,0.1
-0.016666667,0,0.010000924,1.4122750318865722,0.010000924,-17.50503858,49.99537874577235,-32.49034034,0.1488625690228311,0.3
-0.016666667,-0.1,0.010713507,1.691918278779117,0.010713507,-6.288556481,46.670056711944035,-40.38150027,0.05000231,0.2
-0.016666667,0.1333333333333333,0.009999736,1.451303525260979,0.009999736,-15.98050862,50.0013223,-34.02081377,0.1122631892777618,0.433333333
-0.016666667,0.1499999999999999,0.009999666,1.426410850371311,0.009999666,-16.95322968,50.00167069863976,-33.04844111,0.1305548201961219,0.45
-0.016666667,-0.15,0.011733897,2.089524337350875,0.011733897,19.343844991275688,23.26774429330365,-42.6115893,0.050022116,0.15
-0.016666667,-0.066666667,0.01009086,1.608040687409812,0.01009086,-9.841638068,49.54979167362335,-39.70815368,0.054327322,0.233333333
-0.016666667,0.1666666666666666,0.009999565,1.423467538,0.009999565,-17.0686525,50.00217465305599,-32.93352223,0.1335441535072934,0.466666667
-0.016666667,0.05,0.010000013,1.4026515586188566,0.010000013,-17.88451782,49.999936873360696,-32.1154192,0.1743254645100873,0.35
-0.016666667,-0.116666667,0.012210107,1.871174254180935,0.012210107,0.05281532,40.89686542,-40.9496807,0.050002349,0.183333333
-0.016666667,0.2,0.009999547,1.4132890345212707,0.009999547,-17.46766563,50.002263810046465,-32.53459824,0.1469236074131838,0.5
-0.016666667,-0.133333333,0.011936111,1.9707781071614476,0.011936111,10.65938697910235,31.230303805943382,-41.88969076,0.050049251,0.166666667
-0.016666667,-0.05,0.01003433,1.535454627997919,0.01003433,-12.67420197,49.82893700849817,-37.15473506,0.078454517,0.25
-0.016666667,-0.166666667,0.011696022,2.1572308444337467,0.011696022,23.494160141987805,19.25541771811439,-42.74957787,0.05,0.133333333
-0.016666667,-0.033333333,0.010011162,1.4576290948274997,0.010011162,-15.71598266,49.94425277,-34.22827024,0.1094735790834114,0.266666667
-0.016666667,0.1,0.009999858,1.4261419857566149,0.009999858,-16.9634288,50.00070818671591,-33.03727949,0.1308184585231886,0.4
-0.016666667,-0.183333333,0.011859892,2.2174611394243664,0.011859892,26.48018021532266,15.678718002840611,-42.15889819,0.050002739,0.116666667
-0.016666667,0.083333333,0.009999855,1.4124419669408317,0.009999855,-17.50035989,50.00072289541404,-32.50036312,0.1483653503910503,0.383333333
-0.016666667,-0.016666667,0.010003278,1.4409084240628456,0.010003278,-16.38040978,49.98361523427064,-33.60320562,0.1190928074083568,0.283333333
0,-0.05,0.010033077,1.475398698148963,0.010033077,-14.99251515,49.83515800677723,-34.84264284,0.078690787,0.25
0,0.1166666666666666,0.009999224,1.3232405479483436,0.009999224,-21.02926785,50.003879009450145,-28.9746112,0.2264610173329465,0.416666667
0,0.1833333333333333,0.009999198,1.3209130996227645,0.009999198,-21.12217965,50.004012023109375,-28.88183244,0.2842529289570114,0.483333333
0,0.2,0.009999176,1.3203470416570915,0.009999176,-21.14481624,50.00412178152881,-28.85930557,0.3065523194312074,0.5
0,-0.116666667,0.012196045,1.818369302048141,0.012196045,-1.612211405,40.996898228856864,-39.38468679,0.050000022,0.183333333
0,0.033333333,0.00999934,1.3251216665344805,0.00999934,-20.95400945,50.00330132846235,-29.04929196,0.2022263122896845,0.333333333
0,-0.066666667,0.010089036,1.5545929330305923,0.010089036,-11.87497661,49.55874803765078,-37.68377144,0.056094495,0.233333333
0,-0.016666667,0.010002543,1.3251058910205906,0.010002543,-20.94792851,49.987289650628576,-29.03936125,0.2064854445994603,0.283333333
0,-0.083333333,0.010232942,1.588758811277447,0.010232942,-10.42621983,48.86180331,-38.43558348,0.05,0.216666667
0,0.1499999999999999,0.009999215,1.3207285157522215,0.009999215,-21.12950842,50.00392373012353,-28.87441539,0.2908855365275974,0.45
0,0,0.010000152,1.3253624076875206,0.010000152,-20.94271089,49.99924184,-29.05653105,0.2009177017045986,0.3
0,0.1666666666666666,0.009999198,1.3217311206457003,0.009999198,-21.08953825,50.004010693104625,-28.91447252,0.2593766666190601,0.466666667
0,0.1333333333333333,0.009999239,1.321614512932306,0.009999239,-21.09410406,50.00380504173928,-28.90970105,0.2625663231011571,0.433333333
0,0.05,0.009999283,1.3240480355341568,0.009999283,-20.99693883,50.00358364766422,-29.00664489,0.2143066326326837,0.35
0,-0.15,0.012066322,2.080355392615285,0.012066322,18.24275061051613,23.194896622350612,-41.43764722,0.050005529,0.15
0,-0.2,0.013035713,2.3618405669748697,0.013035713,30.669322781895275,7.686845167792395,-38.35616795,0.050008041,0.1
0,-0.133333333,0.012332999,1.9574167928137247,0.012332999,9.233154262,31.308485478821453,-40.54163972,0.050006984,0.166666667
0,0.083333333,0.009999276,1.3247401461095398,0.009999276,-20.96935614,50.00362261,-29.03426652,0.2060267581869416,0.383333333
0,0.016666667,0.009999511,1.3247608295511772,0.009999511,-20.96803721,50.00244406382849,-29.03440692,0.2061336458044131,0.316666667
0,0.066666667,0.009999185,1.3228269808381317,0.009999185,-21.04584646,50.00407435967743,-28.95822798,0.2340582458487122,0.366666667
0,-0.183333333,0.012240152,2.2167104525258847,0.012240152,25.618798823058555,15.230367280571729,-40.84916606,0.050005529,0.116666667
0,-0.1,0.010702041,1.6431912296325624,0.010702041,-8.025997812,46.72005982593138,-38.69406201,0.050002248,0.2
0,-0.033333333,0.010010387,1.373152577779316,0.010010387,-19.02698511,49.94811661038788,-30.92113162,0.1183420981358776,0.266666667
0,-0.166666667,0.012019768,2.152082582419715,0.012019768,22.571543838291205,19.02659707,-41.59814089,0.05,0.133333333
0,0.1,0.00999926,1.3234523481201734,0.00999926,-21.02074487,50.003699968482174,-28.98295518,0.2229523317725468,0.4
0.016666667,-0.016666667,0.010001977,1.1519292209131309,0.010001977,-27.99915734,49.990115330581446,-21.99095809,0.1719887732663639,0.283333333
0.016666667,0,0.010000012,1.1529281376972462,0.010000012,-27.96296925,49.99993829156016,-22.03696913,0.1681131509073303,0.3
0.016666667,-0.066666667,0.01008203,1.4019471896042557,0.01008203,-17.76648357,49.59318585827996,-31.82670227,0.06026177,0.233333333
0.016666667,0.1499999999999999,0.009999231,1.152549052819285,0.009999231,-27.98097609,50.00384734,-22.02287129,0.1690152686727705,0.45
0.016666667,0.05,0.009999403,1.1502703367453215,0.009999403,-28.07563456,50.00298436978026,-21.92734989,0.1769746392994597,0.35
0.016666667,0.1333333333333333,0.009999223,1.152396054960806,0.009999223,-27.9873845,50.00388775853434,-22.01650331,0.1694903344014921,0.433333333
0.016666667,0.1666666666666666,0.009999215,1.1511767928685448,0.009999215,-28.03830772,50.00392706499744,-21.96561939,0.1735604108875086,0.466666667
0.016666667,0.2,0.009999199,1.1492057476376774,0.009999199,-28.12068449,50.004007790821355,-21.88332332,0.1814827013263802,0.5
0.016666667,-0.166666667,0.012942057,2.137501260571826,0.012942057,20.191116,18.44261806992332,-38.63373407,0.050024439,0.133333333
0.016666667,-0.133333333,0.01354711,1.918638678134526,0.01354711,5.2137903224194275,31.69445139172747,-36.90824169,0.050002411,0.166666667
0.016666667,-0.083333333,0.010218035,1.460040044232821,0.010218035,-15.30588729,48.93308546437101,-33.62719812,0.050039312,0.216666667
0.016666667,0.083333333,0.009999333,1.1519129746900263,0.009999333,-28.00724003,50.00333545004122,-21.99609549,0.1710406185942286,0.383333333
0.016666667,0.016666667,0.009999548,1.1544255690287484,0.009999548,-27.90179518,50.00225863,-22.10046353,0.1637814520210034,0.316666667
0.016666667,0.1,0.009999368,1.1527012083400374,0.009999368,-27.97424079,50.003159107806916,-22.02891839,0.1685504151181482,0.4
0.016666667,-0.15,0.013024194,2.0525869893524207,0.013024194,15.25414465162818,23.135947791808537,-38.39009244,0.050001669,0.15
0.016666667,-0.033333333,0.01000843,1.1974916165622782,0.01000843,-26.09486326,49.95788349648851,-23.86302032,0.1180482383478119,0.266666667
0.016666667,0.1833333333333333,0.009999134,1.1527477558971786,0.009999134,-27.97295445,50.00433228990296,-22.03137786,0.1684090056152171,0.483333333
0.016666667,-0.2,0.014720509,2.388516043,0.014720509,28.170007448660613,5.796208595088167,-33.96621599,0.05,0.1
0.016666667,-0.116666667,0.01207719,1.668053988409179,0.01207719,-6.328725387,41.40035900033023,-35.07163361,0.05,0.183333333
0.016666667,-0.05,0.010028608,1.2898794040992758,0.010028608,-22.29911464,49.857366329689256,-27.55825168,0.085386147,0.25
0.016666667,0.066666667,0.009999315,1.152844638950818,0.009999315,-27.96840261,50.003422976020914,-22.03502044,0.1681197545394688,0.366666667
0.016666667,0.1166666666666666,0.009999312,1.152915700402949,0.009999312,-27.96544805,50.003442548597455,-22.03799457,0.1679062717982901,0.416666667
0.016666667,-0.1,0.01065883,1.5089289853698782,0.01065883,-12.89268528,46.90946256992969,-34.01677725,0.05,0.2
0.016666667,-0.183333333,0.013379036,2.216812376331477,0.013379036,23.442823970358777,13.929076878934325,-37.37190083,0.050000022,0.116666667
0.016666667,0.033333333,0.009999426,1.152713348969595,0.009999426,-27.97357221,50.00286971105039,-22.02929757,0.168532473,0.333333333
0.033333333,0.1,0.009999339,0.9094188576133636,0.009999339,-38.73170826,50.00330310268466,-11.27159486,0.1785113425665054,0.4
0.033333333,-0.066666667,0.010060341,1.0845182349113875,0.010060341,-30.66885589,49.70010576286975,-19.03124988,0.072329459,0.233333333
0.033333333,0.1499999999999999,0.009999317,0.9151378718974243,0.009999317,-38.45898465,50.00341333958008,-11.5444287,0.1584243472114076,0.45
0.033333333,-0.116666667,0.01169941,1.3771825811518863,0.01169941,-16.14407713,42.73719640105146,-26.59311923,0.05,0.183333333
0.033333333,-0.1,0.010529039,1.254137019649766,0.010529039,-22.60863566,47.48771311073181,-24.87907742,0.05,0.2
0.033333333,0.1666666666666666,0.009999243,0.9145543381894304,0.009999243,-38.48704441,50.00378746353904,-11.51674305,0.1600546927561381,0.466666667
0.033333333,-0.033333333,0.010004659,0.9326638541570575,0.010004659,-37.61126017,49.97671339298961,-12.36545324,0.1298679980280704,0.266666667
0.033333333,0.1833333333333333,0.009999291,0.8985574646204383,0.009999291,-39.25397844,50.003544609925136,-10.74956621,0.2415346118783206,0.483333333
0.033333333,0,0.009999776,0.9154392592533545,0.009999776,-38.44288496,50.00112214005824,-11.55823722,0.1577185579833764,0.3
0.033333333,-0.083333333,0.010174221,1.216785998,0.010174221,-24.89161037,49.14381132397285,-24.25220093,0.050164055,0.216666667
0.033333333,-0.166666667,0.014927124,2.106864823163487,0.014927124,16.056072485942934,17.439998981314606,-33.49607148,0.050000384,0.133333333
0.033333333,0.016666667,0.009999406,0.9199511681706334,0.009999406,-38.23011261,50.00297076282726,-11.77285819,0.1473805227253979,0.316666667
0.033333333,0.066666667,0.009999358,0.8959115133413373,0.009999358,-39.38171932,50.00320991,-10.62149065,0.2575252903592263,0.366666667
0.033333333,0.033333333,0.009999384,0.9196717038359612,0.009999384,-38.24343704,50.003077821553845,-11.75964084,0.1479132439473871,0.333333333
0.033333333,-0.183333333,0.016181024,2.231244068,0.016181024,19.942836,10.957557692494188,-30.90039367,0.050008277,0.116666667
0.033333333,0.1166666666666666,0.009999284,0.9098400817740598,0.009999284,-38.71178286,50.00358199015248,-11.29179916,0.1766647590029729,0.416666667
0.033333333,-0.05,0.010018128,0.9879073026203524,0.010018128,-35.02845434,49.90952548721387,-14.88107119,0.097314218,0.25
0.033333333,-0.15,0.01515696,1.984256586622252,0.01515696,9.244057808,23.74408713785665,-32.98814493,0.050002411,0.15
0.033333333,0.05,0.009999306,0.9088170536239676,0.009999306,-38.76062863,50.00347204,-11.24284348,0.1812712995787461,0.35
0.033333333,0.2,0.009999274,0.90919552,0.009999274,-38.74264312,50.00362914,-11.26098603,0.1795177501564146,0.5
0.033333333,-0.2,0.019330841,2.4733434207891687,0.019330841,23.82173645529691,2.0436668100664974,-25.8654033,0.05000018,0.1
0.033333333,-0.133333333,0.014978968,1.7333046263991252,0.014978968,-3.451784052,33.38013622849824,-29.92835218,0.05,0.166666667
0.033333333,0.1333333333333333,0.0099993,0.9014131758811292,0.0099993,-39.11615633,50.00349843,-10.8873421,0.2239413842880454,0.433333333
0.033333333,0.083333333,0.009999346,0.9015980841483108,0.009999346,-39.10706887,50.00326982305961,-10.89620104,0.2227898431258238,0.383333333
0.033333333,-0.016666667,0.01000085,0.9135860323222992,0.01000085,-38.52696885,49.99575239639798,-11.46878363,0.1633998420675176,0.283333333
0.05,0.2,0.009999205,0.7276692485092224,0.009999205,-48.60681,50.003977212900246,-1.397167258,0.3306266766812589,0.5
0.05,-0.166666667,0.019345218,2.041828559464973,0.019345218,9.824254594918315,16.021925658628287,-25.84618025,0.05000126,0.133333333
0.05,0.033333333,0.00999922,0.7472111504725971,0.00999922,-47.36580737,50.003900332966744,-2.638092986,0.2309744090049566,0.333333333
0.05,0.1666666666666666,0.009999246,0.7683594481401758,0.009999246,-46.09554146,50.00377025295143,-3.908228793,0.1460726560665248,0.466666667
0.05,-0.066666667,0.010029595,0.8072306152336699,0.010029595,-43.77537816,49.852461819177165,-6.077083669,0.094035796,0.233333333
0.05,0,0.009999483,0.7534999839502814,0.009999483,-46.97977509,50.002585170302446,-3.022810127,0.2056704880599725,0.3
0.05,-0.116666667,0.011058513,1.036179103720945,0.011058513,-29.79404002,45.21403755993605,-15.41999756,0.05,0.183333333
0.05,-0.05,0.010007941,0.7829710226299192,0.010007941,-45.21432516,49.96032512138802,-4.745999996,0.1160671652515105,0.25
0.05,0.1833333333333333,0.009999284,0.7275990237429574,0.009999284,-48.61101954,50.00357843565511,-1.392558914,0.3313297812992442,0.483333333
0.05,-0.15,0.019097471,1.8080630313775257,0.019097471,-1.232303653,26.181477471622316,-24.94917387,0.050002411,0.15
0.05,0.083333333,0.009999255,0.7652993604161844,0.009999255,-46.27526542,50.00372506242666,-3.728459691,0.1565886599432034,0.383333333
0.05,-0.133333333,0.013373258,1.2605028836841914,0.013373258,-17.60754399,37.38804651622091,-19.78050253,0.05,0.166666667
0.05,0.05,0.009999269,0.7535057482922446,0.009999269,-46.98043267,50.00365735997156,-3.023224732,0.2055676295816264,0.35
0.05,-0.016666667,0.009999855,0.7678457617511824,0.009999855,-46.1228222,50.00072610420316,-3.877903926,0.147860208,0.283333333
0.05,0.1166666666666666,0.009999268,0.7502272480818728,0.009999268,-47.18022895,50.00365818805853,-2.823429288,0.2189303999300995,0.416666667
0.05,0.1,0.009999236,0.7530812305447803,0.009999236,-47.00635879,50.00381888810728,-2.997460121,0.2073196143642502,0.4
0.05,-0.2,0.027889434,2.5134690922171457,0.027889434,17.927936519920266,-1.820558564,-16.10737791,0.05,0.1
0.05,0.1499999999999999,0.009999233,0.7532260584793068,0.009999233,-46.99757777,50.00383518586898,-3.006257435,0.2067223511094293,0.45
0.05,-0.033333333,0.010001751,0.7757267201130899,0.010001751,-45.65633061,49.991245823758746,-4.334915235,0.1276722917936259,0.266666667
0.05,-0.083333333,0.010101456,0.8875967166893947,0.010101456,-39.38402326,49.49781457888562,-10.11379132,0.06377703,0.216666667
0.05,-0.183333333,0.023315833,2.282422175721925,0.023315833,15.176787543084998,6.267867275,-21.44465481,0.050001118,0.116666667
0.05,0.016666667,0.009999214,0.7682909849135156,0.009999214,-46.09969727,50.00393039069195,-3.904233146,0.1462969569279758,0.316666667
0.05,0.1333333333333333,0.009999253,0.7755094509666609,0.009999253,-45.68025438,50.00373506049648,-4.323480663,0.1277740813539848,0.433333333
0.05,0.066666667,0.009999237,0.7443276455627544,0.009999237,-47.54436235,50.003813030245155,-2.45945073,0.2424030239039088,0.366666667
0.05,-0.1,0.010320691,0.9674134099563448,0.010320691,-34.90221842,48.446368042411784,-13.54414966,0.050089375,0.2
0.066666667,0.016666667,0.009210042,0.5951330582095897,0.009210042,-54.28856663,49.99014022084917,4.298426399626763,0.4632305426654126,0.316666667
0.066666667,-0.083333333,0.009475009,0.5996597492411002,0.009475009,-52.77039781,48.76108635708287,4.0093114312061395,0.3147929038776291,0.216666667
0.066666667,-0.05,0.009262555,0.5976436147725711,0.009262555,-53.98078536,49.802556660611366,4.178228698464611,0.3743404416769339,0.25
0.066666667,0,0.009213485,0.5954079671398131,0.009213485,-54.26828147,49.98201037469384,4.286271050769113,0.4404021562505385,0.3
0.066666667,0.083333333,0.00920667,0.5949734304698875,0.00920667,-54.30845369,50.00232263462096,4.306130979,0.49193479,0.383333333
0.066666667,-0.033333333,0.009234275,0.5965058516921848,0.009234275,-54.14609966,49.91151369465446,4.234586029326536,0.3995577872012879,0.266666667
0.066666667,-0.183333333,0.047895994,2.3176002947126504,0.047895994,7.819728591642928,2.619557853543295,-10.43928644,0.05,0.116666667
0.066666667,0.1833333333333333,0.00920659,0.5949767848813033,0.00920659,-54.30892154,50.00288221010499,4.306039262874847,0.4976762434186952,0.483333333
0.066666667,-0.15,0.017236049,1.169139523393651,0.017236049,-15.83214817,29.008968573240033,-13.17682041,0.050005983,0.15
0.066666667,-0.066666667,0.009325142,0.598929756,0.009325142,-53.61848468,49.51706156,4.1014230967886895,0.3473265653119761,0.233333333
0.066666667,-0.2,0.046737974,2.4730125190797696,0.046737974,10.697939201617174,-2.774887393,-7.923051731,0.050002411,0.1
0.066666667,-0.016666667,0.009220414,0.5957187558859829,0.009220414,-54.22749879,49.956365924664595,4.271132839023817,0.4251172712526433,0.283333333
0.066666667,-0.133333333,0.012121923,0.9020308907566112,0.012121923,-32.24213291,41.247579291992494,-9.005446369,0.050002411,0.166666667
0.066666667,-0.1,0.009867104,0.5984212886170347,0.009867104,-50.6734272,46.77906035352264,3.894366822474499,0.2742624642143419,0.2
0.066666667,0.1499999999999999,0.009206583,0.5949852136098486,0.009206583,-54.30896816,50.00324881396578,4.305719275319493,0.4919434980325533,0.45
0.066666667,0.033333333,0.009208092,0.5950461688846932,0.009208092,-54.30006329,49.99739039,4.302672851724868,0.4738705990588926,0.333333333
0.066666667,0.1666666666666666,0.009206642,0.5949824262848974,0.009206642,-54.30861825,50.00281961,4.305798568475836,0.493689073,0.466666667
0.066666667,0.1333333333333333,0.009206656,0.5949852535800244,0.009206656,-54.30853731,50.00285366239304,4.305683585715492,0.491935389,0.433333333
0.066666667,0.066666667,0.009206839,0.59496403,0.009206839,-54.30745447,50.00104165460616,4.306412731872545,0.4936734753562696,0.366666667
0.066666667,0.1,0.00920663,0.5949704512763818,0.00920663,-54.3086894,50.002425267234685,4.306264089584118,0.4977152664459276,0.4
0.066666667,-0.116666667,0.010609711,0.816035543,0.010609711,-40.93474897,47.12663550386107,-6.191886548,0.05,0.183333333
0.066666667,-0.166666667,0.035978825,1.857103060626008,0.035978825,-0.142804562,13.897062991832213,-13.7542584,0.05,0.133333333
0.066666667,0.05,0.009207295,0.5950091080167922,0.009207295,-54.30476522,50.00029663507762,4.304468542310953,0.4790679387842981,0.35
0.066666667,0.1166666666666666,0.00920666,0.5949753504497045,0.00920666,-54.30851156,50.00244966201967,4.306061850327968,0.4977174286761693,0.416666667
0.066666667,0.2,0.009206576,0.5949767611088127,0.009206576,-54.30900535,50.002958459882905,4.30604682,0.4977004728464361,0.5
0.083333333,0.1333333333333333,0.00850361,0.4955578369809321,0.00850361,-58.79855924,50.00301837124585,8.795540790403734,0.4934561718054494,0.433333333
0.083333333,-0.016666667,0.008514326,0.4960410510737692,0.008514326,-58.72455184,49.96014686,8.764405008135096,0.4178286082531621,0.283333333
0.083333333,0.05,0.008504191,0.4955425719391145,0.008504191,-58.79453866,49.99896461,8.795574005467895,0.4897921568097893,0.35
0.083333333,-0.15,0.018042472,0.7115662363552006,0.018042472,-27.53923005,27.712388759104563,-0.173158731,0.05,0.15
0.083333333,-0.183333333,0.219712883,1.8784652254884069,0.219712883,0.06180032,2.2138968953177773,-2.275697256,0.05,0.116666667
0.083333333,0,0.008509053,0.495793492,0.008509053,-58.7609443,49.98082174225621,8.780122560546374,0.4397527928149682,0.3
0.083333333,0.1166666666666666,0.008503655,0.4955562775956683,0.008503655,-58.79824326,50.002684826413294,8.795558357407497,0.4934603501643693,0.416666667
0.083333333,0.066666667,0.008503784,0.495537935,0.008503784,-58.79735647,50.001168065918826,8.796188319042201,0.4934670351455439,0.366666667
0.083333333,0.033333333,0.008504923,0.4956281443521333,0.008504923,-58.78947943,49.99821950579731,8.791259860477336,0.4640032425235985,0.333333333
0.083333333,0.1,0.00850364,0.495551409,0.00850364,-58.79834649,50.00257018201728,8.795776219817036,0.4934536984094252,0.4
0.083333333,-0.166666667,0.042935285,0.8030529630143199,0.042935285,-10.27882585,11.64543341944418,-1.366607596,0.05,0.133333333
0.083333333,0.2,0.008503656,0.4955503905812289,0.008503656,-58.79823899,50.00243644328237,8.795802494639855,0.4996548062788518,0.5
0.083333333,-0.083333333,0.008717581,0.488949816,0.008717581,-57.35536232,48.50770866,8.847653607977826,0.309592958,0.216666667
0.083333333,-0.05,0.008546592,0.4965793821518885,0.008546592,-58.50285066,49.79380321888393,8.709047413114014,0.3692426834836899,0.25
0.083333333,-0.033333333,0.008524558,0.4964142330194532,0.008524558,-58.65406762,49.91565970494288,8.738407884564442,0.3935033923534486,0.266666667
0.083333333,0.1833333333333333,0.008503596,0.4955638538772738,0.008503596,-58.79865563,50.00335052601994,8.795305059483148,0.4897721689221513,0.483333333
0.083333333,-0.066666667,0.008596357,0.4957247869365833,0.008596357,-58.16417594,49.47039740669703,8.693778525824776,0.3395835477416949,0.233333333
0.083333333,-0.116666667,0.009822723,0.4151605880013258,0.009822723,-50.90238129,40.39423964965204,10.508141664724524,0.216428638,0.183333333
0.083333333,-0.1,0.009029253,0.4658090366537706,0.009029253,-55.37556555,45.92720541090477,9.448360166332524,0.269211403,0.2
0.083333333,0.1499999999999999,0.008503581,0.4955581652514765,0.008503581,-58.79875585,50.00319922626201,8.795556557042904,0.4934597271499802,0.45
0.083333333,-0.133333333,0.011847553,0.4253518625142714,0.011847553,-42.20280771,33.794707999910635,8.408099726057316,0.1343850733711225,0.166666667
0.083333333,0.1666666666666666,0.008503651,0.4955582114597021,0.008503651,-58.79827354,50.00279098170013,8.795482486660053,0.4934812668517864,0.466666667
0.083333333,-0.2,0.1277699326117855,2.4608160629164852,0.1277699326117855,3.913283725445965,-1.304075102,-2.609208656,0.05,0.1
0.083333333,0.016666667,0.008506192,0.4956354695210759,0.008506192,-58.78070652,49.99106294103977,8.789643511068796,0.4621343902529649,0.316666667
0.083333333,0.083333333,0.008503662,0.4955436143344494,0.008503662,-58.79820114,50.00212251810045,8.796078556853008,0.4934574915316356,0.383333333
0.1,0.066666667,0.007902525,0.4104894279864389,0.007902525,-63.27091935,50.000467742921415,13.270451591381423,0.4944948350571307,0.366666667
0.1,0.1499999999999999,0.007902294,0.4105033847990978,0.007902294,-63.27276961,50.002554374663944,13.270215240538366,0.4944991346277917,0.45
0.1,0.083333333,0.007902351,0.4104942426392942,0.007902351,-63.27230776,50.00178035954139,13.270527391808947,0.4944796482693937,0.383333333
0.1,-0.1,0.008443768,0.364194856,0.008443768,-59.2152728,44.85702892899358,14.358243855465613,0.2526689037218983,0.2
0.1,0.1,0.007902305,0.4104988650484159,0.007902305,-63.2726808,50.00228195836843,13.27039881619045,0.4944652437620446,0.4
0.1,0.1666666666666666,0.007902222,0.4105035451555796,0.007902222,-63.27333995,50.00301225883115,13.270327672162493,0.4944777078173856,0.466666667
0.1,0.1166666666666666,0.007902281,0.4105018893973254,0.007902281,-63.27287397,50.00256993,13.270304016474784,0.4944628911267106,0.416666667
0.1,-0.083333333,0.008104688,0.3977587043329275,0.008104688,-61.69268667,48.19789738619807,13.49478921348311,0.2934397980960596,0.216666667
0.1,0.05,0.007902808,0.4105082328356637,0.007902808,-63.26864763,49.999513776419384,13.269133832729157,0.4783329165824389,0.35
0.1,0,0.007906208,0.4106192684848234,0.007906208,-63.24144527,49.982981805316705,13.258463407877873,0.4330627385009463,0.3
0.1,-0.2,1982772.7776630817,1.8313905985208656,1982772.7776630817,-5.15E-10,2.581239364474186e-07,-2.46E-07,0.4858119335000634,0.1
0.1,-0.05,0.007935765,0.4105690811061172,0.007935765,-63.0058995,49.794581848433936,13.211317552425726,0.3538793045448183,0.25
0.1,-0.066666667,0.007981184,0.4079354912359041,0.007981184,-62.64734666,49.39454802927885,13.252798558790316,0.3279561746903341,0.233333333
0.1,0.1333333333333333,0.007902287,0.4104992897933426,0.007902287,-63.27282151,50.002412166881065,13.270409327611484,0.4986412890196543,0.433333333
0.1,-0.016666667,0.007909797,0.4107594309419999,0.007909797,-63.21274508,49.96656356275345,13.246181452268347,0.4071501350486193,0.283333333
0.1,-0.166666667,0.031621775,0.2205010100988365,0.031621775,-15.81188907,10.371298858381884,5.440590223453206,0.050006256,0.133333333
0.1,0.016666667,0.007904288,0.4106152850476255,0.007904288,-63.25680666,49.99494450390492,13.26186205136391,0.4407194192108977,0.316666667
0.1,-0.183333333,0.1125941896908753,0.1937155189800011,0.1125941896908753,-4.440726514,2.828643095709264,1.6120833565376564,0.05,0.116666667
0.1,-0.116666667,0.009257236,0.2945009772261238,0.009257236,-54.01179943,38.253513300704086,15.758286078160676,0.1947948211295674,0.183333333
0.1,0.2,0.007902198,0.4104999755571117,0.007902198,-63.27353714,50.00300839691241,13.270528746492223,0.4986958890885559,0.5
0.1,-0.15,0.014969372,0.3020733574200575,0.014969372,-33.40153575,23.83527310973372,9.566262662,0.050002411,0.15
0.1,0.1833333333333333,0.007902209,0.4104999507784853,0.007902209,-63.27345051,50.002938822202154,13.270511683432495,0.4986672423309084,0.483333333
0.1,-0.033333333,0.007917781,0.4108498120449751,0.007917781,-63.14900431,49.92021543675646,13.228788849313592,0.3820212088230367,0.266666667
0.1,-0.133333333,0.010541481,0.4146153544727241,0.010541481,-47.43166724,37.621723137298375,9.809944137013094,0.050002411,0.166666667
0.1,0.033333333,0.007903425,0.4105263680650667,0.007903425,-63.26371476,49.99642673103797,13.267288021365207,0.4666785490805373,0.333333333
0.1166666666666666,-0.116666667,0.008380474,0.3250344514348029,0.008380474,-59.66249382,43.54372038963922,16.11877345836416,0.050002411,0.183333333
0.1166666666666666,-0.2,0.3283154496625077,0.2249557521143854,0.3283154496625077,-1.52292558,0.5192144733067785,1.0037111270700123,0.05,0.1
0.1166666666666666,-0.133333333,0.009823394,0.2419076642499119,0.009823394,-50.89890714,34.15594324096569,16.74296394700896,0.050002411,0.166666667
0.1166666666666666,-0.083333333,0.007640745,0.3277489106527199,0.007640745,-65.43864771,47.88495796341891,17.553689658493216,0.274421704,0.216666667
0.1166666666666666,-0.15,0.014017249,0.1418262853470453,0.014017249,-35.67033693,21.41241559143974,14.257921364791615,0.050002411,0.15
0.1166666666666666,-0.066666667,0.007503547,0.3399821821176177,0.007503547,-66.63515171,49.33691327644248,17.298238375187182,0.3063114151048207,0.233333333
0.1166666666666666,0.016666667,0.007432344,0.3438911062585033,0.007432344,-67.27352696,49.99551449227468,17.278012380474735,0.436151159,0.316666667
0.1166666666666666,-0.016666667,0.00743623,0.3439727024011898,0.00743623,-67.23837075,49.97326698778151,17.265103657873237,0.3885439650367726,0.283333333
0.1166666666666666,-0.1,0.007910588,0.363006249,0.007910588,-63.20642475,47.827301739324035,15.379123062985908,0.050000022,0.2
0.1166666666666666,0.033333333,0.007431804,0.3439069930434172,0.007431804,-67.27841824,49.99990531002344,17.278512830214186,0.4376695357679348,0.333333333
0.1166666666666666,-0.05,0.007458152,0.3431257248987311,0.007458152,-67.04073368,49.78622718466718,17.25450643969023,0.3379989873218856,0.25
0.1166666666666666,0.1666666666666666,0.007430945,0.343853619,0.007430945,-67.2861919,50.0031431,17.28304872743308,0.4936262613648033,0.466666667
0.1166666666666666,0,0.007433613,0.3439282991048816,0.007433613,-67.26204658,49.98875160407274,17.273294913709595,0.4140314638901974,0.3
0.1166666666666666,0.1833333333333333,0.00743098,0.3438536989149034,0.00743098,-67.28587751,50.002913251010945,17.28296418455392,0.4936499515007307,0.483333333
0.1166666666666666,0.083333333,0.007431053,0.3438535959857454,0.007431053,-67.28521439,50.00241554308271,17.282798733358756,0.4847454068228956,0.383333333
0.1166666666666666,0.05,0.007431359,0.3438448374292172,0.007431359,-67.28244688,49.999942193169424,17.282504567970623,0.4816207925888696,0.35
0.1166666666666666,-0.183333333,0.080834573,0.01316569,0.080834573,-6.185472195,3.1503200375308076,3.035152129292719,0.05,0.116666667
0.1166666666666666,0.1499999999999999,0.007431034,0.3438583859785389,0.007431034,-67.2853878,50.00277232117237,17.282615389085425,0.4847640386864421,0.45
0.1166666666666666,-0.033333333,0.007442354,0.3438738304505825,0.007442354,-67.18304774,49.92745256108164,17.255595096414634,0.3639313861344643,0.266666667
0.1166666666666666,0.1333333333333333,0.007430998,0.3438531275592771,0.007430998,-67.28571406,50.00276459520777,17.28294937985134,0.4936279065111143,0.433333333
0.1166666666666666,0.2,0.007430989,0.3438606835077558,0.007430989,-67.28579562,50.003184692758886,17.282610814641817,0.4816621151484305,0.5
0.1166666666666666,0.1,0.007431024,0.3438561706741327,0.007431024,-67.28548084,50.00273605729609,17.28274467994057,0.4847354189690456,0.4
0.1166666666666666,0.1166666666666666,0.007431004,0.3438543945631116,0.007431004,-67.28565822,50.00278338891671,17.282874761083598,0.4898926398792825,0.416666667
0.1166666666666666,0.066666667,0.007431176,0.3438545982463674,0.007431176,-67.28410064,50.00163556915115,17.28246498534617,0.4788129024553806,0.366666667
0.1166666666666666,-0.166666667,0.027940547,0.075406707,0.027940547,-17.89513981,9.901749399576929,7.9933904452457725,0.05,0.133333333
0.1333333333333333,0.1333333333333333,0.007112947,0.2988653085873102,0.007112947,-70.29435512,50.00246152236967,20.291893481933062,0.4744315916849796,0.433333333
0.1333333333333333,-0.05,0.007136206,0.2978378581729358,0.007136206,-70.06524352,49.78858405757607,20.27665938308837,0.3100544764231176,0.25
0.1333333333333333,-0.016666667,0.007116497,0.2988630550442887,0.007116497,-70.25928246,49.97740134766407,20.28188100904882,0.3691493406130834,0.283333333
0.1333333333333333,0.1833333333333333,0.007112942,0.2988705567093649,0.007112942,-70.29440285,50.00275634931806,20.29164641033315,0.4617063380441414,0.483333333
0.1333333333333333,0.1,0.007112941,0.2988722527143095,0.007112941,-70.29441291,50.002847832067474,20.291565041219897,0.4557689925875557,0.4
0.1333333333333333,-0.133333333,0.009540621,0.1688052031217121,0.009540621,-52.40748966,32.45927594757003,19.948213726045708,0.050002411,0.166666667
0.1333333333333333,0.083333333,0.007112973,0.2988618440198423,0.007112973,-70.29409131,50.00210168045222,20.29198955683095,0.4757131512186264,0.383333333
0.1333333333333333,0.1666666666666666,0.00711297,0.298867274,0.00711297,-70.29412165,50.00239317648293,20.291728398422908,0.4696829857583516,0.466666667
0.1333333333333333,-0.083333333,0.007210559,0.293737925,0.007210559,-69.34275376,49.07414967234402,20.26860409870367,0.050211043,0.216666667
0.1333333333333333,-0.033333333,0.007121465,0.2986808897032237,0.007121465,-70.21027262,49.933495488543386,20.276777081557412,0.3412009965254414,0.266666667
0.1333333333333333,-0.116666667,0.007947107,0.2433928238016539,0.007947107,-62.9159785,42.28612585738586,20.62985260948443,0.05,0.183333333
0.1333333333333333,-0.2,0.2439917002155019,0.2576073209997281,0.2439917002155019,-2.049250011,0.651342082,1.397907975044152,0.05,0.1
0.1333333333333333,0.05,0.007113109,0.2988762896310216,0.007113109,-70.29274983,50.00186544553489,20.29088428246803,0.4400616085546614,0.35
0.1333333333333333,0,0.007114575,0.2988667060270082,0.007114575,-70.27827174,49.99109039403451,20.287181254071243,0.4014285842033507,0.3
0.1333333333333333,0.1499999999999999,0.007112925,0.2988635217297715,0.007112925,-70.29457148,50.00252662053648,20.29204476594763,0.4812684541252133,0.45
0.1333333333333333,-0.1,0.007381122,0.2802893688893999,0.007381122,-67.74037977,47.29596148500845,20.44441826734044,0.05,0.2
0.1333333333333333,0.1166666666666666,0.007112948,0.2988652820775765,0.007112948,-70.29434263,50.00245136009563,20.291891232931565,0.4732657267643401,0.416666667
0.1333333333333333,0.066666667,0.007113031,0.2988622743921968,0.007113031,-70.29352387,50.00171943400952,20.29180435893446,0.4675464560267567,0.366666667
0.1333333333333333,-0.166666667,0.026889345,0.033376609,0.026889345,-18.59472581,9.736213839704924,8.858512039371423,0.05,0.133333333
0.1333333333333333,0.016666667,0.007113743,0.2989106004182399,0.007113743,-70.28648784,49.99911630477686,20.287371429903033,0.4014133873449564,0.316666667
0.1333333333333333,-0.183333333,0.07370186,0.032631217,0.07370186,-6.784089301,3.235510257496454,3.5485790803433375,0.050005111,0.116666667
0.1333333333333333,-0.066666667,0.00716137,0.298529071,0.00716137,-69.8190392,49.64775536409607,20.171283833860933,0.054514554,0.233333333
0.1333333333333333,-0.15,0.013721358,0.087545614,0.013721358,-36.43954186,20.47552787782176,15.964013962770526,0.05,0.15
0.1333333333333333,0.2,0.007112911,0.2988645739320285,0.007112911,-70.29470948,50.00267707776184,20.29203229602572,0.4784181174007925,0.5
0.1333333333333333,0.033333333,0.007113364,0.2988673759233166,0.007113364,-70.29022797,49.99962851607433,20.290599350409124,0.4400774058084068,0.333333333
0.1499999999999999,-0.166666667,0.026504541,0.015441053,0.026504541,-18.86469167,9.638319492448318,9.226372232073285,0.05,0.133333333
0.1499999999999999,0.1333333333333333,0.006889707,0.2671380098221374,0.006889707,-72.57202631,49.99451320345466,22.577513121491812,0.06910983,0.433333333
0.1499999999999999,-0.1,0.007172124,0.247609019,0.007172124,-69.71435255,47.063184539347176,22.651168,0.050007892,0.2
0.1499999999999999,0.05,0.006890084,0.2670303036410802,0.006890084,-72.56805485,49.986250525521456,22.58180435432656,0.06908584,0.35
0.1499999999999999,0.1499999999999999,0.006889634,0.2671505095339932,0.006889634,-72.57280011,49.995687693476015,22.57711239042408,0.068710917,0.45
0.1499999999999999,-0.016666667,0.006890154,0.266609254,0.006890154,-72.56732231,49.96414066205187,22.603181631830697,0.069711475,0.283333333
0.1499999999999999,0.066666667,0.00689012,0.2670624382175132,0.00689012,-72.56767987,49.98764113404747,22.580038723008485,0.06902304,0.366666667
0.1499999999999999,0.1666666666666666,0.006889568,0.2671612702027237,0.006889568,-72.5734903,49.99671535922804,22.576774881598094,0.068998398,0.466666667
0.1499999999999999,0.2,0.006889362,0.2671772978891873,0.006889362,-72.57566517,49.9990362,22.57662896382668,0.069085204,0.5
0.1499999999999999,0.083333333,0.006890035,0.2670873687088326,0.006890035,-72.56856977,49.98953340360008,22.579036337335964,0.069129688,0.383333333
0.1499999999999999,0.016666667,0.006890019,0.2669230221208923,0.006890019,-72.56873902,49.98121673743539,22.587522253092516,0.069779788,0.316666667
0.1499999999999999,-0.116666667,0.007781542,0.2120291047583246,0.007781542,-64.25462016,41.760826509122026,22.493793647056403,0.050002411,0.183333333
0.1499999999999999,-0.033333333,0.006891418,0.2661948116564502,0.006891418,-72.55400424,49.93370855352976,22.62029563,0.068326804,0.266666667
0.1499999999999999,-0.183333333,0.071030018,0.062374555,0.071030018,-7.039277434,3.209168056326355,3.8301093471514065,0.05,0.116666667
0.1499999999999999,0.1166666666666666,0.006889831,0.2671291814730639,0.006889831,-72.57071688,49.99315810561938,22.577558771535465,0.069773441,0.416666667
0.1499999999999999,-0.133333333,0.009439321,0.142163876,0.009439321,-52.96990965,31.809757149835157,21.160152470007397,0.05,0.166666667
0.1499999999999999,-0.15,0.013618881,0.068021431,0.013618881,-36.71373669,20.12274091705934,16.590995803085224,0.05,0.15
0.1499999999999999,0.033333333,0.006890095,0.2669845204787381,0.006890095,-72.56793821,49.983820869063095,22.584117315829175,0.069189492,0.333333333
0.1499999999999999,-0.066666667,0.00691615,0.2633031826096328,0.00691615,-72.29456008,49.60733178811997,22.687228262516793,0.064405175,0.233333333
0.1499999999999999,0.1833333333333333,0.00688944,0.2671703748996313,0.00688944,-72.57483984,49.998112323716605,22.576727485967957,0.069127756,0.483333333
0.1499999999999999,-0.083333333,0.006980616,0.2588143181416935,0.006980616,-71.6269192,48.92185620607873,22.70506300567779,0.056899198,0.216666667
0.1499999999999999,0,0.006890085,0.2668039164069013,0.006890085,-72.56804941,49.974630060255514,22.593419325418033,0.069548544,0.3
0.1499999999999999,0.1,0.006889945,0.2671139255884197,0.006889945,-72.56952396,49.991553468409386,22.577970488399902,0.069837823,0.4
0.1499999999999999,-0.2,0.2188205028712922,0.3193197420521215,0.2188205028712922,-2.284977839,0.626556565,1.6584212758784602,0.050002173,0.1
0.1499999999999999,-0.05,0.006896554,0.2653552806878116,0.006896554,-72.49997098,49.85348261082256,22.646488334870902,0.068176596,0.25
0.1666666666666666,-0.033333333,0.006772304,0.2495852030638672,0.006772304,-73.83011329,49.94484527,23.88526797753604,0.08140195,0.266666667
0.1666666666666666,-0.166666667,0.026241966,0.001887992,0.026241966,-19.05345039,9.501288635798629,9.552161810552498,0.050013859,0.133333333
0.1666666666666666,-0.183333333,0.068785299,0.1064105417451272,0.068785299,-7.268995166,3.087552048695297,4.181443005688813,0.050002349,0.116666667
0.1666666666666666,0.066666667,0.006770382,0.2502484366290469,0.006770382,-73.85107512,49.99366007405626,23.85741504992975,0.081671638,0.366666667
0.1666666666666666,-0.083333333,0.006880095,0.2430294689219745,0.006880095,-72.67341793,48.82547489034496,23.84794301959782,0.060836971,0.216666667
0.1666666666666666,0.1499999999999999,0.006770153,0.2503098166577687,0.006770153,-73.85357358,49.99855679577904,23.855016734708784,0.082927665,0.45
0.1666666666666666,0.1166666666666666,0.006770238,0.2502844082102555,0.006770238,-73.85264823,49.99660348614241,23.856044735192174,0.08167063,0.416666667
0.1666666666666666,0.05,0.006770285,0.2502335869474955,0.006770285,-73.85214018,49.99360559623437,23.858534581845134,0.082340474,0.35
0.1666666666666666,-0.2,0.1983582936067668,0.4357000713142385,0.1983582936067668,-2.520691126,0.4837547675897831,2.036936454640305,0.050003825,0.1
0.1666666666666666,-0.1,0.007085885,0.2340925992643962,0.007085885,-70.56281475,46.961561730328846,23.601252996115974,0.050057069,0.2
0.1666666666666666,0.1333333333333333,0.006770183,0.2502921264799908,0.006770183,-73.85324814,49.99741266211354,23.855835440411184,0.081308221,0.433333333
0.1666666666666666,0.1,0.006770314,0.2502870692530318,0.006770314,-73.8518189,49.99618101152062,23.855637880368953,0.083033643,0.4
0.1666666666666666,0.033333333,0.006770255,0.2502002173233156,0.006770255,-73.85246246,49.99208112217739,23.86038128639827,0.082013969,0.333333333
0.1666666666666666,0.016666667,0.006770194,0.2501516506941615,0.006770194,-73.85312693,49.98999465085993,23.86313220114921,0.081950122,0.316666667
0.1666666666666666,0.2,0.00677,0.2503170248426526,0.00677,-73.85524159,50.00006246483534,23.855179068673017,0.081312371,0.5
0.1666666666666666,0.1833333333333333,0.006770051,0.2503133172225045,0.006770051,-73.85468284,49.99949058319327,23.85519223140499,0.081862912,0.483333333
0.1666666666666666,-0.016666667,0.006770639,0.2499066910191054,0.006770639,-73.84826818,49.97391441,23.874353735624027,0.081058279,0.283333333
0.1666666666666666,0.1666666666666666,0.006770122,0.2503065412648108,0.006770122,-73.85391494,49.99861684147987,23.855298038233016,0.081323444,0.466666667
0.1666666666666666,0.083333333,0.0067703,0.2502688521636072,0.0067703,-73.85196726,49.99533012852077,23.85663712140763,0.082425134,0.383333333
0.1666666666666666,-0.05,0.006779143,0.2487590406187721,0.006779143,-73.75563334,49.851373882660525,23.90425941848259,0.078924619,0.25
0.1666666666666666,0,0.006770269,0.2500690121697667,0.006770269,-73.85230781,49.98512471633922,23.867183054466995,0.081855867,0.3
0.1666666666666666,-0.116666667,0.007711621,0.1988744014173969,0.007711621,-64.83721492,41.53636918981458,23.30084572,0.05,0.183333333
0.1666666666666666,-0.15,0.013564532,0.056571989,0.013564532,-36.86083801,19.904942374079045,16.95589565423845,0.05,0.15
0.1666666666666666,-0.133333333,0.009394023,0.1301018304691286,0.009394023,-53.22533211,31.509177676844505,21.71615445,0.05,0.166666667
0.1666666666666666,-0.066666667,0.006803758,0.246727964,0.006803758,-73.48879431,49.565473884509224,23.923320394118043,0.073255462,0.233333333
0.1833333333333333,-0.05,0.006699496,0.2373528206708457,0.006699496,-74.63247736,49.84209013,24.790387209674975,0.089124771,0.25
0.1833333333333333,-0.15,0.013505185,0.041909964,0.013505185,-37.0228187,19.608573943737717,17.414244819938947,0.05,0.15
0.1833333333333333,0.033333333,0.00668811,0.2386867583902548,0.00668811,-74.75953941,49.99746236979698,24.762076998871684,0.0962349,0.333333333
0.1833333333333333,0.1666666666666666,0.006688107,0.2387417190520459,0.006688107,-74.75956934,50.00038775714365,24.759181515552065,0.095108153,0.466666667
0.1833333333333333,-0.033333333,0.006690926,0.2381664399321866,0.006690926,-74.72806817,49.94892111199366,24.779146993667556,0.09405762,0.266666667
0.1833333333333333,-0.116666667,0.007662301,0.189432988,0.007662301,-65.2545498,41.36807946240476,23.886470334832303,0.05,0.183333333
0.1833333333333333,0.1333333333333333,0.006688183,0.2387325727344835,0.006688183,-74.7587153,49.99933305568781,24.75938216,0.09392541,0.433333333
0.1833333333333333,0.1833333333333333,0.006688002,0.2387437850575557,0.006688002,-74.76074244,50.00128156925419,24.75946081681453,0.094582709,0.483333333
0.1833333333333333,-0.083333333,0.006813816,0.2321099444284661,0.006813816,-73.38032181,48.73381744,24.646504360356687,0.064459429,0.216666667
0.1833333333333333,-0.1,0.007028494,0.2251526810593093,0.007028494,-71.13899341,46.89532154054419,24.24367185967254,0.05000321,0.2
0.1833333333333333,0.05,0.006688217,0.2386939544838029,0.006688217,-74.75833959,49.99704036976632,24.76129920185567,0.093945703,0.35
0.1833333333333333,0.1166666666666666,0.006688139,0.2387326835271976,0.006688139,-74.75921089,49.99967043741052,24.759540502687692,0.095718857,0.416666667
0.1833333333333333,-0.133333333,0.009354917,0.1194096538704159,0.009354917,-53.44782743,31.236801190003668,22.21102638049066,0.050002411,0.166666667
0.1833333333333333,0,0.006688213,0.2385913806436423,0.006688213,-74.75838681,49.99164967084154,24.76673711499771,0.095385142,0.3
0.1833333333333333,-0.016666667,0.006688718,0.2384780862071257,0.006688718,-74.75273901,49.981884384644474,24.770854577212233,0.095924441,0.283333333
0.1833333333333333,0.066666667,0.006688192,0.2387114753574541,0.006688192,-74.75861806,49.99815277916112,24.76046522176796,0.095437284,0.366666667
0.1833333333333333,-0.166666667,0.025874983,0.032003341,0.025874983,-19.32368429,9.224551433792223,10.099132868459805,0.050002411,0.133333333
0.1833333333333333,0.1499999999999999,0.006688153,0.2387375338182607,0.006688153,-74.75905719,49.99982397024879,24.759233131200904,0.094882287,0.45
0.1833333333333333,-0.2,0.1696803367112591,0.634478343,0.1696803367112591,-2.946717337,0.1513318552863971,2.795385600665753,0.050015005,0.1
0.1833333333333333,0.1,0.006688222,0.2387304544584273,0.006688222,-74.75828449,49.99893299338976,24.759351497977455,0.096139075,0.4
0.1833333333333333,-0.066666667,0.00672868,0.2354538591289262,0.00672868,-74.30878328,49.52613678,24.78264646578837,0.079317575,0.233333333
0.1833333333333333,-0.183333333,0.065260102,0.1893880508690272,0.065260102,-7.661649063,2.8047950446711063,4.856853971442444,0.050001314,0.116666667
0.1833333333333333,0.083333333,0.006688211,0.238721392,0.006688211,-74.75840166,49.99853229,24.759869330147367,0.095700024,0.383333333
0.1833333333333333,0.2,0.006688083,0.2387476271838952,0.006688083,-74.75984165,50.000882217889114,24.758959387786227,0.095144585,0.5
0.1833333333333333,0.016666667,0.006688111,0.2386413462296094,0.006688111,-74.75952417,49.99505154028606,24.76447256,0.093938057,0.316666667
0.2,-0.15,0.013404574,0.01480196,0.013404574,-37.30070054,19.04076056594956,18.259940075048476,0.050002411,0.15
0.2,-0.166666667,0.025197516,0.090768186,0.025197516,-19.84322582,8.648019088203519,11.195206681752914,0.05,0.133333333
0.2,-0.083333333,0.006734589,0.2198701781706435,0.006734589,-74.24357958,48.66456483300999,25.57901466545895,0.065945791,0.216666667
0.2,0.1833333333333333,0.006595733,0.2257172982718802,0.006595733,-75.80658854,50.002498212742594,25.804090260491456,0.1102612453540518,0.483333333
0.2,0.1,0.006595851,0.2257104248490766,0.006595851,-75.80523396,50.00123630913891,25.803997621083013,0.1113233580586292,0.4
0.2,-0.116666667,0.00759451,0.1764807863253653,0.00759451,-65.8370354,41.13437142071508,24.70266395259187,0.050002411,0.183333333
0.2,0.1666666666666666,0.006595831,0.2257203900048057,0.006595831,-75.80545453,50.00191594099298,25.803538530754416,0.1121349946938023,0.466666667
0.2,-0.033333333,0.006599492,0.2252304212293627,0.006599492,-75.76340432,49.947930269664795,25.815474008505483,0.1039995038064852,0.266666667
0.2,0.066666667,0.006595854,0.2257011895344312,0.006595854,-75.80520003,50.0007189,25.804481107512437,0.1107245714987753,0.366666667
0.2,0.2,0.006595769,0.2257271574795857,0.006595769,-75.80616972,50.00275043281862,25.80341920646138,0.1059442168932701,0.5
0.2,0.1499999999999999,0.006595825,0.2257136475341623,0.006595825,-75.8055294,50.00160391383512,25.803925429705373,0.1087742235088965,0.45
0.2,0.016666667,0.006595793,0.2256694298048751,0.006595793,-75.80590114,49.999478915893725,25.806422165265737,0.1121440795252534,0.316666667
0.2,-0.2,0.1088007189765351,0.777980555,0.1088007189765351,-4.185158448,-0.410399458,4.595557827755517,0.4999998095237488,0.1
0.2,0.083333333,0.006595812,0.2257094573550496,0.006595812,-75.80567562,50.00147575953401,25.80419981,0.111946594,0.383333333
0.2,0,0.00659596,0.2256185771182927,0.00659596,-75.80397484,49.99548259662596,25.808492176650645,0.1098418303583252,0.3
0.2,-0.1,0.006955038,0.2136224263979542,0.006955038,-71.89033449,46.80448020423609,25.08585425,0.050012014,0.2
0.2,0.05,0.006595842,0.2256913832817985,0.006595842,-75.8053349,50.00028221633896,25.805052656744166,0.1089619890089825,0.35
0.2,-0.183333333,0.059149677,0.3378791756307487,0.059149677,-8.453131609,2.206971861,6.246159739703607,0.05,0.116666667
0.2,0.1333333333333333,0.006595831,0.2257116226788259,0.006595831,-75.80545614,50.00144704,25.80400901887678,0.1091324894912657,0.433333333
0.2,0.033333333,0.00659583,0.2256793847103939,0.00659583,-75.80547559,49.99973184719971,25.805743690613383,0.1085666065958732,0.333333333
0.2,-0.05,0.00660966,0.2243937958418816,0.00660966,-75.64685113,49.826339744515714,25.820511317519426,0.1000781864385864,0.25
0.2,-0.066666667,0.006642899,0.2224707803570763,0.006642899,-75.26834533,49.47468101,25.79366427102278,0.085924172,0.233333333
0.2,-0.133333333,0.009295078,0.1024713947207114,0.009295078,-53.79191108,30.79362156044909,22.998289512016346,0.050009371,0.166666667
0.2,0.1166666666666666,0.006595899,0.2257098392729841,0.006595899,-75.80467629,50.00083704718818,25.80383914347058,0.1098113385615071,0.416666667
0.2,-0.016666667,0.006596654,0.2255160961559392,0.006596654,-75.79600625,49.98473447,25.811271727442715,0.1094310325264847,0.283333333