,slopeL,slopeH,F,F_sc,F_yield,fluxD,fluxHR,fluxLR,potential_H1,D_H1_flux,L1_D_flux
0,0.0166666666666666,0.0,0.4373683906026789,0.4373683906026789,-5.845679731130329,-2.9228398654108276,2.7671540478562484,0.1556858178632518,0.675,0.3927715142878227,0.0445968763148561
1,0.0166666666666666,0.0166666666666666,0.9676348561149298,0.9676348561149298,-7.282347274743141,-3.641173637375087,3.379411545034287,0.2617620923337649,0.675,0.9179073464442676,0.0497275096706622
2,0.0166666666666666,0.0333333333333333,1.4444489298367813,1.4444489298367813,-7.842003881032755,-3.9210019404597647,3.672475815180711,0.2485261253922773,0.675,1.3965091492791517,0.0479397805576297
3,0.0166666666666666,0.0499999999999999,1.7052076971982553,1.7052076971982553,-8.06424033165206,-4.032120165719875,3.8169757786940224,0.2151443872381589,0.675,1.659912732632719,0.0452949645655363
4,0.0166666666666666,0.0666666666666666,1.8435840571614737,1.8435840571614737,-8.251176095063808,-4.125588047396741,3.938547816337031,0.1870402313300322,0.675,1.8002801739688323,0.043303883192641
5,0.0166666666666666,0.0833333333333333,2.0005849091696364,2.0005849091696364,-8.653352556355413,-4.3266762782185975,4.176986733039275,0.1496895450975335,0.6749993800140239,1.9596226402214711,0.0409622689481654
6,0.0166666666666666,0.0999999999999999,2.2844470757553186,2.2844470757553186,-9.505487161662156,-4.752743580828204,4.669846205524998,0.0828973753089515,0.675,2.2474653832445655,0.0369816925107531
7,0.0333333333333333,-0.0166666666666666,0.1194429410255747,0.1194429410255747,-4.55606712580104,-2.2780335630079587,1.9225417065979364,0.3554918561951444,0.675,0.0855873113460731,0.0338556296795016
8,0.0333333333333333,0.0,0.3466566128746431,0.3466566128746431,-6.594668006348383,-3.297334002851559,2.644733574077268,0.6526004294195524,0.675,0.2964200270705723,0.0502365858040707
9,0.0333333333333333,0.0166666666666666,0.7529722271149686,0.7529722271149686,-7.571707955373486,-3.7858539776142153,3.088723314196283,0.6971306635629894,0.675,0.6988432598691443,0.0541289672458242
10,0.0333333333333333,0.0333333333333333,1.1872976757178155,1.1872976757178155,-7.951041249372731,-3.975520624597184,3.3875736021072385,0.5879470226683053,0.675,1.1385523408463811,0.0487453348714346
11,0.0333333333333333,0.0499999999999999,1.4768161988839217,1.4768161988839217,-8.121131016684263,-4.060565508282557,3.587480722351444,0.4730847860502604,0.675,1.4342847827230132,0.0425314161609085
12,0.0333333333333333,0.0666666666666666,1.6470482215283813,1.6470482215283813,-8.29474242702041,-4.1473712133871175,3.7502586637494457,0.3971125498838425,0.675,1.608594943401502,0.0384532781268794
13,0.0333333333333333,0.0833333333333333,1.825257100607412,1.825257100607412,-8.69371467734889,-4.3468573385206035,4.013920583427193,0.3329367554010871,0.6749993800140239,1.7899227758454206,0.0353343247619914
14,0.0333333333333333,0.0999999999999999,2.1272880337201587,2.1272880337201587,-9.544728694498863,-4.772364347377214,4.527223604852555,0.245140742269093,0.674999723976339,2.095816707123524,0.031471326596635
15,0.0333333333333333,0.1166666666666666,2.471180498078114,2.471180498078114,-10.548472289136805,-5.274236144576217,5.123248999982515,0.1509871445780691,0.675,2.4437352356241635,0.0274452624539501
16,0.0499999999999999,-0.0333333333333333,0.0285144210356411,0.0285144210356411,-2.7976352323234916,-1.3988176163672277,1.0383531811327948,0.3604644348234685,0.675,0.0110493450531183,0.0174650759825228
17,0.0499999999999999,-0.0166666666666666,0.085623407277529,0.085623407277529,-5.224508683881234,-2.6122543420320294,1.7566458726460468,0.8556084692031571,0.675,0.0471587214454457,0.0384646858320833
18,0.0499999999999999,0.0,0.2153940612125062,0.2153940612125062,-6.910681092622455,-3.455340545976135,2.286666394659413,1.1686741519869066,0.675,0.1577038436062612,0.057690217606245
19,0.0499999999999999,0.0166666666666666,0.4666124459496247,0.4666124459496247,-7.678699710090468,-3.839349854978981,2.6389550068291747,1.200394848282308,0.675,0.4031663920311704,0.0634460539184542
20,0.0499999999999999,0.0333333333333333,0.8337139376509763,0.8337139376509763,-7.986710571116072,-3.9933552855116226,2.9731667472393006,1.020188538365143,0.675,0.7768100928988936,0.0569038447520827
21,0.0499999999999999,0.0499999999999999,1.1917533828436768,1.1917533828436768,-8.140415433351867,-4.0702077164407235,3.291383269999045,0.7788244469120951,0.675,1.145578505074499,0.0461748777691774
22,0.0499999999999999,0.0666666666666666,1.4527137323779318,1.4527137323779318,-8.312721583527026,-4.156360791853469,3.560509287639153,0.5958515040343975,0.675,1.4148529805450158,0.0378607518329158
23,0.0499999999999999,0.0833333333333333,1.6858850782417245,1.6858850782417245,-8.71267476387176,-4.356337382075961,3.884891795828249,0.4714455859675452,0.675,1.653338003796431,0.0325470744452934
24,0.0499999999999999,0.0999999999999999,2.015310398319098,2.015310398319098,-9.564351938390866,-4.782175969314954,4.428949734093429,0.3532262349824754,0.674999723976339,1.987194721082564,0.028115677236534
25,0.0499999999999999,0.1166666666666666,2.373632491558938,2.373632491558938,-10.568211810050377,-5.284105905457412,5.041417810785376,0.2426880938075791,0.6749999833395444,2.3494005883594946,0.0242319031994439
26,0.0666666666666666,-0.05,0.0069803007805043,0.0069803007805043,-1.2485628990644337,-0.6242814497486622,0.4209946723775211,0.2032867769382503,0.675,0.0009806159943172,0.0059996847861871
27,0.0666666666666666,-0.0333333333333333,0.0217480678249063,0.0217480678249063,-3.174264356046476,-1.5871321782163663,0.9385641956944326,0.6485679821356762,0.675,0.0043607950767861,0.0173872727481202
28,0.0666666666666666,-0.0166666666666666,0.0566234070002379,0.0566234070002379,-5.493135133883397,-2.7465675669616547,1.5694227844681876,1.1771447824535528,0.675,0.0177555251817146,0.0388678818185233
29,0.0666666666666666,0.0,0.1182618655262048,0.1182618655262048,-7.030067935885395,-3.5150339677225957,2.0080351236042446,1.5069988445585547,0.675,0.059206303663901,0.0590555618623038
30,0.0666666666666666,0.0166666666666666,0.2324268461800017,0.2324268461800017,-7.719244300231586,-3.859622149830564,2.2689098788259265,1.5907122715750943,0.675,0.1646389834849367,0.0677878626950649
31,0.0666666666666666,0.0333333333333333,0.4506094631518867,0.4506094631518867,-7.997334333837881,-3.9986671666243376,2.5244199638934965,1.474247203320048,0.675,0.3852015876939467,0.06540787545794
32,0.0666666666666666,0.0499999999999999,0.7880573946791007,0.7880573946791007,-8.142840865749832,-4.071420432476042,2.8702232027061,1.201197230567688,0.675,0.7329850414597467,0.0550723532193539
33,0.0666666666666666,0.0666666666666666,1.160459848152012,1.160459848152012,-8.316964421536499,-4.158482210554261,3.271492669875265,0.8869895411069716,0.675,1.117828996536271,0.0426308516157408
34,0.0666666666666666,0.0833333333333333,1.5048869791644863,1.5048869791644863,-8.72072871652873,-4.360364358068519,3.716030083761552,0.6443342746986593,0.6749998251005068,1.471528092125471,0.0333588870390156
35,0.0666666666666666,0.0999999999999999,1.8912664636684944,1.8912664636684944,-9.575202189574116,-4.787601094864765,4.322748763347246,0.4648523313621041,0.674999723976339,1.8640423497062344,0.0272241139622595
36,0.0666666666666666,0.1166666666666666,2.272110964405422,2.272110964405422,-10.580520513429265,-5.290260257115707,4.9614667387568225,0.3287935175567251,0.6749974895081603,2.2491157385978826,0.0229952258075392
37,0.0666666666666666,0.1833333333333333,2.4789625678503264,2.4789625678503264,-10.942677895188119,-5.4713389483280075,5.395893329088505,0.0754456177716021,0.3892082946536935,2.462814842401561,0.0161477254487657
38,0.0666666666666666,0.2,2.479397312284836,2.479397312284836,-10.952829591007161,-5.4764147961102605,5.398631815578003,0.0777829793188902,0.3897938341245665,2.463196062621517,0.0162012496633188
39,0.0833333333333333,-0.0666666666666666,0.0017773370987065,0.0017773370987065,-0.43498044599214986,-0.2174902233430424,0.1404132794947159,0.0770769431543914,0.675,7.728129920991874e-05,0.0017000557994966
40,0.0833333333333333,-0.05,0.0055011233828393,0.0055011233828393,-1.3794658552097432,-0.6897329277104545,0.3833657000108523,0.3063672274884365,0.675,0.0003131209142849,0.0051880024685543
41,0.0833333333333333,-0.0333333333333333,0.0168675838865135,0.0168675838865135,-3.30959653364773,-1.65479826683191,0.8849084223002919,0.7698898445155281,0.675,0.0013690058500273,0.0154985780364861
42,0.0833333333333333,-0.0166666666666666,0.0405490861592068,0.0405490861592068,-5.588466194679709,-2.7942330972948493,1.4857913094512083,1.3084417879336514,0.675,0.0055117001350032,0.0350373860242036
43,0.0833333333333333,0.0,0.0723048551768225,0.0723048551768225,-7.078468132111857,-3.539234065980283,1.890937112153292,1.6482969539782788,0.675,0.0185789626765684,0.0537258925002541
44,0.0833333333333333,0.0166666666666666,0.1177052916033184,0.1177052916033184,-7.74352691628657,-3.871763458033998,2.0977509357489055,1.7740125225036685,0.675,0.0545237830447103,0.0631815085586081
45,0.0833333333333333,0.0333333333333333,0.2097608682955669,0.2097608682955669,-8.009876949060596,-4.004938474233655,2.249750228941913,1.755188245885026,0.675,0.1451950050037738,0.064565863291793
46,0.0833333333333333,0.0499999999999999,0.4072694416644909,0.4072694416644909,-8.14768571924605,-4.073842859691517,2.47696316794892,1.5968796916056105,0.675,0.3478247223788377,0.0594447192856532
47,0.0833333333333333,0.0666666666666666,0.7549501191966262,0.7549501191966262,-8.31895244672513,-4.15947622307015,2.869016375051956,1.2904598486030223,0.675,0.7060615181212214,0.0488886010754047
48,0.0833333333333333,0.0833333333333333,1.2013903568060775,1.2013903568060775,-8.725696652872454,-4.362848326247759,3.4275340670989713,0.9353142595257216,0.6749999230191892,1.164146632306584,0.0372437244994934
49,0.0833333333333333,0.0999999999999999,1.6801018275323871,1.6801018275323871,-9.584738196050258,-4.792369098081888,4.1369429150851715,0.6554261828831964,0.675,1.6512679676400777,0.0288338598923096
50,0.0833333333333333,0.1166666666666666,2.1018378219948235,2.1018378219948235,-10.593501171586544,-5.296750586154564,4.823870994172793,0.4728795912591806,0.6749993150625547,2.078017046744735,0.0238207752500883
51,0.0833333333333333,0.1333333333333333,2.327491912628576,2.327491912628576,-11.174909212030656,-5.587454606734316,5.383193883284708,0.2042607220116229,0.3775129154555101,2.3123040733477778,0.0151878392807981
52,0.0833333333333333,0.1499999999999999,2.329238870907121,2.329238870907121,-11.166748145125908,-5.583374073176875,5.381702585810405,0.201671486138624,0.3766736821449206,2.3141640818166636,0.015074789090457
53,0.0833333333333333,0.1666666666666666,2.33048944429426,2.33048944429426,-11.168099470909016,-5.584049736245746,5.382458645872671,0.2015910887905896,0.3767720553591698,2.3154184381365113,0.0150710061577487
54,0.0833333333333333,0.1833333333333333,2.3314333433046657,2.3314333433046657,-11.169069977772365,-5.584534989674122,5.383062141240412,0.2014728468578233,0.3768251354860395,2.316367768674712,0.0150655746299538
55,0.0833333333333333,0.2,2.3321713765965955,2.3321713765965955,-11.169772050973764,-5.5848860262956155,5.383560124312346,0.2013259003657977,0.3768475428700611,2.3171122994376097,0.0150590771589856
56,0.0999999999999999,-0.0833333333333333,0.0004568592935676,0.0004568592935676,-0.1346004094285176,-0.06730020469523,0.0428373779301978,0.0244628268030897,0.6749999833395444,6.118464336483734e-06,0.0004507408292311
57,0.0999999999999999,-0.0666666666666666,0.0013094127952934,0.0013094127952934,-0.47220482016964704,-0.2361024104214397,0.1282748243251745,0.1078275854230327,0.675,2.270172609664662e-05,0.0012867110691968
58,0.0999999999999999,-0.05,0.0042265645946162,0.0042265645946162,-1.42206134972845,-0.7110306751255253,0.3702606747768726,0.3407699998260521,0.675,9.219462439956262e-05,0.0041343699702167
59,0.0999999999999999,-0.0333333333333333,0.0130102129397521,0.0130102129397521,-3.3561940606481233,-1.6780970305787497,0.8669422920794858,0.8111547379898881,0.675,0.0004065461467242,0.0126036667930279
60,0.0999999999999999,-0.0166666666666666,0.0304231279644061,0.0304231279644061,-5.628146099717005,-2.8140730498939983,1.4586589446683256,1.3554141051546793,0.675,0.0016659700409694,0.0287571579234367
61,0.0999999999999999,0.0,0.0501161995295549,0.0501161995295549,-7.108908935940473,-3.554454467986515,1.852863524978666,1.701590942975291,0.675,0.0057678129818459,0.0443483865477089
62,0.0999999999999999,0.0166666666666666,0.0701765406219707,0.0701765406219707,-7.769363573001307,-3.884681786412108,2.039005906330445,1.8456758802587545,0.675,0.0176318623458491,0.0525446782761215
63,0.0999999999999999,0.0333333333333333,0.1050965373407294,0.1050965373407294,-8.033114609347777,-4.016557304570862,2.139432620409096,1.87712468436782,0.675,0.0504302558831447,0.0546662814575847
64,0.0999999999999999,0.0499999999999999,0.1904978832642463,0.1904978832642463,-8.16724946210611,-4.0836247310990395,2.2594986440556184,1.8241260869514464,0.675,0.1378573094586023,0.052640573805644
65,0.0999999999999999,0.0666666666666666,0.3966756162434788,0.3966756162434788,-8.333845724831088,-4.16692286229331,2.515184776129285,1.6517380864084852,0.675,0.349570348554323,0.0471052676891557
66,0.0999999999999999,0.0833333333333333,0.7907652797117092,0.7907652797117092,-8.739129989362747,-4.369564994610783,3.03140506893261,1.3381599258193493,0.675,0.7519291142766097,0.0388361654350995
67,0.0999999999999999,0.0999999999999999,1.3152399970606998,1.3152399970606998,-9.602403320844457,-4.801201660469485,3.802707781673618,0.998493878701354,0.675,1.2843792840058683,0.0308607130548313
68,0.0999999999999999,0.1166666666666666,1.77871440159969,1.77871440159969,-10.616691618278251,-5.3083458094994915,4.545104196152433,0.7632416126263245,0.675,1.752983308663024,0.0257310929366659
69,0.0999999999999999,0.1333333333333333,2.036066477970086,2.036066477970086,-11.203598607994087,-5.601799304269014,4.957685251561099,0.6441140521639673,0.6749996504314708,2.012958754402293,0.0231077235677932
70,0.0999999999999999,0.1499999999999999,2.12496530547652,2.12496530547652,-11.314916629671048,-5.657458315433403,5.289541118493958,0.3679171957436842,0.3705883800444325,2.110368080160347,0.0145972253161728
71,0.0999999999999999,0.1666666666666666,2.1271534898145883,2.1271534898145883,-11.308317693408144,-5.654158847353899,5.288898295459976,0.3652605505942586,0.3693368617272597,2.1127328084337447,0.0144206813808437
72,0.0999999999999999,0.1833333333333333,2.1287808472264667,2.1287808472264667,-11.305031720646435,-5.652515860920713,5.288860476654936,0.3636553830707801,0.3686770092931096,2.114460235401721,0.0143206118247459
73,0.0999999999999999,0.2,2.1300361473177247,2.1300361473177247,-11.30853224333559,-5.654266122305118,5.290338938762144,0.3639271822683204,0.3691760851840786,2.1156696485615454,0.0143664987561794
74,0.1166666666666666,-0.1,0.0001135449882998,0.0001135449882998,-0.04005912885973817,-0.0200295643859416,0.012657511358693,0.0073720531151034,0.675,4.902489422751446e-07,0.0001130547393575
75,0.1166666666666666,-0.0833333333333333,0.0002884927203511,0.0002884927203511,-0.14528112605682109,-0.0726405629942927,0.0391471526132285,0.0334934104492997,0.675,1.766194048051886e-06,0.0002867265263031
76,0.1166666666666666,-0.0666666666666666,0.0008957324961636,0.0008957324961636,-0.48398923369567265,-0.2419946171545399,0.1247298038345015,0.1172648127066312,0.675,6.639476378262959e-06,0.0008890930197853
77,0.1166666666666666,-0.05,0.0029763230284325,0.0029763230284325,-1.4375452387093317,-0.7187726195088215,0.3664833619361936,0.3522892572643168,0.675,2.784684140488205e-05,0.0029484761870276
78,0.1166666666666666,-0.0333333333333333,0.0092388909773116,0.0092388909773116,-3.378152096072841,-1.6890760482013087,0.8615763148880689,0.8274997329834627,0.675,0.0001306136096046,0.009108277367707
79,0.1166666666666666,-0.0166666666666666,0.0215212874051766,0.0215212874051766,-5.655942096871935,-2.8279710485084277,1.4496884687464655,1.378282579617039,0.675,0.0005801413070861,0.0209411460980904
80,0.1166666666666666,0.0,0.0345715158860949,0.0345715158860949,-7.140041544136442,-3.5700207720050035,1.8393188110330136,1.7307019610984218,0.675,0.0021491874552462,0.0324223284308486
81,0.1166666666666666,0.0166666666666666,0.0452639981809303,0.0452639981809303,-7.802264422864806,-3.9011322111896063,2.018077540052577,1.8830546716226195,0.675,0.0068650657413893,0.0383989324395409
82,0.1166666666666666,0.0333333333333333,0.0599047926518723,0.0599047926518723,-8.066954578283513,-4.03347728897837,2.099672590999091,1.9338046983060455,0.675,0.020163565305719,0.0397412273461533
83,0.1166666666666666,0.0499999999999999,0.0946254141961082,0.0946254141961082,-8.201378851491855,-4.100689425808274,2.1696847640660692,1.9310046616175072,0.675,0.0564589690027695,0.0381664451933387
84,0.1166666666666666,0.0666666666666666,0.1894345678718247,0.1894345678718247,-8.366881696939231,-4.183440848270639,2.313825215350402,1.8696156333181888,0.675,0.1542069022883439,0.0352276655834807
85,0.1166666666666666,0.0833333333333333,0.4256258328852433,0.4256258328852433,-8.771114274266878,-4.385557137062742,2.6752234015103973,1.710333735693732,0.675,0.3939312569759678,0.0316945759092754
86,0.1166666666666666,0.0999999999999999,0.8443525544898447,0.8443525544898447,-9.638251587423387,-4.819125793872286,3.355209933657388,1.4639158598937123,0.675,0.8165914319367243,0.0277611225531203
87,0.1166666666666666,0.1166666666666666,1.2748973186568002,1.2748973186568002,-10.659535337782536,-5.32976766926191,4.082934893828146,1.2468327746924797,0.675,1.25026724340899,0.0246300752478101
88,0.1166666666666666,0.1333333333333333,1.5355106849622215,1.5355106849622215,-11.249856171325451,-5.624928085909293,4.507900876754299,1.1170272086618522,0.675,1.5128043289838091,0.0227063559784125
89,0.1166666666666666,0.1499999999999999,1.6677298122244275,1.6677298122244275,-11.45962321367808,-5.729811607307488,4.691385320220405,1.0384262861501747,0.6749999833395444,1.6463246862223897,0.021405126002038
90,0.1166666666666666,0.1666666666666666,1.7479603188683794,1.7479603188683794,-11.518237306151908,-5.759118653673265,4.778933796782695,0.9801848556959372,0.6749995235009021,1.727600696802342,0.0203596220660376
91,0.1166666666666666,0.1833333333333333,1.805066309204512,1.805066309204512,-11.531325948875933,-5.76566297470859,4.8314414575293085,0.9342215166380295,0.6749973531624716,1.7855575991739134,0.0195087100305984
92,0.1166666666666666,0.2,1.8466070562298684,1.8466070562298684,-11.5327518256145,-5.766375913208321,4.866859852225502,0.8995160601806662,0.675,1.827746896619868,0.0188601596100001
93,0.1333333333333333,-0.1166666666666666,2.6275320634133893e-05,2.6275320634133893e-05,-0.011868680222870798,-0.0059343399865463,0.0037097980505329,0.0022245421857914,0.675,3.917972867217125e-08,2.623614090546172e-05
94,0.1333333333333333,-0.1,5.705356985850808e-05,5.705356985850808e-05,-0.04321980735339681,-0.0216099036118482,0.0115891395325036,0.0100207642090449,0.675,1.4102345166219098e-07,5.691254640684588e-05
95,0.1333333333333333,-0.0833333333333333,0.0001635109096998,0.0001635109096998,-0.1486753677734025,-0.0743376841145355,0.0381264479971221,0.0362112356617447,0.675,5.167349882300661e-07,0.0001629941747116
96,0.1333333333333333,-0.0666666666666666,0.0005336139894894,0.0005336139894894,-0.48855515119999804,-0.2442775759268585,0.1237682307122796,0.1205093445608599,0.675,2.0355368780479827e-06,0.0005315784526114
97,0.1333333333333333,-0.05,0.0018057498740859,0.0018057498740859,-1.4458016910555576,-0.7229008457468762,0.3654414280978777,0.3574594172108035,0.675,9.50423692097746e-06,0.0017962456371649
98,0.1333333333333333,-0.0333333333333333,0.005660319341423,0.005660319341423,-3.3944820747087086,-1.6972410375981335,0.8596258635119689,0.8376151735986059,0.675,5.284015748543144e-05,0.0056074791839376
99,0.1333333333333333,-0.0166666666666666,0.0132906870276708,0.0132906870276708,-5.682225673060484,-2.8411128366078353,1.4449395329657158,1.3961733034869326,0.675,0.0002781079342652,0.0130125790934056
100,0.1333333333333333,0.0,0.0214118753262573,0.0214118753262573,-7.172796110053446,-3.5863980550604166,1.830938133774957,1.755459921218074,0.675,0.0011466749952357,0.0202652003310215
101,0.1333333333333333,0.0166666666666666,0.0278103841364703,0.0278103841364703,-7.837900142923376,-3.9189500714000065,2.006165173886327,1.9127848976370387,0.675,0.0038316807659207,0.0239787033705495
102,0.1333333333333333,0.0333333333333333,0.0356696607400448,0.0356696607400448,-8.104119013761839,-4.052059506779864,2.08150211531359,1.9705573916683796,0.675,0.0111502653790976,0.0245193953609472
103,0.1333333333333333,0.0499999999999999,0.0519159130948851,0.0519159130948851,-8.23976763079695,-4.119883815456662,2.1331574203683026,1.9867263949719796,0.675,0.0289640451323644,0.0229518679625206
104,0.1333333333333333,0.0666666666666666,0.0928059748667633,0.0928059748667633,-8.406622350424213,-4.203311175080019,2.222234338632745,1.981076836711448,0.675,0.0719414009882307,0.0208645738785325
105,0.1333333333333333,0.0833333333333333,0.2039788776558457,0.2039788776558457,-8.813205792547862,-4.406602896287144,2.4560791940701066,1.9505237021906057,0.675,0.1844883640768543,0.0194905135789913
106,0.1333333333333333,0.0999999999999999,0.4454640512964319,0.4454640512964319,-9.68713936161829,-4.843569680854483,2.96155828348137,1.8820113972824295,0.6749998251005068,0.4268384585591258,0.0186255927373062
107,0.1333333333333333,0.1166666666666666,0.7458264720153228,0.7458264720153228,-10.718453892704424,-5.359226946727319,3.5700170306294936,1.7892099153476042,0.675,0.7279568180297301,0.0178696539855927
108,0.1333333333333333,0.1333333333333333,0.9599505971290088,0.9599505971290088,-11.314093238951141,-5.657046619677799,3.9566627247356223,1.700383894537718,0.675,0.9428218175500588,0.0171287795789497
109,0.1333333333333333,0.1499999999999999,1.0949139342676726,1.0949139342676726,-11.523991384772522,-5.761995692698164,4.145666584355002,1.6163291077193556,0.675,1.078552564181425,0.0163613700862475
110,0.1333333333333333,0.1666666666666666,1.1976475997982543,1.1976475997982543,-11.580227679586747,-5.790113840323057,4.255607524286788,1.5345063149768992,0.675,1.1820623375606558,0.0155852622375987
111,0.1333333333333333,0.1833333333333333,1.2828381163517404,1.2828381163517404,-11.590303157101928,-5.795151578715493,4.334881578467687,1.460269999918745,0.675,1.267964016979143,0.0148740993725974
112,0.1333333333333333,0.2,1.350752030009012,1.350752030009012,-11.58883408176206,-5.794417041243324,4.395001213225594,1.3994158272931356,0.675,1.3364618604986118,0.0142901695104001
113,0.1499999999999999,-0.15,4.200579416457879e-06,4.200579416457879e-06,-0.0007755488355003504,-0.0003877739415418,0.0003872484250031,5.264689553197144e-07,0.675,8.551993230070983e-10,4.199724217134872e-06
114,0.1499999999999999,-0.1333333333333333,5.548972370180177e-06,5.548972370180177e-06,-0.003550896126135794,-0.00177544758745,0.0010902359198219,0.0006852126188637,0.675,3.094485257274088e-09,5.545877884922903e-06
115,0.1499999999999999,-0.1166666666666666,1.0113113203406963e-05,1.0113113203406963e-05,-0.012812478972183516,-0.0064062393866057,0.0034167377968934,0.0029895017886842,0.675,1.1192665190369405e-08,1.0101920538216595e-05
116,0.1499999999999999,-0.1,2.5767400070220847e-05,2.5767400070220847e-05,-0.04420424976903814,-0.0221021247725694,0.0112963916207249,0.0108057333757437,0.675,4.0863963764679824e-08,2.5726536106456168e-05
117,0.1499999999999999,-0.0833333333333333,7.994948523052163e-05,7.994948523052163e-05,-0.14995566606674604,-0.0749778331237491,0.0378510114942116,0.0371268214487852,0.675,1.5610928220592758e-07,7.97933759483157e-05
118,0.1499999999999999,-0.0666666666666666,0.00026871686481,0.00026871686481,-0.490929565282719,-0.2454647828527587,0.123515921195711,0.1219488612342492,0.675,6.855684173500501e-07,0.0002680312963926
119,0.1499999999999999,-0.05,0.0009224668875165,0.0009224668875165,-1.451528555203574,-0.725764277746368,0.3651172270361371,0.3606470504210688,0.675,3.914801089766115e-06,0.0009185520864268
120,0.1499999999999999,-0.0333333333333333,0.0029419451275966,0.0029419451275966,-3.4077578475689188,-1.703878923900315,0.8585047582147283,0.845374165453875,0.675,2.7280013129183277e-05,0.0029146651144674
121,0.1499999999999999,-0.0166666666666666,0.0070763235252977,0.0070763235252977,-5.704730248944603,-2.85236512452551,1.4411199413735574,1.411245183045534,0.675,0.0001683204305977,0.0069080030946999
122,0.1499999999999999,0.0,0.0116881702056065,0.0116881702056065,-7.200700583087479,-3.6003502916188967,1.8236370801010473,1.7767132113675306,0.675,0.0007537395415663,0.0109344306640401
123,0.1499999999999999,0.0166666666666666,0.0156407043940454,0.0156407043940454,-7.867795460350472,-3.933897730056148,1.9964430221607865,1.9374547081335356,0.675,0.0026206310006421,0.0130200733934032
124,0.1499999999999999,0.0333333333333333,0.0209198845258558,0.0209198845258558,-8.134563192661387,-4.067281596287033,2.069655140969772,1.9976264554045784,0.675,0.0076807489909536,0.0132391355349021
125,0.1499999999999999,0.0499999999999999,0.0308768130502623,0.0308768130502623,-8.270545396038097,-4.135272697976791,2.1158284186595324,2.01944427940177,0.675,0.0187933875639508,0.0120834254863114
126,0.1499999999999999,0.0666666666666666,0.0505707132563132,0.0505707132563132,-8.438240030236,-4.219120015026918,2.183452783508944,2.035667231700135,0.675,0.0399687071921924,0.0106020060641207
127,0.1499999999999999,0.0833333333333333,0.0992694200116668,0.0992694200116668,-8.847657947937202,-4.423828973894752,2.3511206271526888,2.0727083468897605,0.675,0.0894048376400581,0.0098645823716087
128,0.1499999999999999,0.0999999999999999,0.2159127220416339,0.2159127220416339,-9.729226364674638,-4.86461318252143,2.7257054171205546,2.138907765032648,0.675,0.2060746270359,0.0098380950057339
129,0.1499999999999999,0.1166666666666666,0.385741114878561,0.385741114878561,-10.771417481202768,-5.385708740888916,3.201743079193502,2.183965661120338,0.675,0.3757814570136424,0.0099596578649186
130,0.1499999999999999,0.1333333333333333,0.5329085542328071,0.5329085542328071,-11.373838554201177,-5.686919277210164,3.5232782541170344,2.163641022873974,0.675,0.5230535887545454,0.0098549654782616
131,0.1499999999999999,0.1499999999999999,0.6509755051433912,0.6509755051433912,-11.585240589120916,-5.79262029479972,3.697409427053526,2.095210867267668,0.6749996916954057,0.6414278787375705,0.0095476264058207
132,0.1499999999999999,0.1666666666666666,0.7599682794968787,0.7599682794968787,-11.640343116164495,-5.82017155855242,3.8149079804974417,2.005263577114619,0.675,0.750821325796471,0.0091469537004076
133,0.1499999999999999,0.1833333333333333,0.8616681632697762,0.8616681632697762,-11.648122384078905,-5.824061192043114,3.91114379242158,1.912917399614209,0.675,0.8529312603206399,0.0087369029491362
134,0.1499999999999999,0.2,0.9493003143206462,0.9493003143206462,-11.644047342091502,-5.822023671317868,3.990792125759192,1.8312315450144403,0.675,0.9409252071155508,0.0083751072050954
135,0.1666666666666666,-0.1666666666666666,8.984306631021598e-07,8.984306631021598e-07,-0.00023992480528467475,-0.0001199617710678,0.0001098012506552,1.0161783561501991e-05,0.675,6.642016711514949e-11,8.983642429350447e-07
136,0.1666666666666666,-0.15,1.0748604745241582e-06,1.0748604745241582e-06,-0.0010782754126493765,-0.0005391373192491,0.0003230760301953,0.0002160620632049,0.675,2.41566066647266e-10,1.074618908457511e-06
137,0.1666666666666666,-0.1333333333333333,1.662946303991175e-06,1.662946303991175e-06,-0.003832015625960472,-0.0019160074569475,0.0010149613904495,0.0009010467785633,0.675,8.776875321519283e-10,1.662068616459023e-06
138,0.1666666666666666,-0.1166666666666666,3.654171763997178e-06,3.654171763997178e-06,-0.013093486333800697,-0.0065467430507455,0.0033363405515522,0.0032104027315028,0.675,3.205077547087115e-09,3.650966686450091e-06
139,0.1666666666666666,-0.1,1.0485204192981576e-05,1.0485204192981576e-05,-0.04454091135278149,-0.0222704556708901,0.0112167673865037,0.0110536882953875,0.675,1.2035595182126143e-08,1.0473168597799453e-05
140,0.1666666666666666,-0.0833333333333333,3.4163556096228546e-05,3.4163556096228546e-05,-0.15052352414016024,-0.075261762375832,0.0377779353970488,0.0374838263672793,0.675,4.9773900144721694e-08,3.411378219608383e-05
141,0.1666666666666666,-0.0666666666666666,0.0001172316802027,0.0001172316802027,-0.4923072199435081,-0.2461536096784238,0.1234539757064432,0.122699634558641,0.674998643867925,2.596653273747138e-07,0.0001169720148753
142,0.1666666666666666,-0.05,0.0004114723608299,0.0004114723608299,-1.455284573893127,-0.7276422871314772,0.364986724588892,0.3626555621727578,0.675,1.858703497815056e-06,0.0004096136573321
143,0.1666666666666666,-0.0333333333333333,0.001369654651177,0.001369654651177,-3.4168381104966503,-1.7084190554228806,0.8577586806590958,0.8506603744146739,0.675,1.5359573654169112e-05,0.0013542950775229
144,0.1666666666666666,-0.0166666666666666,0.0034945776616148,0.0034945776616148,-5.7200648680224,-2.86003243396335,1.4383072099080645,1.421725224150985,0.675,0.0001038187341982,0.0033907589274166
145,0.1666666666666666,0.0,0.0060784887489038,0.0060784887489038,-7.219308205729614,-3.609654102646011,1.8181738101965017,1.7914802928870976,0.6749995226477397,0.0004877129181582,0.0055907758307456
146,0.1666666666666666,0.0166666666666666,0.0085464774217899,0.0085464774217899,-7.887366238162218,-3.943683119064202,1.9892484777085675,1.9544346413894464,0.675,0.0017564096110348,0.0067900678107551
147,0.1666666666666666,0.0333333333333333,0.0122526793202606,0.0122526793202606,-8.15408876821568,-4.077044384073391,2.061441465880165,2.0156029182621213,0.675,0.0053127749667877,0.0069399043534728
148,0.1666666666666666,0.0499999999999999,0.0193012010576317,0.0193012010576317,-8.289662329913488,-4.144831165115178,2.1061726663157323,2.038658498482573,0.675,0.013060701996871,0.0062404990607606
149,0.1666666666666666,0.0666666666666666,0.0308144198003197,0.0308144198003197,-8.457303450565188,-4.2286517251108595,2.1666873106747104,2.0619644147796135,0.675,0.0255486244744263,0.0052657953258934
150,0.1666666666666666,0.0833333333333333,0.0538094137651522,0.0538094137651522,-8.868288769376745,-4.434144384638104,2.306442420639609,2.1277019640990305,0.675,0.0490410533733929,0.0047683603917592
151,0.1666666666666666,0.0999999999999999,0.1099679242171626,0.1099679242171626,-9.754866172520487,-4.8774330864849595,2.613712307485443,2.263720778550075,0.675,0.1051695474891923,0.0047983767279703
152,0.1666666666666666,0.1166666666666666,0.202641508726437,0.202641508726437,-10.804945776888957,-5.402472888714094,3.005820594937095,2.39665229323776,0.675,0.1976573472136285,0.0049841615128085
153,0.1666666666666666,0.1333333333333333,0.2997629134044082,0.2997629134044082,-11.413087096459131,-5.706543548374264,3.275131808602133,2.431411739482724,0.675,0.2947368977061548,0.0050260156982533
154,0.1666666666666666,0.1499999999999999,0.3955542652048367,0.3955542652048367,-11.627011664531524,-5.8135058323779525,3.4277204222337048,2.3857854099198677,0.675,0.3906314505088106,0.0049228146960261
155,0.1666666666666666,0.1666666666666666,0.4972525731073673,0.4972525731073673,-11.682384423970792,-5.8411922124494815,3.5392411239111574,2.3019510876101386,0.675,0.4925049976387077,0.0047475754686596
156,0.1666666666666666,0.1833333333333333,0.6011121134453002,0.6011121134453002,-11.689435332253165,-5.844717666098893,3.638654193171728,2.2060634729825352,0.675,0.5965622088267389,0.0045499046185613
157,0.1666666666666666,0.2,0.6970153964998074,0.6970153964998074,-11.68398059669796,-5.841990298620401,3.727015316442081,2.1149749816354677,0.675,0.6926521995633549,0.0043631969364525
158,0.1833333333333333,-0.1833333333333333,1.6645641697393457e-07,1.6645641697393457e-07,-7.545299381517268e-05,-3.772658485790003e-05,3.10579956241952e-05,6.668413333077439e-06,0.6749831820943278,5.0426103715009265e-12,1.664513743635631e-07
159,0.1833333333333333,-0.1666666666666666,1.876144139911832e-07,1.876144139911832e-07,-0.00033250138278206887,-0.0001662499515813,9.676190624574588e-05,6.948952495500205e-05,0.675,1.8626085018534665e-11,1.8759578790616466e-07
160,0.1833333333333333,-0.15,2.571194984653567e-07,2.571194984653567e-07,-0.0011621831326532606,-0.0005810912081427,0.0003053794258782,0.0002757124986322,0.675,6.813392048045111e-11,2.570513645448762e-07
161,0.1833333333333333,-0.1333333333333333,4.887499021822477e-07,4.887499021822477e-07,-0.003912127731115822,-0.0019560634472925,0.0009942499312032,0.0009618143526199,0.675,2.4919288095870823e-10,4.88500709301289e-07
162,0.1833333333333333,-0.1166666666666666,1.2731259809404286e-06,1.2731259809404286e-06,-0.013180493103322255,-0.0065902465315312,0.0033143430861315,0.0032759034856594,0.675,9.255637018720632e-10,1.2722004172385569e-06
163,0.1833333333333333,-0.1,3.967736838981249e-06,3.967736838981249e-06,-0.04466646944600616,-0.0223332347128417,0.0111954132853284,0.0111378214478359,0.675,3.6519367823609677e-09,3.964084902198888e-06
164,0.1833333333333333,-0.0833333333333333,1.3366463856528504e-05,1.3366463856528504e-05,-0.15079046533911156,-0.0753952330131051,0.0377595663816521,0.0376356659443543,0.675,1.708611089323286e-08,1.334937774563527e-05
165,0.1833333333333333,-0.0666666666666666,4.707210399390899e-05,4.707210399390899e-05,-0.4930486951278132,-0.2465243486925894,0.1234394571726156,0.123084889262608,0.675,1.091719339442557e-07,4.696293205996473e-05
166,0.1833333333333333,-0.05,0.0001741093738993,0.0001741093738993,-1.4574089336971063,-0.7287044661500435,0.364928227171081,0.3637762403759818,0.675,9.380167353890528e-07,0.0001731713571639
167,0.1833333333333333,-0.0333333333333333,0.0006415805504833,0.0006415805504833,-3.422022979095719,-1.7110114897365998,0.8573307340572391,0.8536807553018789,0.675,8.577998231907036e-06,0.0006330025522514
168,0.1833333333333333,-0.0166666666666666,0.0018391797851723,0.0018391797851723,-5.728668941830664,-2.8643344708835197,1.4366326715143387,1.4277017994328038,0.675,6.092226793745262e-05,0.0017782575172348
169,0.1833333333333333,0.0,0.0034522532337405,0.0034522532337405,-7.229598833895107,-3.614799416902856,1.814919372841306,1.7998800441509442,0.675,0.000295324893298,0.0031569283404424
170,0.1833333333333333,0.0166666666666666,0.0050599107382913,0.0050599107382913,-7.898010911120722,-3.94900545550843,1.9849095031009725,1.964095952511318,0.675,0.0010968265952009,0.0039630841430904
171,0.1833333333333333,0.0333333333333333,0.0075392590142005,0.0075392590142005,-8.164591738423193,-4.082295869054882,2.05641468337517,2.025881185993138,0.675,0.0034400638811765,0.004099195133024
172,0.1833333333333333,0.0499999999999999,0.0123942189268167,0.0123942189268167,-8.29971308321952,-4.149856541814578,2.100574993149536,2.049281548255405,0.675,0.0087365682663862,0.0036576506604304
173,0.1833333333333333,0.0666666666666666,0.0198114539090436,0.0198114539090436,-8.467069835648003,-4.233534917636463,2.1588919123915993,2.0746430056199396,0.675,0.0168394851356517,0.0029719687733918
174,0.1833333333333333,0.0833333333333333,0.0321784160590146,0.0321784160590146,-8.878731406599439,-4.439365703236422,2.2875965758966217,2.151769127466393,0.675,0.0295915153194358,0.0025869007395788
175,0.1833333333333333,0.0999999999999999,0.0619693134610356,0.0619693134610356,-9.767900574135288,-4.883950287205913,2.5642523128908934,2.31969797403848,0.675,0.0593926259789302,0.0025766874821054
176,0.1833333333333333,0.1166666666666666,0.1163912991006791,0.1163912991006791,-10.822489548118014,-5.411244774364863,2.912744227640715,2.498500546112435,0.675,0.1136925428386124,0.0026987562620667
177,0.1833333333333333,0.1333333333333333,0.1829426027075027,0.1829426027075027,-11.43452641526954,-5.717263207758205,3.149195437068503,2.568067770442828,0.675,0.1801944406168773,0.0027481620906253
178,0.1833333333333333,0.1499999999999999,0.2587473877444858,0.2587473877444858,-11.650810541720185,-5.825405270989001,3.2820526026091557,2.543352668122026,0.675,0.2560346891873865,0.0027126985570992
179,0.1833333333333333,0.1666666666666666,0.3471838639760787,0.3471838639760787,-11.70754194533739,-5.853770973136843,3.381359581914566,2.472411390285981,0.675,0.3445510705930711,0.0026327933830076
180,0.1833333333333333,0.1833333333333333,0.4441405117587054,0.4441405117587054,-11.715133789806242,-5.857566894892455,3.474765315534978,2.382801579378799,0.675,0.441605945474908,0.0025345662837974
181,0.1833333333333333,0.2,0.5394910988878086,0.5394910988878086,-11.709478938481801,-5.854739469569699,3.5629941512704555,2.291745317641644,0.675,0.5370554357936754,0.0024356630941331
182,0.2,-0.2,6.2524462035159795e-09,6.2524462035159795e-09,-2.4219759324428655e-05,-1.2110487090488675e-05,8.204854708537823e-06,3.90441752540216e-06,0.675,2.901581319218588e-13,6.252156045384057e-09
183,0.2,-0.1833333333333333,8.637931660924192e-09,8.637931660924192e-09,-0.00010412489834077386,-5.206295961635021e-05,2.9119752646522556e-05,2.2942186077901106e-05,0.675,1.3393895935169374e-12,8.636592271330675e-09
184,0.2,-0.1666666666666666,1.652487148585603e-08,1.652487148585603e-08,-0.00035800822256726317,-0.0001790040041145,9.313733322002804e-05,8.586688523271047e-05,0.675,5.170379787317079e-12,1.6519701106068714e-08
185,0.2,-0.15,4.242376606393545e-08,4.242376606393545e-08,-0.0011856269536513198,-0.000592813569936,0.0003004763857532,0.000292336997962,0.675,1.918427996027996e-11,4.2404581783975166e-08
186,0.2,-0.1333333333333333,1.2874680146844797e-07,1.2874680146844797e-07,-0.0039356280484965644,-0.0019678136163516,0.0009885630440038,0.000979251388141,0.675,7.105186595359567e-11,1.2867574960249437e-07
187,0.2,-0.1166666666666666,4.214542872030098e-07,4.214542872030098e-07,-0.013209339541585319,-0.0066046697902448,0.0033084284843454,0.003296241266995,0.675,2.7186596942078317e-10,4.21182421233589e-07
188,0.2,-0.1,1.4326074557521133e-06,1.4326074557521133e-06,-0.04471725206664301,-0.0223586262159347,0.0111900619117442,0.011168563938964,0.675,1.1622073806984924e-09,1.4314452483714148e-06
189,0.2,-0.0833333333333333,5.029016898225761e-06,5.029016898225761e-06,-0.15091808441505705,-0.0754590425692454,0.0377562697269802,0.0377027721188314,0.675,6.406504180075873e-09,5.022610394045685e-06
190,0.2,-0.0666666666666666,1.872476088912909e-05,1.872476088912909e-05,-0.4934259851157958,-0.2467129936357679,0.1234391187456864,0.1232738727343414,0.675,4.9684227091209566e-08,1.867507666203788e-05
191,0.2,-0.05,7.82387003073363e-05,7.82387003073363e-05,-1.4585150924734296,-0.7292575454884069,0.3649106853179731,0.3643468616670496,0.675,4.83948227152125e-07,7.775475208018417e-05
192,0.2,-0.0333333333333333,0.0003484667112748,0.0003484667112748,-3.4246706515016565,-1.712335325919371,0.8571225144147192,0.855212811167566,0.675,4.69445935925294e-06,0.0003437722519156
193,0.2,-0.0166666666666666,0.0011718230551951,0.0011718230551951,-5.7329859391515186,-2.866492969583971,1.4357829872203034,1.4307099823472438,0.675,3.4387681232324025e-05,0.0011374353739627
194,0.2,0.0,0.0023668737200445,0.0023668737200445,-7.23466014361807,-3.6173300718584858,1.8132508304676664,1.804079241291918,0.675,0.0001707840287693,0.0021960896912751
195,0.2,0.0166666666666666,0.0035008861586605,0.0035008861586605,-7.903230942689695,-3.9516154712584,1.982672111248181,1.968943360183112,0.675,0.0006509728586288,0.0028499133000317
196,0.2,0.0333333333333333,0.0050861370712115,0.0050861370712115,-8.16971268685752,-4.084856343347635,2.053757479853235,2.031098863656645,0.675,0.0021044569011493,0.0029816801700622
197,0.2,0.0499999999999999,0.0081612265621431,0.0081612265621431,-8.304610615917298,-4.152305308207912,2.097597485675557,2.054707822033827,0.675,0.0055134871835792,0.0026477393785639
198,0.2,0.0666666666666666,0.0128192374039523,0.0128192374039523,-8.471730144013428,-4.235865071851526,2.1551502658417903,2.080714806320106,0.675,0.0107331934416916,0.0020860439622607
199,0.2,0.0833333333333333,0.0200287549718592,0.0200287549718592,-8.883638579312546,-4.441819289684624,2.2792538616848503,2.1625654279430644,0.675,0.0182819841471975,0.0017467708246617
200,0.2,0.0999999999999999,0.0375291866629076,0.0375291866629076,-9.774104739207166,-4.887052369834322,2.541706149586407,2.345346219786435,0.675,0.0358187987526533,0.0017103879102543
201,0.2,0.1166666666666666,0.0722529541341781,0.0722529541341781,-10.831150187672755,-5.41557509420753,2.8676429762017897,2.547932117263429,0.675,0.0704618806622869,0.0017910734718912
202,0.2,0.1333333333333333,0.1196475444824619,0.1196475444824619,-11.445694122945051,-5.722847061672016,3.083759021604429,2.6390880396685965,0.675,0.1178151733301001,0.0018323711523618
203,0.2,0.1499999999999999,0.1788758525810005,0.1788758525810005,-11.664020447028637,-5.8320102236423725,3.2004446882196262,2.6315655351666365,0.675,0.1770568905410932,0.0018189620399072
204,0.2,0.1666666666666666,0.2526329126453435,0.2526329126453435,-11.722419578203393,-5.8612097896830715,3.2860105140344977,2.575199274485813,0.675,0.2508570799729472,0.0017758326723962
205,0.2,0.1833333333333333,0.3383324601083221,0.3383324601083221,-11.731233843752527,-5.865616922018714,3.368983140567249,2.4966337811665564,0.675,0.3366139798611402,0.0017184802471818
206,0.2,0.2,0.4276193740803399,0.4276193740803399,-11.72620626700487,-5.8631031339242545,3.451566137992913,2.4115369950876966,0.675,0.4259622068458248,0.001657167234515
