L2,D,H2,F
-0.4,-0.5,0.05,0.02029852518792818
-0.36111111111111116,-0.5,0.05,0.020539450441642453
-0.32222222222222224,-0.5,0.05,0.02131958894414523
-0.2833333333333333,-0.5,0.05,0.0246798943813674
-0.24444444444444446,-0.5,0.05,0.039829929769701386
-0.20555555555555557,-0.5,0.05,0.07170788621122902
-0.16666666666666669,-0.5,0.05,0.10221974679827099
-0.12777777777777777,-0.5,0.05,0.09476763499762017
-0.0888888888888889,-0.5,0.05,0.0931889381817583
-0.05,-0.5,0.05,0.09283618038673
-0.4,-0.5,0.08888888888888889,0.018627243320001083
-0.36111111111111116,-0.5,0.08888888888888889,0.0188879371420876
-0.32222222222222224,-0.5,0.08888888888888889,0.01965665279730872
-0.2833333333333333,-0.5,0.08888888888888889,0.022911490853445213
-0.24444444444444446,-0.5,0.08888888888888889,0.03776507538202857
-0.20555555555555557,-0.5,0.08888888888888889,0.05940078546764573
-0.16666666666666669,-0.5,0.08888888888888889,0.06344651817981033
-0.12777777777777777,-0.5,0.08888888888888889,0.058743710785923296
-0.0888888888888889,-0.5,0.08888888888888889,0.05774514109461554
-0.05,-0.5,0.08888888888888889,0.05751638021404377
-0.4,-0.5,0.12777777777777777,0.016943716187142032
-0.36111111111111116,-0.5,0.12777777777777777,0.017203169696620373
-0.32222222222222224,-0.5,0.12777777777777777,0.017928534689754125
-0.2833333333333333,-0.5,0.12777777777777777,0.02097969279245916
-0.24444444444444446,-0.5,0.12777777777777777,0.03490992222407618
-0.20555555555555557,-0.5,0.12777777777777777,0.047874754426256515
-0.16666666666666669,-0.5,0.12777777777777777,0.041816446174419195
-0.12777777777777777,-0.5,0.12777777777777777,0.03859119555837066
-0.0888888888888889,-0.5,0.12777777777777777,0.03789682516231341
-0.05,-0.5,0.12777777777777777,0.03773705336776562
-0.4,-0.5,0.16666666666666669,0.01548640586957846
-0.36111111111111116,-0.5,0.16666666666666669,0.015720237186072836
-0.32222222222222224,-0.5,0.16666666666666669,0.016376564244169296
-0.2833333333333333,-0.5,0.16666666666666669,0.019136594386818962
-0.24444444444444446,-0.5,0.16666666666666669,0.03145867984834175
-0.20555555555555557,-0.5,0.16666666666666669,0.03829859387431506
-0.16666666666666669,-0.5,0.16666666666666669,0.0294240232732224
-0.12777777777777777,-0.5,0.16666666666666669,0.02699986656001949
-0.0888888888888889,-0.5,0.16666666666666669,0.02647263241896881
-0.05,-0.5,0.16666666666666669,0.02635114451401646
-0.4,-0.5,0.20555555555555555,0.01437220549370995
-0.36111111111111116,-0.5,0.20555555555555555,0.014562883278453889
-0.32222222222222224,-0.5,0.20555555555555555,0.015135896708560637
-0.2833333333333333,-0.5,0.20555555555555555,0.017558654261511125
-0.24444444444444446,-0.5,0.20555555555555555,0.02781145824062656
-0.20555555555555557,-0.5,0.20555555555555555,0.030926039013940827
-0.16666666666666669,-0.5,0.20555555555555555,0.022145112222439173
-0.12777777777777777,-0.5,0.20555555555555555,0.020144497602256974
-0.0888888888888889,-0.5,0.20555555555555555,0.01970568823008967
-0.05,-0.5,0.20555555555555555,0.019600341632930632
-0.4,-0.5,0.24444444444444446,0.013590845272572104
-0.36111111111111116,-0.5,0.24444444444444446,0.01373989902455268
-0.32222222222222224,-0.5,0.24444444444444446,0.014228399351720879
-0.2833333333333333,-0.5,0.24444444444444446,0.016315524203079818
-0.24444444444444446,-0.5,0.24444444444444446,0.024441064285081724
-0.20555555555555557,-0.5,0.24444444444444446,0.02544376195241944
-0.16666666666666669,-0.5,0.24444444444444446,0.017795881445492195
-0.12777777777777777,-0.5,0.24444444444444446,0.01600784767919807
-0.0888888888888889,-0.5,0.24444444444444446,0.015608055079208032
-0.05,-0.5,0.24444444444444446,0.015508654018185339
-0.4,-0.5,0.2833333333333333,0.013075310478002047
-0.36111111111111116,-0.5,0.2833333333333333,0.01319093168829779
-0.32222222222222224,-0.5,0.2833333333333333,0.013608196800927137
-0.2833333333333333,-0.5,0.2833333333333333,0.015403364959027575
-0.24444444444444446,-0.5,0.2833333333333333,0.021662893148503153
-0.20555555555555557,-0.5,0.2833333333333333,0.021387575274151742
-0.16666666666666669,-0.5,0.2833333333333333,0.015202077937019292
-0.12777777777777777,-0.5,0.2833333333333333,0.013499375889488373
-0.0888888888888889,-0.5,0.2833333333333333,0.013107298489833451
-0.05,-0.5,0.2833333333333333,0.013007404398390602
-0.4,-0.5,0.32222222222222224,0.012751429478016092
-0.36111111111111116,-0.5,0.32222222222222224,0.012843570961406842
-0.32222222222222224,-0.5,0.32222222222222224,0.013205772804983952
-0.2833333333333333,-0.5,0.32222222222222224,0.014775123954616196
-0.24444444444444446,-0.5,0.32222222222222224,0.019584042285951155
-0.20555555555555557,-0.5,0.32222222222222224,0.01839667139480304
-0.16666666666666669,-0.5,0.32222222222222224,0.013698756779402051
-0.12777777777777777,-0.5,0.32222222222222224,0.011999819144488354
-0.0888888888888889,-0.5,0.32222222222222224,0.011589632892471594
-0.05,-0.5,0.32222222222222224,0.011477884232684234
-0.4,-0.5,0.3611111111111111,0.012552218192486838
-0.36111111111111116,-0.5,0.3611111111111111,0.012630547672869254
-0.32222222222222224,-0.5,0.3611111111111111,0.012955874659969994
-0.2833333333333333,-0.5,0.3611111111111111,0.014362500129067465
-0.24444444444444446,-0.5,0.3611111111111111,0.018145294740222976
-0.20555555555555557,-0.5,0.3611111111111111,0.016245281787858227
-0.16666666666666669,-0.5,0.3611111111111111,0.012885571526360096
-0.12777777777777777,-0.5,0.3611111111111111,0.011145435506775547
-0.0888888888888889,-0.5,0.3611111111111111,0.010689969170666482
-0.05,-0.5,0.3611111111111111,0.010553435684026544
-0.4,-0.5,0.4,0.01243235880970722
-0.36111111111111116,-0.5,0.4,0.01250206189378882
-0.32222222222222224,-0.5,0.4,0.012803007215451209
-0.2833333333333333,-0.5,0.4,0.014102997372103557
-0.24444444444444446,-0.5,0.4,0.017205710313811132
-0.20555555555555557,-0.5,0.4,0.01478387515469341
-0.16666666666666669,-0.5,0.4,0.012496113993203582
-0.12777777777777777,-0.5,0.4,0.01071810492726851
-0.0888888888888889,-0.5,0.4,0.01019567652239923
-0.05,-0.5,0.4,0.010013123847864876
-0.4,-0.4777777777777778,0.05,0.016153982887085725
-0.36111111111111116,-0.4777777777777778,0.05,0.01618696955722927
-0.32222222222222224,-0.4777777777777778,0.05,0.01635637863280076
-0.2833333333333333,-0.4777777777777778,0.05,0.01706559998305
-0.24444444444444446,-0.4777777777777778,0.05,0.01944460770931353
-0.20555555555555557,-0.4777777777777778,0.05,0.025562640859984317
-0.16666666666666669,-0.4777777777777778,0.05,0.027915362114520562
-0.12777777777777777,-0.4777777777777778,0.05,0.025868408580142704
-0.0888888888888889,-0.4777777777777778,0.05,0.025394913469088502
-0.05,-0.4777777777777778,0.05,0.025287036150196136
-0.4,-0.4777777777777778,0.08888888888888889,0.015802019180563117
-0.36111111111111116,-0.4777777777777778,0.08888888888888889,0.01582117129887989
-0.32222222222222224,-0.4777777777777778,0.08888888888888889,0.015928496384200384
-0.2833333333333333,-0.4777777777777778,0.08888888888888889,0.016378283237074024
-0.24444444444444446,-0.4777777777777778,0.08888888888888889,0.01787825753495017
-0.20555555555555557,-0.4777777777777778,0.08888888888888889,0.02151872718903396
-0.16666666666666669,-0.4777777777777778,0.08888888888888889,0.019354910672539197
-0.12777777777777777,-0.4777777777777778,0.08888888888888889,0.01800039454066199
-0.0888888888888889,-0.4777777777777778,0.08888888888888889,0.01768842285675624
-0.05,-0.4777777777777778,0.08888888888888889,0.017615238663014093
-0.4,-0.4777777777777778,0.12777777777777777,0.015367819820499914
-0.36111111111111116,-0.4777777777777778,0.12777777777777777,0.01537713117716414
-0.32222222222222224,-0.4777777777777778,0.12777777777777777,0.015427244438720174
-0.2833333333333333,-0.4777777777777778,0.12777777777777777,0.015641772016393708
-0.24444444444444446,-0.4777777777777778,0.12777777777777777,0.016382704119413054
-0.20555555555555557,-0.4777777777777778,0.12777777777777777,0.018306522476740607
-0.16666666666666669,-0.4777777777777778,0.12777777777777777,0.014656222730438987
-0.12777777777777777,-0.4777777777777778,0.12777777777777777,0.013660863913798746
-0.0888888888888889,-0.4777777777777778,0.12777777777777777,0.013430453227917851
-0.05,-0.4777777777777778,0.12777777777777777,0.013375617951732581
-0.4,-0.4777777777777778,0.16666666666666669,0.014880060834258446
-0.36111111111111116,-0.4777777777777778,0.16666666666666669,0.01488730165309357
-0.32222222222222224,-0.4777777777777778,0.16666666666666669,0.014894800412783606
-0.2833333333333333,-0.4777777777777778,0.16666666666666669,0.01492362272646713
-0.24444444444444446,-0.4777777777777778,0.16666666666666669,0.015101482635658952
-0.20555555555555557,-0.4777777777777778,0.16666666666666669,0.015338774680607908
-0.16666666666666669,-0.4777777777777778,0.16666666666666669,0.012062445848378907
-0.12777777777777777,-0.4777777777777778,0.16666666666666669,0.01123973027782024
-0.0888888888888889,-0.4777777777777778,0.16666666666666669,0.011045959238553709
-0.05,-0.4777777777777778,0.16666666666666669,0.010997981232854191
-0.4,-0.4777777777777778,0.20555555555555555,0.014397621510312578
-0.36111111111111116,-0.4777777777777778,0.20555555555555555,0.014399437837578778
-0.32222222222222224,-0.4777777777777778,0.20555555555555555,0.014379394473498952
-0.2833333333333333,-0.4777777777777778,0.20555555555555555,0.01428094861812043
-0.24444444444444446,-0.4777777777777778,0.20555555555555555,0.014082086551704766
-0.20555555555555557,-0.4777777777777778,0.20555555555555555,0.01359068086689659
-0.16666666666666669,-0.4777777777777778,0.20555555555555555,0.010643057414763573
-0.12777777777777777,-0.4777777777777778,0.20555555555555555,0.009882199352718902
-0.0888888888888889,-0.4777777777777778,0.20555555555555555,0.009694977732808368
-0.05,-0.4777777777777778,0.20555555555555555,0.009646639326937536
-0.4,-0.4777777777777778,0.24444444444444446,0.013976404441607845
-0.36111111111111116,-0.4777777777777778,0.24444444444444446,0.013974906453769196
-0.32222222222222224,-0.4777777777777778,0.24444444444444446,0.013935151486402994
-0.2833333333333333,-0.4777777777777778,0.24444444444444446,0.013751766146660535
-0.24444444444444446,-0.4777777777777778,0.24444444444444446,0.013307598495367064
-0.20555555555555557,-0.4777777777777778,0.24444444444444446,0.012745538545888429
-0.16666666666666669,-0.4777777777777778,0.24444444444444446,0.009915092037107808
-0.12777777777777777,-0.4777777777777778,0.24444444444444446,0.009136092257257785
-0.0888888888888889,-0.4777777777777778,0.24444444444444446,0.008930204731313613
-0.05,-0.4777777777777778,0.24444444444444446,0.008873129054318302
-0.4,-0.4777777777777778,0.2833333333333333,0.013650088188669349
-0.36111111111111116,-0.4777777777777778,0.2833333333333333,0.013643447852636364
-0.32222222222222224,-0.4777777777777778,0.2833333333333333,0.013589057313547762
-0.2833333333333333,-0.4777777777777778,0.2833333333333333,0.013351193247075385
-0.24444444444444446,-0.4777777777777778,0.2833333333333333,0.012743146320239505
-0.20555555555555557,-0.4777777777777778,0.2833333333333333,0.012362103870661102
-0.16666666666666669,-0.4777777777777778,0.2833333333333333,0.009626304643642723
-0.12777777777777777,-0.4777777777777778,0.2833333333333333,0.008768952677740924
-0.0888888888888889,-0.4777777777777778,0.2833333333333333,0.008513840480509538
-0.05,-0.4777777777777778,0.2833333333333333,0.008434554927340255
-0.4,-0.4777777777777778,0.32222222222222224,0.013418857913192082
-0.36111111111111116,-0.4777777777777778,0.32222222222222224,0.013408375472957857
-0.32222222222222224,-0.4777777777777778,0.32222222222222224,0.013343588058234183
-0.2833333333333333,-0.4777777777777778,0.32222222222222224,0.013068678339099965
-0.24444444444444446,-0.4777777777777778,0.32222222222222224,0.012350068820007915
-0.20555555555555557,-0.4777777777777778,0.32222222222222224,0.011756506883784575
-0.16666666666666669,-0.4777777777777778,0.32222222222222224,0.009639612337174124
-0.12777777777777777,-0.4777777777777778,0.32222222222222224,0.008673273828552857
-0.0888888888888889,-0.4777777777777778,0.32222222222222224,0.008328635146373706
-0.05,-0.4777777777777778,0.32222222222222224,0.008204517310875318
-0.4,-0.4777777777777778,0.3611111111111111,0.013262938730957853
-0.36111111111111116,-0.4777777777777778,0.3611111111111111,0.013250318374905793
-0.32222222222222224,-0.4777777777777778,0.3611111111111111,0.013178030193686272
-0.2833333333333333,-0.4777777777777778,0.3611111111111111,0.012880642705477185
-0.24444444444444446,-0.4777777777777778,0.3611111111111111,0.012089091214394729
-0.20555555555555557,-0.4777777777777778,0.3611111111111111,0.011331861516929347
-0.16666666666666669,-0.4777777777777778,0.3611111111111111,0.009846735575198351
-0.12777777777777777,-0.4777777777777778,0.3611111111111111,0.008802931643626817
-0.0888888888888889,-0.4777777777777778,0.3611111111111111,0.00833028702945971
-0.05,-0.4777777777777778,0.3611111111111111,0.008123241131678486
-0.4,-0.4777777777777778,0.4,0.013163378753065133
-0.36111111111111116,-0.4777777777777778,0.4,0.01314810313705037
-0.32222222222222224,-0.4777777777777778,0.4,0.013071680598912845
-0.2833333333333333,-0.4777777777777778,0.4,0.012759000493785302
-0.24444444444444446,-0.4777777777777778,0.4,0.011921814398495868
-0.20555555555555557,-0.4777777777777778,0.4,0.011050458041663014
-0.16666666666666669,-0.4777777777777778,0.4,0.010122328146674459
-0.12777777777777777,-0.4777777777777778,0.4,0.009107360583076742
-0.0888888888888889,-0.4777777777777778,0.4,0.008513782976520681
-0.05,-0.4777777777777778,0.4,0.008180212024514785
-0.4,-0.45555555555555555,0.05,0.012291830685740654
-0.36111111111111116,-0.45555555555555555,0.05,0.01230062212566574
-0.32222222222222224,-0.45555555555555555,0.05,0.0123468165896882
-0.2833333333333333,-0.45555555555555555,0.05,0.012529156458265547
-0.24444444444444446,-0.45555555555555555,0.05,0.013012946715083223
-0.20555555555555557,-0.45555555555555555,0.05,0.013967769389709502
-0.16666666666666669,-0.45555555555555555,0.05,0.012300550307368058
-0.12777777777777777,-0.45555555555555555,0.05,0.01103962804745032
-0.0888888888888889,-0.45555555555555555,0.05,0.010708877164920012
-0.05,-0.45555555555555555,0.05,0.010632964406436407
-0.4,-0.45555555555555555,0.08888888888888889,0.011851671052830838
-0.36111111111111116,-0.45555555555555555,0.08888888888888889,0.01185445355652131
-0.32222222222222224,-0.45555555555555555,0.08888888888888889,0.011874692988067764
-0.2833333333333333,-0.45555555555555555,0.08888888888888889,0.011955528110991922
-0.24444444444444446,-0.45555555555555555,0.08888888888888889,0.01218126828002154
-0.20555555555555557,-0.45555555555555555,0.08888888888888889,0.012703069225062893
-0.16666666666666669,-0.45555555555555555,0.08888888888888889,0.01017077483206597
-0.12777777777777777,-0.45555555555555555,0.08888888888888889,0.009281765818523765
-0.0888888888888889,-0.45555555555555555,0.08888888888888889,0.009054661553154085
-0.05,-0.45555555555555555,0.08888888888888889,0.009002093869007287
-0.4,-0.45555555555555555,0.12777777777777777,0.011530046610055873
-0.36111111111111116,-0.45555555555555555,0.12777777777777777,0.011529874449291917
-0.32222222222222224,-0.45555555555555555,0.12777777777777777,0.011531976636083203
-0.2833333333333333,-0.45555555555555555,0.12777777777777777,0.011544302788778566
-0.24444444444444446,-0.45555555555555555,0.12777777777777777,0.011599678037315054
-0.20555555555555557,-0.45555555555555555,0.12777777777777777,0.011225792284379848
-0.16666666666666669,-0.45555555555555555,0.12777777777777777,0.009039165658835903
-0.12777777777777777,-0.45555555555555555,0.12777777777777777,0.008338163429400466
-0.0888888888888889,-0.45555555555555555,0.12777777777777777,0.008160058551157165
-0.05,-0.45555555555555555,0.12777777777777777,0.00811782269472573
-0.4,-0.45555555555555555,0.16666666666666669,0.011296039924554866
-0.36111111111111116,-0.45555555555555555,0.16666666666666669,0.011294318216143266
-0.32222222222222224,-0.45555555555555555,0.16666666666666669,0.011286809519621166
-0.2833333333333333,-0.45555555555555555,0.16666666666666669,0.011257047250274732
-0.24444444444444446,-0.45555555555555555,0.16666666666666669,0.011206207811827962
-0.20555555555555557,-0.45555555555555555,0.16666666666666669,0.01043997622188186
-0.16666666666666669,-0.45555555555555555,0.16666666666666669,0.008461067862789298
-0.12777777777777777,-0.45555555555555555,0.16666666666666669,0.007835154056431962
-0.0888888888888889,-0.45555555555555555,0.16666666666666669,0.007674183726871107
-0.05,-0.45555555555555555,0.16666666666666669,0.007634826787599781
-0.4,-0.45555555555555555,0.20555555555555555,0.011125764200448807
-0.36111111111111116,-0.45555555555555555,0.20555555555555555,0.011123591930058208
-0.32222222222222224,-0.45555555555555555,0.20555555555555555,0.011109926500296952
-0.2833333333333333,-0.45555555555555555,0.20555555555555555,0.011055105523400709
-0.24444444444444446,-0.45555555555555555,0.20555555555555555,0.010937693168620248
-0.20555555555555557,-0.45555555555555555,0.20555555555555555,0.010135044385088323
-0.16666666666666669,-0.45555555555555555,0.20555555555555555,0.008217257290559228
-0.12777777777777777,-0.45555555555555555,0.20555555555555555,0.007585833494233947
-0.0888888888888889,-0.45555555555555555,0.20555555555555555,0.007414036371572513
-0.05,-0.45555555555555555,0.20555555555555555,0.007368222848202716
-0.4,-0.45555555555555555,0.24444444444444446,0.011003256102331674
-0.36111111111111116,-0.45555555555555555,0.24444444444444446,0.011000621258872828
-0.32222222222222224,-0.45555555555555555,0.24444444444444446,0.010983085414548026
-0.2833333333333333,-0.45555555555555555,0.24444444444444446,0.010912351314607207
-0.24444444444444446,-0.45555555555555555,0.24444444444444446,0.0107524812035107
-0.20555555555555557,-0.45555555555555555,0.24444444444444446,0.010144669252691722
-0.16666666666666669,-0.45555555555555555,0.24444444444444446,0.008205643767616143
-0.12777777777777777,-0.45555555555555555,0.24444444444444446,0.007502846906108135
-0.0888888888888889,-0.45555555555555555,0.24444444444444446,0.007291299934427893
-0.05,-0.45555555555555555,0.24444444444444446,0.007228350365776826
-0.4,-0.45555555555555555,0.2833333333333333,0.010917678674949251
-0.36111111111111116,-0.45555555555555555,0.2833333333333333,0.010914235427458376
-0.32222222222222224,-0.45555555555555555,0.2833333333333333,0.010894095592202786
-0.2833333333333333,-0.45555555555555555,0.2833333333333333,0.01081362294087107
-0.24444444444444446,-0.45555555555555555,0.2833333333333333,0.010624876416126737
-0.20555555555555557,-0.45555555555555555,0.2833333333333333,0.010348246203087233
-0.16666666666666669,-0.45555555555555555,0.2833333333333333,0.008389737957154118
-0.12777777777777777,-0.45555555555555555,0.2833333333333333,0.007563168749038717
-0.0888888888888889,-0.45555555555555555,0.2833333333333333,0.00727072756584395
-0.05,-0.45555555555555555,0.2833333333333333,0.0071710184160314085
-0.4,-0.45555555555555555,0.32222222222222224,0.010861675249800692
-0.36111111111111116,-0.45555555555555555,0.32222222222222224,0.010856820401948214
-0.32222222222222224,-0.45555555555555555,0.32222222222222224,0.010834983959017878
-0.2833333333333333,-0.45555555555555555,0.32222222222222224,0.010748157185259921
-0.24444444444444446,-0.45555555555555555,0.32222222222222224,0.01053893723788961
-0.20555555555555557,-0.45555555555555555,0.32222222222222224,0.010382380396532016
-0.16666666666666669,-0.45555555555555555,0.32222222222222224,0.008739394966718014
-0.12777777777777777,-0.45555555555555555,0.32222222222222224,0.007780385606266275
-0.0888888888888889,-0.45555555555555555,0.32222222222222224,0.007356103449586739
-0.05,-0.45555555555555555,0.32222222222222224,0.0071853757139518455
-0.4,-0.45555555555555555,0.3611111111111111,0.010824351561635678
-0.36111111111111116,-0.45555555555555555,0.3611111111111111,0.010819801459751057
-0.32222222222222224,-0.45555555555555555,0.3611111111111111,0.01079632860665175
-0.2833333333333333,-0.45555555555555555,0.3611111111111111,0.01070503932312035
-0.24444444444444446,-0.45555555555555555,0.3611111111111111,0.010482660567525224
-0.20555555555555557,-0.45555555555555555,0.3611111111111111,0.010291572639475707
-0.16666666666666669,-0.45555555555555555,0.3611111111111111,0.009185065014414849
-0.12777777777777777,-0.45555555555555555,0.3611111111111111,0.008174328120040979
-0.0888888888888889,-0.45555555555555555,0.3611111111111111,0.007582003111589153
-0.05,-0.45555555555555555,0.3611111111111111,0.007286555204669698
-0.4,-0.45555555555555555,0.4,0.010801023007546543
-0.36111111111111116,-0.45555555555555555,0.4,0.010796359377888917
-0.32222222222222224,-0.45555555555555555,0.4,0.010772183289002953
-0.2833333333333333,-0.45555555555555555,0.4,0.010677840891391429
-0.24444444444444446,-0.45555555555555555,0.4,0.010447340968377074
-0.20555555555555557,-0.45555555555555555,0.4,0.01023169938330898
-0.16666666666666669,-0.45555555555555555,0.4,0.009615591854399443
-0.12777777777777777,-0.45555555555555555,0.4,0.008701047111796574
-0.0888888888888889,-0.45555555555555555,0.4,0.007984009656455095
-0.05,-0.45555555555555555,0.4,0.0075137258089888175
-0.4,-0.43333333333333335,0.05,0.010624519586856875
-0.36111111111111116,-0.43333333333333335,0.05,0.010626799330034282
-0.32222222222222224,-0.43333333333333335,0.05,0.010637508817504863
-0.2833333333333333,-0.43333333333333335,0.05,0.010680574708534351
-0.24444444444444446,-0.43333333333333335,0.05,0.010781118069285625
-0.20555555555555557,-0.43333333333333335,0.05,0.010943174199454814
-0.16666666666666669,-0.43333333333333335,0.05,0.0088962335034464
-0.12777777777777777,-0.43333333333333335,0.05,0.007889356364828879
-0.0888888888888889,-0.43333333333333335,0.05,0.007595210835163993
-0.05,-0.43333333333333335,0.05,0.0075251357311458085
-0.4,-0.43333333333333335,0.08888888888888889,0.010463599020587709
-0.36111111111111116,-0.43333333333333335,0.08888888888888889,0.010464151031759144
-0.32222222222222224,-0.43333333333333335,0.08888888888888889,0.01046864117886149
-0.2833333333333333,-0.43333333333333335,0.08888888888888889,0.010483703983302747
-0.24444444444444446,-0.43333333333333335,0.08888888888888889,0.01052305147835711
-0.20555555555555557,-0.43333333333333335,0.08888888888888889,0.010155589037554574
-0.16666666666666669,-0.43333333333333335,0.08888888888888889,0.008211635303784246
-0.12777777777777777,-0.43333333333333335,0.08888888888888889,0.007440464543505414
-0.0888888888888889,-0.43333333333333335,0.08888888888888889,0.007229787194847086
-0.05,-0.43333333333333335,0.08888888888888889,0.007180136219278972
-0.4,-0.43333333333333335,0.12777777777777777,0.010364419384678586
-0.36111111111111116,-0.43333333333333335,0.12777777777777777,0.010364378053139651
-0.32222222222222224,-0.43333333333333335,0.12777777777777777,0.010364187106036432
-0.2833333333333333,-0.43333333333333335,0.12777777777777777,0.010363883507946868
-0.24444444444444446,-0.43333333333333335,0.12777777777777777,0.010367152862708702
-0.20555555555555557,-0.43333333333333335,0.12777777777777777,0.009633520820739797
-0.16666666666666669,-0.43333333333333335,0.12777777777777777,0.007848989459103055
-0.12777777777777777,-0.43333333333333335,0.12777777777777777,0.007205508597079611
-0.0888888888888889,-0.43333333333333335,0.12777777777777777,0.007035169241711009
-0.05,-0.43333333333333335,0.12777777777777777,0.006993944024430852
-0.4,-0.43333333333333335,0.16666666666666669,0.010300404118467044
-0.36111111111111116,-0.43333333333333335,0.16666666666666669,0.010300361878981855
-0.32222222222222224,-0.43333333333333335,0.16666666666666669,0.010298204404689421
-0.2833333333333333,-0.43333333333333335,0.16666666666666669,0.010288504840805209
-0.24444444444444446,-0.43333333333333335,0.16666666666666669,0.010270647483603085
-0.20555555555555557,-0.43333333333333335,0.16666666666666669,0.009404177892824472
-0.16666666666666669,-0.43333333333333335,0.16666666666666669,0.007691161564049279
-0.12777777777777777,-0.43333333333333335,0.16666666666666669,0.007094268678172389
-0.0888888888888889,-0.43333333333333335,0.16666666666666669,0.006934876970103072
-0.05,-0.43333333333333335,0.16666666666666669,0.006894255725398385
-0.4,-0.43333333333333335,0.20555555555555555,0.010257652981042127
-0.36111111111111116,-0.43333333333333335,0.20555555555555555,0.010257268682678766
-0.32222222222222224,-0.43333333333333335,0.20555555555555555,0.010253549579874923
-0.2833333333333333,-0.43333333333333335,0.20555555555555555,0.010239342028802811
-0.24444444444444446,-0.43333333333333335,0.20555555555555555,0.010208558839196084
-0.20555555555555557,-0.43333333333333335,0.20555555555555555,0.00940629025448016
-0.16666666666666669,-0.43333333333333335,0.20555555555555555,0.007687625173985611
-0.12777777777777777,-0.43333333333333335,0.20555555555555555,0.007067333286402294
-0.0888888888888889,-0.43333333333333335,0.20555555555555555,0.006892514576412697
-0.05,-0.43333333333333335,0.20555555555555555,0.006845016056484759
-0.4,-0.43333333333333335,0.24444444444444446,0.010228096635265497
-0.36111111111111116,-0.43333333333333335,0.24444444444444446,0.0102275345728922
-0.32222222222222224,-0.43333333333333335,0.24444444444444446,0.010223124257926212
-0.2833333333333333,-0.43333333333333335,0.24444444444444446,0.010206011488483288
-0.24444444444444446,-0.43333333333333335,0.24444444444444446,0.010167030730082896
-0.20555555555555557,-0.43333333333333335,0.24444444444444446,0.00959386163536691
-0.16666666666666669,-0.43333333333333335,0.24444444444444446,0.007825624697250802
-0.12777777777777777,-0.43333333333333335,0.24444444444444446,0.007118959260232301
-0.0888888888888889,-0.43333333333333335,0.24444444444444446,0.006897596202015582
-0.05,-0.43333333333333335,0.24444444444444446,0.006830238562574384
-0.4,-0.43333333333333335,0.2833333333333333,0.010208319801004078
-0.36111111111111116,-0.43333333333333335,0.2833333333333333,0.010207509451360607
-0.32222222222222224,-0.43333333333333335,0.2833333333333333,0.010202358021757157
-0.2833333333333333,-0.43333333333333335,0.2833333333333333,0.010183376645502824
-0.24444444444444446,-0.43333333333333335,0.2833333333333333,0.010138640747297386
-0.20555555555555557,-0.43333333333333335,0.2833333333333333,0.009907004302125655
-0.16666666666666669,-0.43333333333333335,0.2833333333333333,0.008111740971544368
-0.12777777777777777,-0.43333333333333335,0.2833333333333333,0.007269923320415287
-0.0888888888888889,-0.43333333333333335,0.2833333333333333,0.006958176682518714
-0.05,-0.43333333333333335,0.2833333333333333,0.006848920017093598
-0.4,-0.43333333333333335,0.32222222222222224,0.010195789975906476
-0.36111111111111116,-0.43333333333333335,0.32222222222222224,0.010194570759594316
-0.32222222222222224,-0.43333333333333335,0.32222222222222224,0.01018954601522402
-0.2833333333333333,-0.43333333333333335,0.32222222222222224,0.010168505090250786
-0.24444444444444446,-0.43333333333333335,0.32222222222222224,0.010119957568233771
-0.20555555555555557,-0.43333333333333335,0.32222222222222224,0.010083840247477221
-0.16666666666666669,-0.43333333333333335,0.32222222222222224,0.00853643736612829
-0.12777777777777777,-0.43333333333333335,0.32222222222222224,0.007561548141693035
-0.0888888888888889,-0.43333333333333335,0.32222222222222224,0.007103929549251668
-0.05,-0.43333333333333335,0.32222222222222224,0.006915318559214609
-0.4,-0.43333333333333335,0.3611111111111111,0.01018694388398712
-0.36111111111111116,-0.43333333333333335,0.3611111111111111,0.010186184558457304
-0.32222222222222224,-0.43333333333333335,0.3611111111111111,0.010180789663035195
-0.2833333333333333,-0.43333333333333335,0.3611111111111111,0.010159348336240331
-0.24444444444444446,-0.43333333333333335,0.3611111111111111,0.01010719152855886
-0.20555555555555557,-0.43333333333333335,0.3611111111111111,0.010063855611178892
-0.16666666666666669,-0.43333333333333335,0.3611111111111111,0.009036609578587354
-0.12777777777777777,-0.43333333333333335,0.3611111111111111,0.008022016735072829
-0.0888888888888889,-0.43333333333333335,0.3611111111111111,0.007386724202898439
-0.05,-0.43333333333333335,0.3611111111111111,0.007059626255201582
-0.4,-0.43333333333333335,0.4,0.010181786545394422
-0.36111111111111116,-0.43333333333333335,0.4,0.010181124587006261
-0.32222222222222224,-0.43333333333333335,0.4,0.010175461298652391
-0.2833333333333333,-0.43333333333333335,0.4,0.010152686535372164
-0.24444444444444446,-0.43333333333333335,0.4,0.010099663206239418
-0.20555555555555557,-0.43333333333333335,0.4,0.010050821850188916
-0.16666666666666669,-0.43333333333333335,0.4,0.009502775592509621
-0.12777777777777777,-0.43333333333333335,0.4,0.008605668018559423
-0.0888888888888889,-0.43333333333333335,0.4,0.007849168525889951
-0.05,-0.43333333333333335,0.4,0.007333804414854101
-0.4,-0.4111111111111111,0.05,0.010145309681449666
-0.36111111111111116,-0.4111111111111111,0.05,0.010145882056725196
-0.32222222222222224,-0.4111111111111111,0.05,0.010147863126518933
-0.2833333333333333,-0.4111111111111111,0.05,0.010157667696638232
-0.24444444444444446,-0.4111111111111111,0.05,0.010179547230062067
-0.20555555555555557,-0.4111111111111111,0.05,0.010018135461527862
-0.16666666666666669,-0.4111111111111111,0.05,0.008148908467843208
-0.12777777777777777,-0.4111111111111111,0.05,0.00722259135110658
-0.0888888888888889,-0.4111111111111111,0.05,0.0069396723615801955
-0.05,-0.4111111111111111,0.05,0.006871512947216293
-0.4,-0.4111111111111111,0.08888888888888889,0.01010533179056174
-0.36111111111111116,-0.4111111111111111,0.08888888888888889,0.010105578925932572
-0.32222222222222224,-0.4111111111111111,0.08888888888888889,0.010106597536804734
-0.2833333333333333,-0.4111111111111111,0.08888888888888889,0.010109679492063796
-0.24444444444444446,-0.4111111111111111,0.08888888888888889,0.010117185989521767
-0.20555555555555557,-0.4111111111111111,0.08888888888888889,0.009568132389610877
-0.16666666666666669,-0.4111111111111111,0.08888888888888889,0.0077877921858974086
-0.12777777777777777,-0.4111111111111111,0.08888888888888889,0.007048569087463869
-0.0888888888888889,-0.4111111111111111,0.08888888888888889,0.006842275914546029
-0.05,-0.4111111111111111,0.08888888888888889,0.006793249244653962
-0.4,-0.4111111111111111,0.12777777777777777,0.010081795226568711
-0.36111111111111116,-0.4111111111111111,0.12777777777777777,0.01008166402141824
-0.32222222222222224,-0.4111111111111111,0.12777777777777777,0.010081937850382304
-0.2833333333333333,-0.4111111111111111,0.12777777777777777,0.01008113280626607
-0.24444444444444446,-0.4111111111111111,0.12777777777777777,0.010081158822131819
-0.20555555555555557,-0.4111111111111111,0.12777777777777777,0.009283683459592247
-0.16666666666666669,-0.4111111111111111,0.12777777777777777,0.00759151188047571
-0.12777777777777777,-0.4111111111111111,0.12777777777777777,0.006961166397530632
-0.0888888888888889,-0.4111111111111111,0.12777777777777777,0.0067929480040154295
-0.05,-0.4111111111111111,0.12777777777777777,0.006751927667595281
-0.4,-0.4111111111111111,0.16666666666666669,0.010066866342308474
-0.36111111111111116,-0.4111111111111111,0.16666666666666669,0.010066902658259946
-0.32222222222222224,-0.4111111111111111,0.16666666666666669,0.010066601435940695
-0.2833333333333333,-0.4111111111111111,0.16666666666666669,0.010063983591973642
-0.24444444444444446,-0.4111111111111111,0.16666666666666669,0.01005932302303863
-0.20555555555555557,-0.4111111111111111,0.16666666666666669,0.009176654695074038
-0.16666666666666669,-0.4111111111111111,0.16666666666666669,0.007523544861706825
-0.12777777777777777,-0.4111111111111111,0.16666666666666669,0.006932249423651873
-0.0888888888888889,-0.4111111111111111,0.16666666666666669,0.006773101350367843
-0.05,-0.4111111111111111,0.16666666666666669,0.0067322067937556395
-0.4,-0.4111111111111111,0.20555555555555555,0.010056941686744302
-0.36111111111111116,-0.4111111111111111,0.20555555555555555,0.010057085334112979
-0.32222222222222224,-0.4111111111111111,0.20555555555555555,0.010056196710867217
-0.2833333333333333,-0.4111111111111111,0.20555555555555555,0.010053015423846902
-0.24444444444444446,-0.4111111111111111,0.20555555555555555,0.010046100592950026
-0.20555555555555557,-0.4111111111111111,0.20555555555555555,0.009245638243495913
-0.16666666666666669,-0.4111111111111111,0.20555555555555555,0.007571350043092253
-0.12777777777777777,-0.4111111111111111,0.20555555555555555,0.006952112665854167
-0.0888888888888889,-0.4111111111111111,0.20555555555555555,0.006776086157849995
-0.05,-0.4111111111111111,0.20555555555555555,0.006728288274090735
-0.4,-0.4111111111111111,0.24444444444444446,0.010050565063392072
-0.36111111111111116,-0.4111111111111111,0.24444444444444446,0.010050143322291536
-0.32222222222222224,-0.4111111111111111,0.24444444444444446,0.010049626703472397
-0.2833333333333333,-0.4111111111111111,0.24444444444444446,0.010045442297811036
-0.24444444444444446,-0.4111111111111111,0.24444444444444446,0.010037038278782223
-0.20555555555555557,-0.4111111111111111,0.24444444444444446,0.009470950412912588
-0.16666666666666669,-0.4111111111111111,0.24444444444444446,0.007740411833887945
-0.12777777777777777,-0.4111111111111111,0.24444444444444446,0.007033093672939403
-0.0888888888888889,-0.4111111111111111,0.24444444444444446,0.006808305340871448
-0.05,-0.4111111111111111,0.24444444444444446,0.006740247066093406
-0.4,-0.4111111111111111,0.2833333333333333,0.010045908590794466
-0.36111111111111116,-0.4111111111111111,0.2833333333333333,0.010045774887047011
-0.32222222222222224,-0.4111111111111111,0.2833333333333333,0.010044878513966151
-0.2833333333333333,-0.4111111111111111,0.2833333333333333,0.010040317195274451
-0.24444444444444446,-0.4111111111111111,0.2833333333333333,0.010030626630326764
-0.20555555555555557,-0.4111111111111111,0.2833333333333333,0.009807004961008593
-0.16666666666666669,-0.4111111111111111,0.2833333333333333,0.008048361784252197
-0.12777777777777777,-0.4111111111111111,0.2833333333333333,0.007203782687768407
-0.0888888888888889,-0.4111111111111111,0.2833333333333333,0.006886199384278291
-0.05,-0.4111111111111111,0.2833333333333333,0.006775108203282677
-0.4,-0.4111111111111111,0.32222222222222224,0.010043462569170923
-0.36111111111111116,-0.4111111111111111,0.32222222222222224,0.010043064561851698
-0.32222222222222224,-0.4111111111111111,0.32222222222222224,0.010042046885166188
-0.2833333333333333,-0.4111111111111111,0.32222222222222224,0.010037370920191798
-0.24444444444444446,-0.4111111111111111,0.32222222222222224,0.010026693526174297
-0.20555555555555557,-0.4111111111111111,0.32222222222222224,0.01001856576914349
-0.16666666666666669,-0.4111111111111111,0.32222222222222224,0.00848971980909359
-0.12777777777777777,-0.4111111111111111,0.32222222222222224,0.007511570103409585
-0.0888888888888889,-0.4111111111111111,0.32222222222222224,0.007046270234136585
-0.05,-0.4111111111111111,0.32222222222222224,0.006852490265302052
-0.4,-0.4111111111111111,0.3611111111111111,0.010041150563242573
-0.36111111111111116,-0.4111111111111111,0.3611111111111111,0.010041185979308183
-0.32222222222222224,-0.4111111111111111,0.3611111111111111,0.010040144981444845
-0.2833333333333333,-0.4111111111111111,0.3611111111111111,0.010035470450711459
-0.24444444444444446,-0.4111111111111111,0.3611111111111111,0.01002350929776178
-0.20555555555555557,-0.4111111111111111,0.3611111111111111,0.010014207046768716
-0.16666666666666669,-0.4111111111111111,0.3611111111111111,0.009002415704367817
-0.12777777777777777,-0.4111111111111111,0.3611111111111111,0.00798708619198986
-0.0888888888888889,-0.4111111111111111,0.3611111111111111,0.0073414818698761515
-0.05,-0.4111111111111111,0.3611111111111111,0.007006653746034298
-0.4,-0.4111111111111111,0.4,0.010040300210992498
-0.36111111111111116,-0.4111111111111111,0.4,0.010040405518279812
-0.32222222222222224,-0.4111111111111111,0.4,0.010039176267842521
-0.2833333333333333,-0.4111111111111111,0.4,0.010033701963615523
-0.24444444444444446,-0.4111111111111111,0.4,0.010021978508051572
-0.20555555555555557,-0.4111111111111111,0.4,0.010011061689206754
-0.16666666666666669,-0.4111111111111111,0.4,0.009475713458565582
-0.12777777777777777,-0.4111111111111111,0.4,0.008583473409640762
-0.0888888888888889,-0.4111111111111111,0.4,0.00781830413841104
-0.05,-0.4111111111111111,0.4,0.0072919569647518214
-0.4,-0.3888888888888889,0.05,0.010032630105647599
-0.36111111111111116,-0.3888888888888889,0.05,0.010032856197302155
-0.32222222222222224,-0.3888888888888889,0.05,0.010032782585566693
-0.2833333333333333,-0.3888888888888889,0.05,0.010035281011904429
-0.24444444444444446,-0.3888888888888889,0.05,0.010039860245106247
-0.20555555555555557,-0.3888888888888889,0.05,0.009782257237894191
-0.16666666666666669,-0.3888888888888889,0.05,0.007984904727148995
-0.12777777777777777,-0.3888888888888889,0.05,0.007078793138982648
-0.0888888888888889,-0.3888888888888889,0.05,0.006798892960225479
-0.05,-0.3888888888888889,0.05,0.0067312230782221386
-0.4,-0.3888888888888889,0.08888888888888889,0.010023197523111623
-0.36111111111111116,-0.3888888888888889,0.08888888888888889,0.010023445113724787
-0.32222222222222224,-0.3888888888888889,0.08888888888888889,0.010024113905304225
-0.2833333333333333,-0.3888888888888889,0.08888888888888889,0.010024341818560942
-0.24444444444444446,-0.3888888888888889,0.08888888888888889,0.010025971441302768
-0.20555555555555557,-0.3888888888888889,0.08888888888888889,0.009437480630973322
-0.16666666666666669,-0.3888888888888889,0.08888888888888889,0.007695278925501837
-0.12777777777777777,-0.3888888888888889,0.08888888888888889,0.0069634796821620455
-0.0888888888888889,-0.3888888888888889,0.08888888888888889,0.00675798421964149
-0.05,-0.3888888888888889,0.08888888888888889,0.006708696451842863
-0.4,-0.3888888888888889,0.12777777777777777,0.010018335192209385
-0.36111111111111116,-0.3888888888888889,0.12777777777777777,0.010018267842641213
-0.32222222222222224,-0.3888888888888889,0.12777777777777777,0.01001862835773545
-0.2833333333333333,-0.3888888888888889,0.12777777777777777,0.010017962765649275
-0.24444444444444446,-0.3888888888888889,0.12777777777777777,0.010017769843189963
-0.20555555555555557,-0.3888888888888889,0.12777777777777777,0.009205332436944876
-0.16666666666666669,-0.3888888888888889,0.12777777777777777,0.007534902610959789
-0.12777777777777777,-0.3888888888888889,0.12777777777777777,0.006908129563309578
-0.0888888888888889,-0.3888888888888889,0.12777777777777777,0.0067397379280664405
-0.05,-0.3888888888888889,0.12777777777777777,0.006699187509233423
-0.4,-0.3888888888888889,0.16666666666666669,0.01001448807668335
-0.36111111111111116,-0.3888888888888889,0.16666666666666669,0.010014985347032213
-0.32222222222222224,-0.3888888888888889,0.16666666666666669,0.010015172117954243
-0.2833333333333333,-0.3888888888888889,0.16666666666666669,0.010014075561760781
-0.24444444444444446,-0.3888888888888889,0.16666666666666669,0.010012877784007735
-0.20555555555555557,-0.3888888888888889,0.16666666666666669,0.00912539852459609
-0.16666666666666669,-0.3888888888888889,0.16666666666666669,0.007486358207353172
-0.12777777777777777,-0.3888888888888889,0.16666666666666669,0.0068964615565178895
-0.0888888888888889,-0.3888888888888889,0.16666666666666669,0.006737299424915239
-0.05,-0.3888888888888889,0.16666666666666669,0.0066968126446831895
-0.4,-0.3888888888888889,0.20555555555555555,0.010012539876019714
-0.36111111111111116,-0.3888888888888889,0.20555555555555555,0.010012732921906103
-0.32222222222222224,-0.3888888888888889,0.20555555555555555,0.010012604810312548
-0.2833333333333333,-0.3888888888888889,0.20555555555555555,0.010011918668874987
-0.24444444444444446,-0.3888888888888889,0.20555555555555555,0.010010162840681106
-0.20555555555555557,-0.3888888888888889,0.20555555555555555,0.009207953797138199
-0.16666666666666669,-0.3888888888888889,0.20555555555555555,0.007544803170129002
-0.12777777777777777,-0.3888888888888889,0.20555555555555555,0.006926980926061756
-0.0888888888888889,-0.3888888888888889,0.20555555555555555,0.006750653293873457
-0.05,-0.3888888888888889,0.20555555555555555,0.0067025376398488976
-0.4,-0.3888888888888889,0.24444444444444446,0.01001084493610742
-0.36111111111111116,-0.3888888888888889,0.24444444444444446,0.010010805901247671
-0.32222222222222224,-0.3888888888888889,0.24444444444444446,0.01001080996792727
-0.2833333333333333,-0.3888888888888889,0.24444444444444446,0.010010188198252461
-0.24444444444444446,-0.3888888888888889,0.24444444444444446,0.01000811373783914
-0.20555555555555557,-0.3888888888888889,0.24444444444444446,0.009441454610614027
-0.16666666666666669,-0.3888888888888889,0.24444444444444446,0.007721226919691867
-0.12777777777777777,-0.3888888888888889,0.24444444444444446,0.007013755472950133
-0.0888888888888889,-0.3888888888888889,0.24444444444444446,0.006788830955037834
-0.05,-0.3888888888888889,0.24444444444444446,0.006720065989426979
-0.4,-0.3888888888888889,0.2833333333333333,0.010010064286448893
-0.36111111111111116,-0.3888888888888889,0.2833333333333333,0.010010099221592263
-0.32222222222222224,-0.3888888888888889,0.2833333333333333,0.01000963873636281
-0.2833333333333333,-0.3888888888888889,0.2833333333333333,0.01000886980901341
-0.24444444444444446,-0.3888888888888889,0.2833333333333333,0.010006971815932734
-0.20555555555555557,-0.3888888888888889,0.2833333333333333,0.009781188504391324
-0.16666666666666669,-0.3888888888888889,0.2833333333333333,0.008033537933937001
-0.12777777777777777,-0.3888888888888889,0.2833333333333333,0.00718894011701443
-0.0888888888888889,-0.3888888888888889,0.2833333333333333,0.006870615540896398
-0.05,-0.3888888888888889,0.2833333333333333,0.006758761222017504
-0.4,-0.3888888888888889,0.32222222222222224,0.010009866513375317
-0.36111111111111116,-0.3888888888888889,0.32222222222222224,0.010009346383200573
-0.32222222222222224,-0.3888888888888889,0.32222222222222224,0.010009532948867562
-0.2833333333333333,-0.3888888888888889,0.32222222222222224,0.01000850699112642
-0.24444444444444446,-0.3888888888888889,0.32222222222222224,0.010005854802238482
-0.20555555555555557,-0.3888888888888889,0.32222222222222224,0.010004557151670798
-0.16666666666666669,-0.3888888888888889,0.32222222222222224,0.008477589631504122
-0.12777777777777777,-0.3888888888888889,0.32222222222222224,0.007500321941486346
-0.0888888888888889,-0.3888888888888889,0.32222222222222224,0.007032834620767218
-0.05,-0.3888888888888889,0.32222222222222224,0.006838233718988171
-0.4,-0.3888888888888889,0.3611111111111111,0.010008948770626431
-0.36111111111111116,-0.3888888888888889,0.3611111111111111,0.010009276965002907
-0.32222222222222224,-0.3888888888888889,0.3611111111111111,0.010009251050406336
-0.2833333333333333,-0.3888888888888889,0.3611111111111111,0.010007765752934125
-0.24444444444444446,-0.3888888888888889,0.3611111111111111,0.010005307043528906
-0.20555555555555557,-0.3888888888888889,0.3611111111111111,0.010003410986784964
-0.16666666666666669,-0.3888888888888889,0.3611111111111111,0.00899256644839269
-0.12777777777777777,-0.3888888888888889,0.3611111111111111,0.007979424708017945
-0.0888888888888889,-0.3888888888888889,0.3611111111111111,0.007331644213704686
-0.05,-0.3888888888888889,0.3611111111111111,0.006995215093399154
-0.4,-0.3888888888888889,0.4,0.010008923764436586
-0.36111111111111116,-0.3888888888888889,0.4,0.010009100797359881
-0.32222222222222224,-0.3888888888888889,0.4,0.01000871271898461
-0.2833333333333333,-0.3888888888888889,0.4,0.010007689441983833
-0.24444444444444446,-0.3888888888888889,0.4,0.01000512466492328
-0.20555555555555557,-0.3888888888888889,0.4,0.010002909002229162
-0.16666666666666669,-0.3888888888888889,0.4,0.009469082700548708
-0.12777777777777777,-0.3888888888888889,0.4,0.008578598393437841
-0.0888888888888889,-0.3888888888888889,0.4,0.0078111886160301255
-0.05,-0.3888888888888889,0.4,0.007281895738391808
-0.4,-0.3666666666666667,0.05,0.01000748929792085
-0.36111111111111116,-0.3666666666666667,0.05,0.01000773010253711
-0.32222222222222224,-0.3666666666666667,0.05,0.010007224787736519
-0.2833333333333333,-0.3666666666666667,0.05,0.010008031863820035
-0.24444444444444446,-0.3666666666666667,0.05,0.010008909724119696
-0.20555555555555557,-0.3666666666666667,0.05,0.009730041325506294
-0.16666666666666669,-0.3666666666666667,0.05,0.007948523335150934
-0.12777777777777777,-0.3666666666666667,0.05,0.007047030977122521
-0.0888888888888889,-0.3666666666666667,0.05,0.006768270791145615
-0.05,-0.3666666666666667,0.05,0.006700702899764927
-0.4,-0.3666666666666667,0.08888888888888889,0.010005094816435368
-0.36111111111111116,-0.3666666666666667,0.08888888888888889,0.010005347903594768
-0.32222222222222224,-0.3666666666666667,0.08888888888888889,0.01000584551543167
-0.2833333333333333,-0.3666666666666667,0.08888888888888889,0.010005523861965413
-0.24444444444444446,-0.3666666666666667,0.08888888888888889,0.010005845697360202
-0.20555555555555557,-0.3666666666666667,0.08888888888888889,0.009408235308063086
-0.16666666666666669,-0.3666666666666667,0.08888888888888889,0.007674961582949643
-0.12777777777777777,-0.3666666666666667,0.08888888888888889,0.006944965159483776
-0.0888888888888889,-0.3666666666666667,0.08888888888888889,0.006739547837859968
-0.05,-0.3666666666666667,0.08888888888888889,0.0066905421290952005
-0.4,-0.3666666666666667,0.12777777777777777,0.010003973049471836
-0.36111111111111116,-0.3666666666666667,0.12777777777777777,0.010004262434683988
-0.32222222222222224,-0.3666666666666667,0.12777777777777777,0.010004263119847322
-0.2833333333333333,-0.3666666666666667,0.12777777777777777,0.010004036803030775
-0.24444444444444446,-0.3666666666666667,0.12777777777777777,0.01000384951081737
-0.20555555555555557,-0.3666666666666667,0.12777777777777777,0.009187380118132941
-0.16666666666666669,-0.3666666666666667,0.12777777777777777,0.007522456969584172
-0.12777777777777777,-0.3666666666666667,0.12777777777777777,0.006896549190769432
-0.0888888888888889,-0.3666666666666667,0.12777777777777777,0.006728201067323875
-0.05,-0.3666666666666667,0.12777777777777777,0.0066876575986248975
-0.4,-0.3666666666666667,0.16666666666666669,0.0100030030563922
-0.36111111111111116,-0.3666666666666667,0.16666666666666669,0.010003532785823421
-0.32222222222222224,-0.3666666666666667,0.16666666666666669,0.010003785922376992
-0.2833333333333333,-0.3666666666666667,0.16666666666666669,0.010003104294976152
-0.24444444444444446,-0.3666666666666667,0.16666666666666669,0.010002733779515528
-0.20555555555555557,-0.3666666666666667,0.16666666666666669,0.009113087009642265
-0.16666666666666669,-0.3666666666666667,0.16666666666666669,0.007478106827329339
-0.12777777777777777,-0.3666666666666667,0.16666666666666669,0.006888776275291485
-0.0888888888888889,-0.3666666666666667,0.16666666666666669,0.0067295551467348915
-0.05,-0.3666666666666667,0.16666666666666669,0.0066890424742668125
-0.4,-0.3666666666666667,0.20555555555555555,0.010002721697916264
-0.36111111111111116,-0.3666666666666667,0.20555555555555555,0.010002987320156422
-0.32222222222222224,-0.3666666666666667,0.20555555555555555,0.010002995403517616
-0.2833333333333333,-0.3666666666666667,0.20555555555555555,0.010002699883764198
-0.24444444444444446,-0.3666666666666667,0.20555555555555555,0.010002306072233472
-0.20555555555555557,-0.3666666666666667,0.20555555555555555,0.009198522728153422
-0.16666666666666669,-0.3666666666666667,0.20555555555555555,0.007538875109542767
-0.12777777777777777,-0.3666666666666667,0.20555555555555555,0.006921457217844082
-0.0888888888888889,-0.3666666666666667,0.20555555555555555,0.006745077987441873
-0.05,-0.3666666666666667,0.20555555555555555,0.006696954247449222
-0.4,-0.3666666666666667,0.24444444444444446,0.01000226891213225
-0.36111111111111116,-0.3666666666666667,0.24444444444444446,0.01000216914901603
-0.32222222222222224,-0.3666666666666667,0.24444444444444446,0.010002337972056196
-0.2833333333333333,-0.3666666666666667,0.24444444444444446,0.01000240963572664
-0.24444444444444446,-0.3666666666666667,0.24444444444444446,0.010001869505465812
-0.20555555555555557,-0.3666666666666667,0.24444444444444446,0.009433120832090311
-0.16666666666666669,-0.3666666666666667,0.24444444444444446,0.007716636847538815
-0.12777777777777777,-0.3666666666666667,0.24444444444444446,0.007009605349232303
-0.0888888888888889,-0.3666666666666667,0.24444444444444446,0.0067845843072121955
-0.05,-0.3666666666666667,0.24444444444444446,0.00671547665516083
-0.4,-0.3666666666666667,0.2833333333333333,0.010002171574412116
-0.36111111111111116,-0.3666666666666667,0.2833333333333333,0.01000206369157173
-0.32222222222222224,-0.3666666666666667,0.2833333333333333,0.010001935848745152
-0.2833333333333333,-0.3666666666666667,0.2833333333333333,0.010002024088991613
-0.24444444444444446,-0.3666666666666667,0.2833333333333333,0.010001755051929555
-0.20555555555555557,-0.3666666666666667,0.2833333333333333,0.009773432459718385
-0.16666666666666669,-0.3666666666666667,0.2833333333333333,0.008029744959848902
-0.12777777777777777,-0.3666666666666667,0.2833333333333333,0.007185639024780852
-0.0888888888888889,-0.3666666666666667,0.2833333333333333,0.006867194065818244
-0.05,-0.3666666666666667,0.2833333333333333,0.006755195356916654
-0.4,-0.3666666666666667,0.32222222222222224,0.010002487382114055
-0.36111111111111116,-0.3666666666666667,0.32222222222222224,0.010002069134399577
-0.32222222222222224,-0.3666666666666667,0.32222222222222224,0.010002457081873419
-0.2833333333333333,-0.3666666666666667,0.32222222222222224,0.010001996668681191
-0.24444444444444446,-0.3666666666666667,0.32222222222222224,0.010001224512307533
-0.20555555555555557,-0.3666666666666667,0.32222222222222224,0.010000763474495133
-0.16666666666666669,-0.3666666666666667,0.32222222222222224,0.008474287776304948
-0.12777777777777777,-0.3666666666666667,0.32222222222222224,0.007497821556412435
-0.0888888888888889,-0.3666666666666667,0.32222222222222224,0.007030050820895797
-0.05,-0.3666666666666667,0.32222222222222224,0.006835260242345929
-0.4,-0.3666666666666667,0.3611111111111111,0.010001442840943033
-0.36111111111111116,-0.3666666666666667,0.3611111111111111,0.010002232218741788
-0.32222222222222224,-0.3666666666666667,0.3611111111111111,0.010002089335623085
-0.2833333333333333,-0.3666666666666667,0.3611111111111111,0.010002005758335283
-0.24444444444444446,-0.3666666666666667,0.3611111111111111,0.010000904412536864
-0.20555555555555557,-0.3666666666666667,0.3611111111111111,0.010001042200994806
-0.16666666666666669,-0.3666666666666667,0.3611111111111111,0.008989661423020726
-0.12777777777777777,-0.3666666666666667,0.3611111111111111,0.007977387504764274
-0.0888888888888889,-0.3666666666666667,0.3611111111111111,0.007328901383637067
-0.05,-0.3666666666666667,0.3611111111111111,0.0069923552482135725
-0.4,-0.3666666666666667,0.4,0.01000223444756873
-0.36111111111111116,-0.3666666666666667,0.4,0.010002157776905876
-0.32222222222222224,-0.3666666666666667,0.4,0.010002273924105038
-0.2833333333333333,-0.3666666666666667,0.4,0.010001533862474217
-0.24444444444444446,-0.3666666666666667,0.4,0.010001212272323014
-0.20555555555555557,-0.3666666666666667,0.4,0.010000496710611853
-0.16666666666666669,-0.3666666666666667,0.4,0.00946593475155205
-0.12777777777777777,-0.3666666666666667,0.4,0.00857664281628139
-0.0888888888888889,-0.3666666666666667,0.4,0.007809834566366277
-0.05,-0.3666666666666667,0.4,0.007280085870829267
-0.4,-0.34444444444444444,0.05,0.010001985327949768
-0.36111111111111116,-0.34444444444444444,0.05,0.010002111317037066
-0.32222222222222224,-0.34444444444444444,0.05,0.010001587445548651
-0.2833333333333333,-0.34444444444444444,0.05,0.010002034564107838
-0.24444444444444446,-0.34444444444444444,0.05,0.010002049209402342
-0.20555555555555557,-0.34444444444444444,0.05,0.00971837449316423
-0.16666666666666669,-0.34444444444444444,0.05,0.007940632638726025
-0.12777777777777777,-0.34444444444444444,0.05,0.007040258095508734
-0.0888888888888889,-0.34444444444444444,0.05,0.006761675306130711
-0.05,-0.34444444444444444,0.05,0.006694081912738824
-0.4,-0.34444444444444444,0.08888888888888889,0.010001119301220232
-0.36111111111111116,-0.34444444444444444,0.08888888888888889,0.010001289695674893
-0.32222222222222224,-0.34444444444444444,0.08888888888888889,0.010001787919519868
-0.2833333333333333,-0.34444444444444444,0.08888888888888889,0.010001366042231953
-0.24444444444444446,-0.34444444444444444,0.08888888888888889,0.010001346006052432
-0.20555555555555557,-0.34444444444444444,0.08888888888888889,0.009401539616396306
-0.16666666666666669,-0.34444444444444444,0.08888888888888889,0.007670484154149548
-0.12777777777777777,-0.34444444444444444,0.08888888888888889,0.0069405983918722075
-0.0888888888888889,-0.34444444444444444,0.08888888888888889,0.006735686696653891
-0.05,-0.34444444444444444,0.08888888888888889,0.0066866165068091895
-0.4,-0.34444444444444444,0.12777777777777777,0.010000840349939895
-0.36111111111111116,-0.34444444444444444,0.12777777777777777,0.010001211897440541
-0.32222222222222224,-0.34444444444444444,0.12777777777777777,0.01000127024747336
-0.2833333333333333,-0.34444444444444444,0.12777777777777777,0.010000943303524301
-0.24444444444444446,-0.34444444444444444,0.12777777777777777,0.010000739751626386
-0.20555555555555557,-0.34444444444444444,0.12777777777777777,0.00918314803081687
-0.16666666666666669,-0.34444444444444444,0.12777777777777777,0.007519262246828581
-0.12777777777777777,-0.34444444444444444,0.12777777777777777,0.0068940636573358305
-0.0888888888888889,-0.34444444444444444,0.12777777777777777,0.006725786001195834
-0.05,-0.34444444444444444,0.12777777777777777,0.006685263885056578
-0.4,-0.34444444444444444,0.16666666666666669,0.01000046472261777
-0.36111111111111116,-0.34444444444444444,0.16666666666666669,0.010001013711540399
-0.32222222222222224,-0.34444444444444444,0.16666666666666669,0.010001263444098967
-0.2833333333333333,-0.34444444444444444,0.16666666666666669,0.010000682367560366
-0.24444444444444446,-0.34444444444444444,0.16666666666666669,0.010000506387471119
-0.20555555555555557,-0.34444444444444444,0.16666666666666669,0.009109568644087932
-0.16666666666666669,-0.34444444444444444,0.16666666666666669,0.007476220934833059
-0.12777777777777777,-0.34444444444444444,0.16666666666666669,0.006887141715742371
-0.0888888888888889,-0.34444444444444444,0.16666666666666669,0.006727943351769015
-0.05,-0.34444444444444444,0.16666666666666669,0.006687369240866464
-0.4,-0.34444444444444444,0.20555555555555555,0.010000631897972283
-0.36111111111111116,-0.34444444444444444,0.20555555555555555,0.010000804224009202
-0.32222222222222224,-0.34444444444444444,0.20555555555555555,0.010000788199836996
-0.2833333333333333,-0.34444444444444444,0.20555555555555555,0.010000671598057013
-0.24444444444444446,-0.34444444444444444,0.20555555555555555,0.010000694648604615
-0.20555555555555557,-0.34444444444444444,0.20555555555555555,0.009195432330929532
-0.16666666666666669,-0.34444444444444444,0.20555555555555555,0.00753745526707864
-0.12777777777777777,-0.34444444444444444,0.20555555555555555,0.0069202455741395885
-0.0888888888888889,-0.34444444444444444,0.20555555555555555,0.00674392316033241
-0.05,-0.34444444444444444,0.20555555555555555,0.006695767658741869
-0.4,-0.34444444444444444,0.24444444444444446,0.010000386242044518
-0.36111111111111116,-0.34444444444444444,0.24444444444444446,0.010000308989895079
-0.32222222222222224,-0.34444444444444444,0.24444444444444446,0.010000467608942352
-0.2833333333333333,-0.34444444444444444,0.24444444444444446,0.010000698412359323
-0.24444444444444446,-0.34444444444444444,0.24444444444444446,0.010000544775050649
-0.20555555555555557,-0.34444444444444444,0.24444444444444446,0.009430609189754052
-0.16666666666666669,-0.34444444444444444,0.24444444444444446,0.007715479402400846
-0.12777777777777777,-0.34444444444444444,0.24444444444444446,0.007008681708660424
-0.0888888888888889,-0.34444444444444444,0.24444444444444446,0.006783618422076172
-0.05,-0.34444444444444444,0.24444444444444446,0.006714611171256605
-0.4,-0.34444444444444444,0.2833333333333333,0.010000247942972326
-0.36111111111111116,-0.34444444444444444,0.2833333333333333,0.010000406010413816
-0.32222222222222224,-0.34444444444444444,0.2833333333333333,0.010000307120917585
-0.2833333333333333,-0.34444444444444444,0.2833333333333333,0.010000508631127935
-0.24444444444444446,-0.34444444444444444,0.2833333333333333,0.010000656039256078
-0.20555555555555557,-0.34444444444444444,0.2833333333333333,0.009770801086996286
-0.16666666666666669,-0.34444444444444444,0.2833333333333333,0.008028644745881386
-0.12777777777777777,-0.34444444444444444,0.2833333333333333,0.007184896760634874
-0.0888888888888889,-0.34444444444444444,0.2833333333333333,0.006866088105189099
-0.05,-0.34444444444444444,0.2833333333333333,0.006754471842748971
-0.4,-0.34444444444444444,0.32222222222222224,0.01000085517790528
-0.36111111111111116,-0.34444444444444444,0.32222222222222224,0.010000514140679788
-0.32222222222222224,-0.34444444444444444,0.32222222222222224,0.010000447006655028
-0.2833333333333333,-0.34444444444444444,0.32222222222222224,0.010000676524902684
-0.24444444444444446,-0.34444444444444444,0.32222222222222224,0.01000030858319383
-0.20555555555555557,-0.34444444444444444,0.32222222222222224,0.009999909842991506
-0.16666666666666669,-0.34444444444444444,0.32222222222222224,0.008473106152635596
-0.12777777777777777,-0.34444444444444444,0.32222222222222224,0.007497181635209572
-0.0888888888888889,-0.34444444444444444,0.32222222222222224,0.007029480113359738
-0.05,-0.34444444444444444,0.32222222222222224,0.006834645037076376
-0.4,-0.34444444444444444,0.3611111111111111,0.00999993973264273
-0.36111111111111116,-0.34444444444444444,0.3611111111111111,0.010000757979312947
-0.32222222222222224,-0.34444444444444444,0.3611111111111111,0.010000698863145124
-0.2833333333333333,-0.34444444444444444,0.3611111111111111,0.010000510092283844
-0.24444444444444446,-0.34444444444444444,0.3611111111111111,0.010000119557645761
-0.20555555555555557,-0.34444444444444444,0.3611111111111111,0.010000657640023317
-0.16666666666666669,-0.34444444444444444,0.3611111111111111,0.008988586133536168
-0.12777777777777777,-0.34444444444444444,0.3611111111111111,0.007976878633632358
-0.0888888888888889,-0.34444444444444444,0.3611111111111111,0.007328535302824441
-0.05,-0.34444444444444444,0.3611111111111111,0.006991885542341739
-0.4,-0.34444444444444444,0.4,0.01000066579353245
-0.36111111111111116,-0.34444444444444444,0.4,0.01000063523767327
-0.32222222222222224,-0.34444444444444444,0.4,0.01000075112436751
-0.2833333333333333,-0.34444444444444444,0.4,0.010000337225272143
-0.24444444444444446,-0.34444444444444444,0.4,0.010000371455607147
-0.20555555555555557,-0.34444444444444444,0.4,0.010000096549385119
-0.16666666666666669,-0.34444444444444444,0.4,0.009464975306871974
-0.12777777777777777,-0.34444444444444444,0.4,0.00857648164277904
-0.0888888888888889,-0.34444444444444444,0.4,0.007809620520773485
-0.05,-0.34444444444444444,0.4,0.0072796875999763646
-0.4,-0.3222222222222222,0.05,0.010000736286504894
-0.36111111111111116,-0.3222222222222222,0.05,0.010000875138850797
-0.32222222222222224,-0.3222222222222222,0.05,0.010000310106761076
-0.2833333333333333,-0.3222222222222222,0.05,0.010000741295694301
-0.24444444444444446,-0.3222222222222222,0.05,0.010000602011241887
-0.20555555555555557,-0.3222222222222222,0.05,0.009715864295022646
-0.16666666666666669,-0.3222222222222222,0.05,0.007939124882114226
-0.12777777777777777,-0.3222222222222222,0.05,0.007038872460118122
-0.0888888888888889,-0.3222222222222222,0.05,0.006760354106819128
-0.05,-0.3222222222222222,0.05,0.006692815249183011
-0.4,-0.3222222222222222,0.08888888888888889,0.01000025659716262
-0.36111111111111116,-0.3222222222222222,0.08888888888888889,0.010000428819278111
-0.32222222222222224,-0.3222222222222222,0.08888888888888889,0.010000928969391249
-0.2833333333333333,-0.3222222222222222,0.08888888888888889,0.010000444501440737
-0.24444444444444446,-0.3222222222222222,0.08888888888888889,0.010000375532467689
-0.20555555555555557,-0.3222222222222222,0.08888888888888889,0.009400099210484575
-0.16666666666666669,-0.3222222222222222,0.08888888888888889,0.007669539899478507
-0.12777777777777777,-0.3222222222222222,0.08888888888888889,0.006939829227898995
-0.0888888888888889,-0.3222222222222222,0.08888888888888889,0.006734898710039685
-0.05,-0.3222222222222222,0.08888888888888889,0.006685858323738773
-0.4,-0.3222222222222222,0.12777777777777777,0.010000204630356101
-0.36111111111111116,-0.3222222222222222,0.12777777777777777,0.01000049110615491
-0.32222222222222224,-0.3222222222222222,0.12777777777777777,0.010000545251969582
-0.2833333333333333,-0.3222222222222222,0.12777777777777777,0.0100002224104052
-0.24444444444444446,-0.3222222222222222,0.12777777777777777,0.010000211282893847
-0.20555555555555557,-0.3222222222222222,0.12777777777777777,0.009182105536327458
-0.16666666666666669,-0.3222222222222222,0.12777777777777777,0.007518650492844842
-0.12777777777777777,-0.3222222222222222,0.12777777777777777,0.006893579615100474
-0.0888888888888889,-0.3222222222222222,0.12777777777777777,0.006725312999467698
-0.05,-0.3222222222222222,0.12777777777777777,0.006684735039402017
-0.4,-0.3222222222222222,0.16666666666666669,0.009999862654313976
-0.36111111111111116,-0.3222222222222222,0.16666666666666669,0.010000477418420101
-0.32222222222222224,-0.3222222222222222,0.16666666666666669,0.010000751103746978
-0.2833333333333333,-0.3222222222222222,0.16666666666666669,0.010000227234329214
-0.24444444444444446,-0.3222222222222222,0.16666666666666669,0.009999937526864466
-0.20555555555555557,-0.3222222222222222,0.16666666666666669,0.009108840050402838
-0.16666666666666669,-0.3222222222222222,0.16666666666666669,0.007475864002163237
-0.12777777777777777,-0.3222222222222222,0.16666666666666669,0.006886796801486052
-0.0888888888888889,-0.3222222222222222,0.16666666666666669,0.006727664545259893
-0.05,-0.3222222222222222,0.16666666666666669,0.006687070796689135
-0.4,-0.3222222222222222,0.20555555555555555,0.01000005291969616
-0.36111111111111116,-0.3222222222222222,0.20555555555555555,0.010000496869103039
-0.32222222222222224,-0.3222222222222222,0.20555555555555555,0.010000464139624812
-0.2833333333333333,-0.3222222222222222,0.20555555555555555,0.010000261983762637
-0.24444444444444446,-0.3222222222222222,0.20555555555555555,0.010000230118208626
-0.20555555555555557,-0.3222222222222222,0.20555555555555555,0.009194643600189177
-0.16666666666666669,-0.3222222222222222,0.20555555555555555,0.007537212038096105
-0.12777777777777777,-0.3222222222222222,0.20555555555555555,0.006920008748548676
-0.0888888888888889,-0.3222222222222222,0.20555555555555555,0.006743676763557547
-0.05,-0.3222222222222222,0.20555555555555555,0.006695468165734755
-0.4,-0.3222222222222222,0.24444444444444446,0.009999915745471212
-0.36111111111111116,-0.3222222222222222,0.24444444444444446,0.0099998633120272
-0.32222222222222224,-0.3222222222222222,0.24444444444444446,0.010000089129409657
-0.2833333333333333,-0.3222222222222222,0.24444444444444446,0.010000358215605104
-0.24444444444444446,-0.3222222222222222,0.24444444444444446,0.010000208908532968
-0.20555555555555557,-0.3222222222222222,0.24444444444444446,0.009429856350248185
-0.16666666666666669,-0.3222222222222222,0.24444444444444446,0.0077151373243715795
-0.12777777777777777,-0.3222222222222222,0.24444444444444446,0.007008461903063803
-0.0888888888888889,-0.3222222222222222,0.24444444444444446,0.006783481080309998
-0.05,-0.3222222222222222,0.24444444444444446,0.006714279359486877
-0.4,-0.3222222222222222,0.2833333333333333,0.010000040145703694
-0.36111111111111116,-0.3222222222222222,0.2833333333333333,0.009999555138438981
-0.32222222222222224,-0.3222222222222222,0.2833333333333333,0.009999853634710835
-0.2833333333333333,-0.3222222222222222,0.2833333333333333,0.010000157679299963
-0.24444444444444446,-0.3222222222222222,0.2833333333333333,0.010000416585580926
-0.20555555555555557,-0.3222222222222222,0.2833333333333333,0.009769979289366473
-0.16666666666666669,-0.3222222222222222,0.2833333333333333,0.00802837672470889
-0.12777777777777777,-0.3222222222222222,0.2833333333333333,0.007184708111963012
-0.0888888888888889,-0.3222222222222222,0.2833333333333333,0.006865933062686023
-0.05,-0.3222222222222222,0.2833333333333333,0.00675428694968516
-0.4,-0.3222222222222222,0.32222222222222224,0.010000584607754655
-0.36111111111111116,-0.3222222222222222,0.32222222222222224,0.01000009756911751
-0.32222222222222224,-0.3222222222222222,0.32222222222222224,0.010000193105759593
-0.2833333333333333,-0.3222222222222222,0.32222222222222224,0.010000384195677023
-0.24444444444444446,-0.3222222222222222,0.32222222222222224,0.010000175489521887
-0.20555555555555557,-0.3222222222222222,0.32222222222222224,0.009999788102603945
-0.16666666666666669,-0.3222222222222222,0.32222222222222224,0.00847280504471579
-0.12777777777777777,-0.3222222222222222,0.32222222222222224,0.0074970412785005216
-0.0888888888888889,-0.3222222222222222,0.32222222222222224,0.007029360292496685
-0.05,-0.3222222222222222,0.32222222222222224,0.006834583413760678
-0.4,-0.3222222222222222,0.3611111111111111,0.009999597921494371
-0.36111111111111116,-0.3222222222222222,0.3611111111111111,0.010000334299518802
-0.32222222222222224,-0.3222222222222222,0.3611111111111111,0.010000402505796745
-0.2833333333333333,-0.3222222222222222,0.3611111111111111,0.010000308694823688
-0.24444444444444446,-0.3222222222222222,0.3611111111111111,0.009999906551601013
-0.20555555555555557,-0.3222222222222222,0.3611111111111111,0.010000537454994008
-0.16666666666666669,-0.3222222222222222,0.3611111111111111,0.008988390206255699
-0.12777777777777777,-0.3222222222222222,0.3611111111111111,0.007976737734181614
-0.0888888888888889,-0.3222222222222222,0.3611111111111111,0.007328189854536501
-0.05,-0.3222222222222222,0.3611111111111111,0.0069916657598126705
-0.4,-0.3222222222222222,0.4,0.010000294417618872
-0.36111111111111116,-0.3222222222222222,0.4,0.010000338889179452
-0.32222222222222224,-0.3222222222222222,0.4,0.010000441332071527
-0.2833333333333333,-0.3222222222222222,0.4,0.010000161671178572
-0.24444444444444446,-0.3222222222222222,0.4,0.010000242540015608
-0.20555555555555557,-0.3222222222222222,0.4,0.010000053503355723
-0.16666666666666669,-0.3222222222222222,0.4,0.009464576812461324
-0.12777777777777777,-0.3222222222222222,0.4,0.00857637516079999
-0.0888888888888889,-0.3222222222222222,0.4,0.007809570117134854
-0.05,-0.3222222222222222,0.4,0.007279631594584278
-0.4,-0.3,0.05,0.010000383061980091
-0.36111111111111116,-0.3,0.05,0.010000514018226258
-0.32222222222222224,-0.3,0.05,0.009999938065599432
-0.2833333333333333,-0.3,0.05,0.010000400047849826
-0.24444444444444446,-0.3,0.05,0.01000020558788707
-0.20555555555555557,-0.3,0.05,0.009715358285658941
-0.16666666666666669,-0.3,0.05,0.007939025246584528
-0.12777777777777777,-0.3,0.05,0.007038825131196332
-0.0888888888888889,-0.3,0.05,0.006760270629280476
-0.05,-0.3,0.05,0.006692717947414891
-0.4,-0.3,0.08888888888888889,0.010000107291475782
-0.36111111111111116,-0.3,0.08888888888888889,0.010000183293784746
-0.32222222222222224,-0.3,0.08888888888888889,0.01000066592220987
-0.2833333333333333,-0.3,0.08888888888888889,0.010000115094765463
-0.24444444444444446,-0.3,0.08888888888888889,0.010000115845512324
-0.20555555555555557,-0.3,0.08888888888888889,0.009399742397505977
-0.16666666666666669,-0.3,0.08888888888888889,0.007669618286933691
-0.12777777777777777,-0.3,0.08888888888888889,0.00693983244303007
-0.0888888888888889,-0.3,0.08888888888888889,0.006734851287962633
-0.05,-0.3,0.08888888888888889,0.00668587804318188
-0.4,-0.3,0.12777777777777777,0.010000072705572655
-0.36111111111111116,-0.3,0.12777777777777777,0.010000309447112986
-0.32222222222222224,-0.3,0.12777777777777777,0.010000360828660926
-0.2833333333333333,-0.3,0.12777777777777777,0.010000230753098823
-0.24444444444444446,-0.3,0.12777777777777777,0.009999956253217928
-0.20555555555555557,-0.3,0.12777777777777777,0.009181943691399293
-0.16666666666666669,-0.3,0.12777777777777777,0.007518619481411108
-0.12777777777777777,-0.3,0.12777777777777777,0.006893597679679737
-0.0888888888888889,-0.3,0.12777777777777777,0.006725298546303037
-0.05,-0.3,0.12777777777777777,0.006684733404381337
-0.4,-0.3,0.16666666666666669,0.009999846082205558
-0.36111111111111116,-0.3,0.16666666666666669,0.010000436550024342
-0.32222222222222224,-0.3,0.16666666666666669,0.010000561308908031
-0.2833333333333333,-0.3,0.16666666666666669,0.010000148770230418
-0.24444444444444446,-0.3,0.16666666666666669,0.009999825801856651
-0.20555555555555557,-0.3,0.16666666666666669,0.009108744985423174
-0.16666666666666669,-0.3,0.16666666666666669,0.00747579327653002
-0.12777777777777777,-0.3,0.16666666666666669,0.006886828890596935
-0.0888888888888889,-0.3,0.16666666666666669,0.006727686243225358
-0.05,-0.3,0.16666666666666669,0.006687036529497426
-0.4,-0.3,0.20555555555555555,0.01000007765713877
-0.36111111111111116,-0.3,0.20555555555555555,0.010000363049471982
-0.32222222222222224,-0.3,0.20555555555555555,0.010000248236039636
-0.2833333333333333,-0.3,0.20555555555555555,0.010000100008177235
-0.24444444444444446,-0.3,0.20555555555555555,0.010000173523316414
-0.20555555555555557,-0.3,0.20555555555555555,0.009194491879533138
-0.16666666666666669,-0.3,0.20555555555555555,0.00753713694822177
-0.12777777777777777,-0.3,0.20555555555555555,0.0069200485685278635
-0.0888888888888889,-0.3,0.20555555555555555,0.006743628744300759
-0.05,-0.3,0.20555555555555555,0.006695515142929217
-0.4,-0.3,0.24444444444444446,0.009999848755323703
-0.36111111111111116,-0.3,0.24444444444444446,0.009999749960366632
-0.32222222222222224,-0.3,0.24444444444444446,0.00999994302665651
-0.2833333333333333,-0.3,0.24444444444444446,0.01000016325716009
-0.24444444444444446,-0.3,0.24444444444444446,0.010000296992820592
-0.20555555555555557,-0.3,0.24444444444444446,0.009429618925951162
-0.16666666666666669,-0.3,0.24444444444444446,0.007715088548278418
-0.12777777777777777,-0.3,0.24444444444444446,0.007008439362664082
-0.0888888888888889,-0.3,0.24444444444444446,0.006783463697401651
-0.05,-0.3,0.24444444444444446,0.006714422935857872
-0.4,-0.3,0.2833333333333333,0.009999945755748198
-0.36111111111111116,-0.3,0.2833333333333333,0.009999428233274363
-0.32222222222222224,-0.3,0.2833333333333333,0.009999758095387907
-0.2833333333333333,-0.3,0.2833333333333333,0.010000048623734032
-0.24444444444444446,-0.3,0.2833333333333333,0.010000437007128039
-0.20555555555555557,-0.3,0.2833333333333333,0.009769739093419865
-0.16666666666666669,-0.3,0.2833333333333333,0.008028276860364959
-0.12777777777777777,-0.3,0.2833333333333333,0.007184869866020591
-0.0888888888888889,-0.3,0.2833333333333333,0.006865917776110864
-0.05,-0.3,0.2833333333333333,0.006754280427373709
-0.4,-0.3,0.32222222222222224,0.01000046399833275
-0.36111111111111116,-0.3,0.32222222222222224,0.010000035608293708
-0.32222222222222224,-0.3,0.32222222222222224,0.010000041707015829
-0.2833333333333333,-0.3,0.32222222222222224,0.010000480685994684
-0.24444444444444446,-0.3,0.32222222222222224,0.010000092407900833
-0.20555555555555557,-0.3,0.32222222222222224,0.009999679521797188
-0.16666666666666669,-0.3,0.32222222222222224,0.008472744164825277
-0.12777777777777777,-0.3,0.32222222222222224,0.007497096921183309
-0.0888888888888889,-0.3,0.32222222222222224,0.007029331961371831
-0.05,-0.3,0.32222222222222224,0.006834487691408932
-0.4,-0.3,0.3611111111111111,0.009999619079894526
-0.36111111111111116,-0.3,0.3611111111111111,0.01000028871276526
-0.32222222222222224,-0.3,0.3611111111111111,0.01000036762374077
-0.2833333333333333,-0.3,0.3611111111111111,0.010000181908578197
-0.24444444444444446,-0.3,0.3611111111111111,0.009999829462696726
-0.20555555555555557,-0.3,0.3611111111111111,0.01000052891910379
-0.16666666666666669,-0.3,0.3611111111111111,0.008988179692952129
-0.12777777777777777,-0.3,0.3611111111111111,0.007976684959410653
-0.0888888888888889,-0.3,0.3611111111111111,0.007328144390818198
-0.05,-0.3,0.3611111111111111,0.0069917360845208444
-0.4,-0.3,0.4,0.010000220290434422
-0.36111111111111116,-0.3,0.4,0.010000322313775675
-0.32222222222222224,-0.3,0.4,0.01000029969744054
-0.2833333333333333,-0.3,0.4,0.010000124795580226
-0.24444444444444446,-0.3,0.4,0.01000006810565571
-0.20555555555555557,-0.3,0.4,0.010000064557571929
-0.16666666666666669,-0.3,0.4,0.009464646110302254
-0.12777777777777777,-0.3,0.4,0.008576372223907794
-0.0888888888888889,-0.3,0.4,0.007809493291304063
-0.05,-0.3,0.4,0.007279640035493904
