pH1,NADPH_flux,NAD_flux,Fd_flux,F_slip,F_yield,F_sc,D_to_H1_flux,L1_to_D_flux
-0.047749174917491755,-0.0034199064559317094,0.0017526055547847363,0.0016673173524293095,0.017634361682045564,146.20247770919286,7.917145026217818e-07,5.890071113184423e-07,2.0270739130333944e-07
-0.04770357035703571,-0.003419131124502428,0.0017521309394155082,0.0016669335225374393,0.01761959031745572,146.23740829828424,7.909046747594772e-07,5.881797203118937e-07,2.0272495444758351e-07
-0.04765796579657966,-0.0034125468791472713,0.0017488959606808407,0.001663738162994477,0.017645380400291035,146.51626082684763,7.887610563271352e-07,5.863614385400225e-07,2.0239961778711272e-07
-0.04761236123612364,-0.003407627309869099,0.0017464507536928409,0.001661351094156327,0.01765881871049023,146.72590336699932,7.870050051182778e-07,5.8483194723758e-07,2.0217305788069778e-07
-0.04756675667566759,-0.0034108245159529815,0.0017479043514398995,0.001662898944918556,0.017622689464201032,146.5925769499231,7.871142701784545e-07,5.846894599843434e-07,2.024248101941111e-07
-0.047521152115211546,-0.003405790346008075,0.001745378897403782,0.0016604511594817684,0.017632613830948645,146.80794595881954,7.853338222873634e-07,5.831423898277348e-07,2.0219143245962866e-07
-0.0474755475547555,-0.0034037536390485457,0.0017443080444579095,0.0016594570131645003,0.01762722762105966,146.89640154628216,7.842427617967072e-07,5.821084647881255e-07,2.0213429700858166e-07
-0.04742994299429945,-0.003401314462450955,0.0017430491458014785,0.0016582684931909508,0.01762523726583212,147.0019229450641,7.830609127984443e-07,5.81007745445699e-07,2.0205316735274538e-07
-0.047384338433843404,-0.003396292232224596,0.001740556674626248,0.0016558265772832481,0.017640784972048372,147.21739649358162,7.812899047425013e-07,5.794705374229903e-07,2.0181936731951096e-07
-0.047338733873387356,-0.0033949198932674562,0.0017398076827603859,0.001655157092607329,0.017631348197867536,147.2779065923382,7.803568686587151e-07,5.78555404351095e-07,2.0180146430762006e-07
-0.04729312931293131,-0.0033878612006077446,0.001736340614080234,0.0016517302061258565,0.017659748522731084,147.5811736198459,7.781253894767334e-07,5.766783068076225e-07,2.0144708266911092e-07
-0.04724752475247526,-0.0033883995978953863,0.001736516194206672,0.0016519888779864544,0.01763956207050294,147.55999216186984,7.776334705130662e-07,5.760912855668548e-07,2.0154218494621142e-07
-0.047201920192019214,-0.0033880235591681185,0.001736229170823833,0.0016517966173161813,0.01762172845504656,147.57861826925185,7.769308059635669e-07,5.753477819667626e-07,2.015830239968043e-07
-0.04715631563156317,-0.0033872647770039066,0.0017357630160503845,0.0016514291132381231,0.01760508865235654,147.61330890911063,7.761475776935671e-07,5.745446350198661e-07,2.0160294267370098e-07
-0.04711071107110712,-0.0033795987380358383,0.0017320067590347321,0.0016477057164898667,0.017638156988094296,147.94406832367974,7.737860175188183e-07,5.725744289548807e-07,2.0121158856393757e-07
-0.04706510651065107,-0.0033815257372822316,0.0017328421422178053,0.0016486440303040695,0.017606567891524948,147.86311385173437,7.736181055709878e-07,5.722278814080343e-07,2.0139022416295347e-07
-0.047019501950195025,-0.0033747503539416357,0.0017295256715073037,0.0016453471434871858,0.017637829391020956,148.15641925053126,7.714626610472708e-07,5.7041228661598e-07,2.010503744312908e-07
-0.04697389738973898,-0.0033741548190704407,0.001729131041066978,0.001645057057522159,0.017619016236998738,148.18452651289013,7.707208856331561e-07,5.696414668628015e-07,2.010794187703546e-07
-0.04692829282928293,-0.0033721802220725294,0.0017280908470738154,0.0016440936333657064,0.01761323404405777,148.27193429019835,7.696650011938052e-07,5.686392989254544e-07,2.0102570226835075e-07
-0.04688268826882691,-0.0033668675413309757,0.0017254738591105934,0.0016415144267032389,0.017633109905324486,148.50332791042328,7.678527281418234e-07,5.670794304146424e-07,2.0077329772718103e-07
-0.046837083708370864,-0.003370221046324673,0.0017269725038815409,0.001643139714298636,0.017588989901153918,148.36061671699267,7.680125152326348e-07,5.669754331643497e-07,2.0103708206828516e-07
-0.046791479147914816,-0.003365302505443424,0.0017245126150058354,0.0016407391970154617,0.017602210408696178,148.57617260515357,7.662889584795742e-07,5.654816192060373e-07,2.008073392735369e-07
-0.04674587458745877,-0.0033609393724134407,0.0017223437338103054,0.0016386201253577592,0.017614579513145087,148.7673900602588,7.646993245506938e-07,5.640877870065877e-07,2.0061153754410608e-07
-0.04670027002700272,-0.003358744096118471,0.001721192640047775,0.0016375537174575516,0.017608262988730757,148.86511665387525,7.636029601507347e-07,5.630579276945779e-07,2.005450324561568e-07
-0.046654665466546674,-0.0033556661375797603,0.0017196361068840815,0.0016360566594999515,0.01761188228794902,149.00112098153332,7.623082232109232e-07,5.618827517642425e-07,2.004254714466807e-07
-0.04660906090609063,-0.003352265825867562,0.0017179064113648224,0.0016344001484571713,0.017614310697842635,149.15194325210518,7.609410491498018e-07,5.606543486332523e-07,2.0028670051654954e-07
-0.04656345634563458,-0.003350119366913873,0.0017167804001942955,0.0016333521776947801,0.01760912258649358,149.2481190615004,7.598586619428012e-07,5.596364659882625e-07,2.0022219595453874e-07
-0.04651785178517853,-0.003344664056001534,0.001714084970700469,0.0016306995877963804,0.01762880525049606,149.48915189103164,7.580318855258592e-07,5.580712681933916e-07,1.999606173324676e-07
-0.046472247224722485,-0.003343983957890373,0.001713663669612231,0.00163036842727049,0.017613314321582852,149.52117216978291,7.572863367681711e-07,5.573023721271878e-07,1.9998396464098334e-07
-0.04642664266426644,-0.0033442374311789536,0.0017137059072851457,0.001630493173513381,0.017594532622421083,149.51177277518082,7.56753394824519e-07,5.566905304270429e-07,2.000628643974761e-07
-0.04638103810381039,-0.0033422077009532813,0.001712628546805206,0.0016295022750971722,0.017586930800515998,149.60343444317112,7.557038921854718e-07,5.556983866975286e-07,2.0000550548794323e-07
-0.04633543354335434,-0.003333718589857426,0.0017084818743953178,0.0016253708583628956,0.017628494424879564,149.9796480028814,7.531997468675258e-07,5.536380408538035e-07,1.9956170601372232e-07
-0.046289828982898296,-0.003332355220265981,0.0017077501378608417,0.0016247133048474804,0.01761995756711184,150.04159161229614,7.523089861666349e-07,5.52764276260342e-07,1.995447099062929e-07
-0.04624422442244225,-0.0033349890389615666,0.0017089040591855564,0.0016259882447244856,0.01758037999201858,149.92770464631178,7.52314754382048e-07,5.525488791356713e-07,1.9976587524637665e-07
-0.0461986198619862,-0.0033305307176618726,0.0017066984924412054,0.0016238174138827333,0.017596526975648064,150.12655764922778,7.507258499591851e-07,5.511634229890465e-07,1.9956242697013863e-07
-0.04615301530153018,-0.0033271017776002054,0.0017049474840291623,0.0016221484924516805,0.017597215978699027,150.28107624043722,7.493712184475558e-07,5.499495940860304e-07,1.9942162436152534e-07
-0.046107410741074134,-0.003325310538627946,0.001703999507917331,0.001621270102587058,0.01759190006220566,150.3628221261967,7.483841667191823e-07,5.490066754412107e-07,1.9937749127797158e-07
-0.04606180618061809,-0.003321960522228551,0.0017023087908540901,0.0016196512138073604,0.01759434913697528,150.51354030390502,7.470566944899879e-07,5.478141666085676e-07,1.992425278814203e-07
-0.04601620162016204,-0.003319334442977606,0.0017009710573105963,0.001618367446972968,0.017596772513958907,150.63251465227802,7.458847387207065e-07,5.467369472319535e-07,1.99147791488753e-07
-0.04597059705970599,-0.0033160749345313434,0.0016993076687299435,0.00161678272589727,0.01759729465409353,150.78031839819545,7.445779378539259e-07,5.455605175014228e-07,1.9901742035250314e-07
-0.045924992499249945,-0.0033159834379716813,0.0016991726822084274,0.0016167337757024836,0.01757944101010769,150.78658055237767,7.439781949876716e-07,5.449031173489152e-07,1.9907507763875648e-07
-0.0458793879387939,-0.0033125919569272355,0.0016974605642587903,0.0016150860112871257,0.01758369717735892,150.94023998117092,7.426444512137984e-07,5.437083722942335e-07,1.9893607891956493e-07
-0.04583378337833785,-0.003305228838826224,0.0016938587352228751,0.0016115037036197322,0.017618712887169156,151.27239879102638,7.404231768079672e-07,5.418650743172311e-07,1.985581024907361e-07
-0.0457881788178818,-0.0033039203791958016,0.0016931465893748054,0.0016108651664754614,0.01760992436191303,151.33327333922873,7.395574427478459e-07,5.410143835901441e-07,1.9854305915770177e-07
-0.045742574257425755,-0.0033011708556642816,0.0016917392450181978,0.0016095235572892719,0.01761051130356976,151.45930300906608,7.38371049218738e-07,5.399293986861316e-07,1.9844165053260645e-07
-0.04569696969696971,-0.0033030901488046993,0.001692560333154347,0.0016104551410582868,0.017576620527553707,151.37511524425958,7.382283545994752e-07,5.39607676093379e-07,1.986206785060962e-07
-0.04565136513651366,-0.0032960708227705027,0.0016891002332783955,0.0016070406876385057,0.017604258365164376,151.69415651091364,7.36094866365715e-07,5.378310639314987e-07,1.9826380243421625e-07
-0.04560576057605761,-0.003293926313290285,0.0016879994172640522,0.0016059994942072553,0.0176029209095286,151.7928582797763,7.350499008336195e-07,5.368513005502919e-07,1.981986002833275e-07
-0.045560156015601566,-0.0032904775292053046,0.0016862411183993231,0.0016043216080319223,0.01760409305491745,151.95166131122156,7.337172368174496e-07,5.356609756394953e-07,1.9805626117795432e-07
-0.04551455145514552,-0.003292235345213612,0.0016870063680372027,0.0016051703437118814,0.017576757591913586,151.87384862138885,7.335395106458086e-07,5.353153025312773e-07,1.9822420811453135e-07
-0.04546894689468947,-0.003285845639169338,0.0016838568941182075,0.0016020672633552113,0.01760095742292894,152.16601173566036,7.315575173292237e-07,5.336525570203738e-07,1.9790496030884985e-07
-0.04542334233423345,-0.003284349193449998,0.0016830538866514644,0.001601333989201592,0.01759395749807499,152.23626542660512,7.306612365874325e-07,5.327828781188066e-07,1.9787835846862595e-07
-0.045377737773777405,-0.0032811723487782274,0.0016814350068514727,0.001599782439535291,0.017596482817592664,152.38351137519683,7.293918868178885e-07,5.316413941813614e-07,1.9775049263652707e-07
-0.04533213321332136,-0.0032813011801948733,0.0016814146961436904,0.0015998479920493747,0.017577288044887854,152.37946937431408,7.288611628614744e-07,5.310389035372484e-07,1.97822259324226e-07
-0.04528652865286531,-0.003274792871039267,0.0016782127020391613,0.0015966816391215222,0.01760453695403927,152.67904673941118,7.26859914129043e-07,5.293654213765947e-07,1.9749449275244832e-07
-0.04524092409240926,-0.0032729474829551464,0.001677242412839064,0.0015957839536739904,0.017598771800816836,152.76565763873938,7.258934901725932e-07,5.284463964050827e-07,1.9744709376751058e-07
-0.045195319531953215,-0.003273234740319708,0.0016772913272831147,0.0015959185338472182,0.017578713809676273,152.7546723267924,7.253991893236454e-07,5.278713693702263e-07,1.9752781995341904e-07
-0.04514971497149717,-0.003269720654046182,0.0016755155874008665,0.0015942099860544179,0.01758307459526079,152.91814707406365,7.240680258890224e-07,5.266873935036452e-07,1.9738063238537717e-07
-0.04510411041104112,-0.003264997745390019,0.0016731629815325277,0.0015919114671696377,0.017596803081866494,153.1376637619273,7.224698979592441e-07,5.253100666580975e-07,1.9715983130114655e-07
-0.04505850585058507,-0.0032617952827251884,0.001671558122126271,0.0015903557081462516,0.01760344650283562,153.28703084072518,7.212110914526264e-07,5.241806306773279e-07,1.970304607752985e-07
-0.045012901290129026,-0.003259656925820309,0.0016704277233330345,0.0015893073339805497,0.01759719053717569,153.38853724198015,7.201843522239114e-07,5.23219711764797e-07,1.9696464045911434e-07
-0.04496729672967298,-0.003255001914894251,0.001668122305744646,0.0015870446249561798,0.017613106882690664,153.60584705519918,7.186090207527104e-07,5.218613351675298e-07,1.9674768558518058e-07
-0.04492169216921693,-0.0032581516914973463,0.0016695109082647264,0.0015885645690945083,0.01756754630526999,153.4630352943132,7.187509415507131e-07,5.217495528940149e-07,1.9700138865669822e-07
-0.044876087608760884,-0.003249812806231489,0.0016654522873693622,0.0015845160661296376,0.017610447119633114,153.8513336718962,7.163699656038407e-07,5.198077275383325e-07,1.9656223806550823e-07
-0.04483048304830484,-0.003247271678674224,0.0016641395353431676,0.0015832803440885002,0.01760745146984961,153.97190013618436,7.152659851574699e-07,5.187927790301692e-07,1.9647320612730074e-07
-0.04478487848784879,-0.0032480693396763627,0.0016644603055766538,0.0015836707074894374,0.017587952512101542,153.93613892740197,7.148961370078908e-07,5.183116685624922e-07,1.9658446844539866e-07
-0.04473927392739274,-0.003245835694968946,0.001663289515484223,0.0015825760509029507,0.017583466142644402,154.0428247912165,7.138587235648558e-07,5.17345829926438e-07,1.9651289363841785e-07
-0.04469366936693672,-0.0032417241433932986,0.0016612176229244824,0.001580572688950399,0.017590824004035683,154.2373363858933,7.12412962594466e-07,5.160843959229326e-07,1.9632856667153344e-07
-0.044648064806480675,-0.0032423599796942426,0.0016614366804077463,0.0015808768817162644,0.01756880474666164,154.20976762380047,7.120087628534954e-07,5.155785607326649e-07,1.9643020212083053e-07
-0.04460246024602463,-0.0032362218878461135,0.0016584264917796077,0.0015779006548892749,0.01759471876280775,154.49863642090313,7.101269147182249e-07,5.140031191181014e-07,1.961237956001234e-07
-0.04455685568556858,-0.0032366916099562104,0.0016585483972590964,0.0015781220413351171,0.017570417723898366,154.4792323525191,7.096879283432224e-07,5.134722801585329e-07,1.9621564818468953e-07
-0.04451125112511253,-0.0032346276330201817,0.0016574730030498586,0.0015771161450559568,0.017566437984627866,154.5782177090602,7.086971954676506e-07,5.125427558345075e-07,1.9615443963314307e-07
-0.044465646564656486,-0.0032301014828703956,0.001655238065175979,0.0015749073895381382,0.017585321790016015,154.79284455555194,7.071671920030867e-07,5.112244188834431e-07,1.9594277311964356e-07
-0.04442004200420044,-0.0032280229009842287,0.0016541393666642534,0.0015739019813416633,0.017576207637321324,154.89313015378053,7.061803137131348e-07,5.102980412770558e-07,1.95882272436079e-07
-0.04437443744374439,-0.0032244999426183085,0.0016523674804744815,0.0015721817297564833,0.017584090494224294,155.06161858887168,7.048742354686389e-07,5.091423190551684e-07,1.9573191641347049e-07
-0.044328832883288344,-0.0032237550282872007,0.001651899979677296,0.0015718131605031438,0.017566452838618532,155.09964126549048,7.041762675255648e-07,5.08425637938641e-07,1.957506295869238e-07
-0.044283228322832296,-0.0032214335942910566,0.0016507166743977564,0.001570686790835829,0.017566613036744897,155.2111268314119,7.031393825493455e-07,5.07465419520154e-07,1.956739630291915e-07
-0.04423762376237625,-0.0032195711384304104,0.0016497418267746866,0.0015697759281338985,0.01756272477332819,155.3014745664505,7.022000150345427e-07,5.065759454398686e-07,1.9562406959467414e-07
-0.0441920192019202,-0.0032157006117046194,0.0016478142173923516,0.0015678929775628792,0.017574039893602532,155.48695247788208,7.008282704709269e-07,5.053750750555608e-07,1.9545319541536613e-07
-0.044146414641464155,-0.0032119283445553037,0.0016459053924506861,0.0015660563786144,0.017578780733916104,155.66891431850473,6.99478894163938e-07,5.041902822213445e-07,1.9528861194259345e-07
-0.04410081008100811,-0.0032077443380984505,0.001643827943084375,0.0015640245486705506,0.017591667921818377,155.87014373265322,6.980437191017406e-07,5.029449984796427e-07,1.950987206220979e-07
-0.04405520552055206,-0.003204517653472294,0.0016422046451793904,0.0015624554045243766,0.017597443625680557,156.02625583379458,6.968180682663349e-07,5.018512486132795e-07,1.9496681965305547e-07
-0.04400960096009601,-0.003203202470771771,0.001641479929197942,0.0015618016214413721,0.017588991014833275,156.09185891323602,6.960016011563652e-07,5.010527033729188e-07,1.9494889778344645e-07
-0.04396399639963999,-0.0031998296625346256,0.0016397814035542524,0.0015601657572239525,0.017593694244457454,156.25544883959753,6.947486703957952e-07,4.999401588011609e-07,1.9480851159463437e-07
-0.043918391839183946,-0.003197150928244241,0.0016384220235536873,0.0015588607532728282,0.017596413885056665,156.38601416838594,6.936450155459851e-07,4.989359728812425e-07,1.9470904266474256e-07
-0.0438727872787279,-0.003199234109814597,0.001639320714552639,0.0015598648641104162,0.017561634817688517,156.28859135339488,6.935708211135911e-07,4.986722164259502e-07,1.9489860468764088e-07
-0.04382718271827185,-0.0031922143573126505,0.001635874016862715,0.0015564464582136228,0.017593998764784975,156.62848214516146,6.915305242383295e-07,4.969951905199569e-07,1.9453533371837262e-07
-0.043781578157815804,-0.0031913844439088734,0.0016353876407748658,0.0015560506175664734,0.017578502684762288,156.67049621282104,6.9083617264678e-07,4.962859794292511e-07,1.9455019321752893e-07
-0.043735973597359756,-0.003188977488704836,0.0016341408972877502,0.0015548675629470932,0.017577645736356447,156.78930747193743,6.897931335800251e-07,4.953269947413234e-07,1.9446613883870173e-07
-0.04369036903690371,-0.003184547909995672,0.0016319626823744215,0.0015527186170356533,0.017595620143610758,157.00486936837694,6.883226528529652e-07,4.940621276023224e-07,1.942605252506428e-07
-0.04364476447644766,-0.0031859046601567798,0.0016324975993242674,0.0015533721283127466,0.01756178182890384,156.9421544359242,6.880974603689885e-07,4.936904464827522e-07,1.944070138862363e-07
-0.043599159915991614,-0.0031847985433444137,0.001631886304593877,0.0015528321563662573,0.01755205304622845,156.99777539241916,6.873434823769694e-07,4.929401986202739e-07,1.9440328375669555e-07
-0.04355355535553557,-0.0031797463541209936,0.0016293968842830964,0.0015503755595200897,0.01757263360685272,157.24460163973595,6.857427385795153e-07,4.915832824316122e-07,1.9415945614790304e-07
-0.04350795079507952,-0.0031757233219593672,0.001627376844133721,0.0015484115681896338,0.017582419942433373,157.4428327987542,6.843609774244017e-07,4.903837905908863e-07,1.9397718683351536e-07
-0.04346234623462347,-0.003175622638337927,0.00162724575201878,0.0015483634515751632,0.017564495760567744,157.449771144841,6.838295022749455e-07,4.89794166294935e-07,1.9403533598001048e-07
-0.043416741674167425,-0.0031704057624608595,0.0016246646766475692,0.0015458234157674777,0.017584254123479345,157.70647212948344,6.821967335645906e-07,4.884161897473173e-07,1.9378054381727328e-07
-0.04337113711371138,-0.003169370848851827,0.0016240641253020272,0.0015453111891330362,0.017570280648332336,157.75990617700654,6.814627872003598e-07,4.876819533746179e-07,1.937808338257419e-07
-0.04332553255325533,-0.003168481065557671,0.0016235604668892734,0.0015448833931561712,0.01755828658273596,157.80524650997427,6.80766134720488e-07,4.869751390606169e-07,1.9379099565987106e-07
-0.04327992799279928,-0.0031647833620667143,0.0016217182152615806,0.0015430823551594308,0.01756959162530768,157.98826758064152,6.794662641321299e-07,4.858374713248351e-07,1.936287928072948e-07
-0.043234323432343263,-0.0031623666378379767,0.001620454591119369,0.0015418949768235546,0.017565969942465096,158.10986097462882,6.784381085892213e-07,4.848940139707102e-07,1.9354409461851108e-07
-0.043188718871887216,-0.0031598192551882676,0.0016191608978743943,0.0015406641275790278,0.017566067627420683,158.2367544108766,6.773913155099231e-07,4.839381297402202e-07,1.934531857697029e-07
-0.04314311431143117,-0.0031543442514134767,0.0016164706878356583,0.0015379975108982258,0.01759129008986592,158.508436873352,6.757156465014514e-07,4.825338889938848e-07,1.931817575075666e-07
-0.04309750975097512,-0.003152803541510707,0.0016156403845357659,0.0015372398775819196,0.017583574723016363,158.58708288299897,6.748819258879114e-07,4.817311333164721e-07,1.9315079257143926e-07
-0.043051905190519074,-0.0031553413824099152,0.0016167365539843104,0.0015384692632800512,0.017539596611720023,158.4648634038607,6.749209727210777e-07,4.815509194379194e-07,1.9337005328315827e-07
-0.04300630063006303,-0.003148934399931136,0.0016135968201567152,0.0015353546510183946,0.017569616467887014,158.78344264507075,6.730543048067324e-07,4.800120217063414e-07,1.9304228310039104e-07
-0.04296069606960698,-0.0031474892130916032,0.0016128189702229179,0.001534643984890005,0.017562590885579772,158.85744216627216,6.722446500350935e-07,4.792277507962191e-07,1.930168992388744e-07
-0.04291509150915093,-0.0031443950255578557,0.0016112558535255062,0.0015331429814586794,0.017565904141542774,159.0130034750111,6.710886932609735e-07,4.781968570522079e-07,1.9289183620876558e-07
-0.042869486948694885,-0.0031399799892284364,0.0016090694067898426,0.0015309965137058068,0.017581610632948143,159.2345047114369,6.696540004970387e-07,4.769681085681591e-07,1.9268589192887966e-07
-0.04282388238823884,-0.0031369338049103135,0.0016075404323245834,0.0015295063785814023,0.017589936497308598,159.38844271833813,6.685054903021699e-07,4.7594441348176146e-07,1.925610768204085e-07
-0.04277827782778279,-0.003137484875253449,0.0016077076511251676,0.0015297776702185573,0.017563373258732858,159.36330670419528,6.681303101497313e-07,4.754706732281346e-07,1.9265963692159682e-07
-0.04273267326732674,-0.0031336462867983528,0.0016057810668073103,0.0015279044992588808,0.0175728371914474,159.55753157429194,6.668204696527171e-07,4.7433228853789364e-07,1.9248818111482343e-07
-0.042687068706870696,-0.0031324009463844504,0.001605096841231557,0.0015272952197598055,0.017562903162909854,159.62219323490123,6.660621486850461e-07,4.7358693326970025e-07,1.9247521541534583e-07
-0.04264146414641465,-0.003128710285139391,0.0016032555396563453,0.0015254911748476818,0.017575202148202403,159.80932830333234,6.6478449744109e-07,4.724731320275885e-07,1.9231136541350146e-07
-0.0425958595859586,-0.003126696753639635,0.0016022157835706707,0.0015245146564624168,0.017572218662887218,159.91231192582038,6.638688487307317e-07,4.716169185431226e-07,1.9225193018760907e-07
-0.042550255025502554,-0.0031219489654432664,0.001599868177102337,0.0015222103600798231,0.01758915538697319,160.15304217983183,6.62376449359539e-07,4.70351376184028e-07,1.9202507317551097e-07
-0.042504650465046534,-0.003123077233993854,0.001600296104413701,0.0015227435714697535,0.017558940834630627,160.09946890661752,6.621216823718869e-07,4.699648825262498e-07,1.9215679984563717e-07
-0.04245904590459049,-0.003118750257797842,0.0015981645153146928,0.0015206440096846574,0.017576043660141646,160.31913041973073,6.607218322592928e-07,4.6876658350034837e-07,1.9195524875894438e-07
-0.04241344134413444,-0.0031160898880813193,0.0015967991259842051,0.0015193442413037328,0.01757615768981631,160.45612528036716,6.596719311223949e-07,4.6781667705726375e-07,1.9185525406513124e-07
-0.04236783678367839,-0.0031152241983960494,0.0015962731965117882,0.0015189128385806328,0.017559583792567796,160.503074841685,6.590011550661353e-07,4.671356732023342e-07,1.9186548186380108e-07
-0.042322232223222345,-0.003112119322238982,0.001594706508385002,0.0015174080139619406,0.01756304435271816,160.66234414856345,6.578651978360264e-07,4.661256473494764e-07,1.9173955048655002e-07
-0.0422766276627663,-0.0031097325376379104,0.0015935108294868883,0.0015162474044581042,0.01756855103640175,160.78486756006444,6.56879185293486e-07,4.652233706212254e-07,1.9165581467226064e-07
-0.04223102310231025,-0.0031059764194907302,0.001591613270427672,0.0015144162695177599,0.01757467809850669,160.97859637127036,6.556059949681659e-07,4.641169002529726e-07,1.9148909471519335e-07
-0.0421854185418542,-0.003105340700784609,0.0015912189089632989,0.001514100505918936,0.017560375198245232,161.01348027038654,6.549895853456759e-07,4.634764167606047e-07,1.9151316858507118e-07
-0.042139813981398155,-0.0031002353529459015,0.0015887145312802886,0.0015116200674625269,0.017583846747725874,161.2754968964831,6.53436835264607e-07,4.6217422150230195e-07,1.9126261376230507e-07
-0.04209420942094211,-0.003099202623687347,0.0015881323012578719,0.0015111121013375861,0.017572750244905143,161.33073264315655,6.527391079026652e-07,4.614770519734097e-07,1.9126205592925557e-07
-0.04204860486048606,-0.0030992313701432295,0.0015880540303925272,0.001511123233792544,0.01755219114512745,161.3317318999841,6.522681957214608e-07,4.609402502815066e-07,1.9132794543995422e-07
-0.04200300030003001,-0.0030902139164368236,0.0015836822738890532,0.0015067345392283382,0.017607342273936337,161.79578488943736,6.498972894591184e-07,4.590620092846541e-07,1.9083528017446423e-07
-0.041957395739573966,-0.0030898413884585807,0.001583412495591574,0.0015065505378946131,0.01758979595913424,161.81741875988087,6.493437982352353e-07,4.584678485326688e-07,1.9087594970256644e-07
-0.04191179117911792,-0.0030905793003768167,0.0015836607391150892,0.0015069056288592453,0.01756112833487011,161.78230600845143,6.490249244090007e-07,4.580391045507362e-07,1.9098581985826446e-07
-0.04186618661866187,-0.0030883701739412572,0.0015825144160857008,0.001505825380228032,0.017558562768635325,161.89848719070056,6.480868029054916e-07,4.571739738530637e-07,1.9091282905242795e-07
-0.041820582058205824,-0.0030843038727113026,0.0015805093486918054,0.0015038414622141616,0.01757686493449765,162.10990098956304,6.467610062788105e-07,4.5603666101618353e-07,1.9072434526262705e-07
-0.04177497749774978,-0.0030832998604495288,0.0015799421726754304,0.00150335624981901,0.017563788102288085,162.1639604392382,6.460824349055931e-07,4.553553368438651e-07,1.9072709806172792e-07
-0.04172937293729376,-0.003080504580765364,0.0015784997334122863,0.0015019945525849288,0.017561192080832,162.31134295362565,6.450281655766785e-07,4.544091406905763e-07,1.9061902488610224e-07
-0.04168376837683771,-0.0030743236486188152,0.0015754893973252138,0.0014989806823217933,0.017597343828308864,162.6335252397604,6.432648746693005e-07,4.529656135573868e-07,1.9029926111191367e-07
-0.04163816381638166,-0.0030772527572366926,0.0015767684068421772,0.0015003997970020055,0.017548378130072855,162.4848229140917,6.434084675060578e-07,4.52863734814124e-07,1.9054473269193377e-07
-0.041592559255925615,-0.0030739544864957224,0.0015751285570502205,0.001498789148314028,0.017560481162549376,162.6579032212218,6.42250985336827e-07,4.5184765308708396e-07,1.9040333224974314e-07
-0.04154695469546957,-0.003067382101718863,0.0015719129869466997,0.0014955955401114718,0.017593066802917057,163.00209091084415,6.404165775593727e-07,4.503553918059586e-07,1.90061185753414e-07
-0.04150135013501352,-0.0030658851772216167,0.0015710997861688725,0.0014948670967942501,0.01758209438717623,163.08286471769057,6.396426379756876e-07,4.496091296732351e-07,1.9003350830245247e-07
-0.04145574557455747,-0.00306469503728124,0.0015704506706768484,0.0014942811346896345,0.01757434297253944,163.1473913746935,6.389283249081512e-07,4.489059629929245e-07,1.9002236191522671e-07
-0.041410141014101426,-0.003058727122123628,0.0015675369905139291,0.0014913772341593745,0.017606422715953883,163.46169108517273,6.372245570014961e-07,4.475082699235382e-07,1.897162870779579e-07
-0.04136453645364538,-0.0030570537505099082,0.001566641736687302,0.0014905683391079894,0.017596069045757896,163.55198735418193,6.364188316673823e-07,4.4674101161274655e-07,1.8967782005463582e-07
-0.04131893189318933,-0.0030558851481572447,0.0015659923740685144,0.0014899946695210442,0.01758526185919772,163.61598682484802,6.357154094341798e-07,4.460462858242043e-07,1.896691236099755e-07
-0.041273327332733284,-0.0030541528118135375,0.0015650732380905197,0.0014891383875195174,0.017580673653551114,163.70994400291323,6.348921173000066e-07,4.4526800938207856e-07,1.8962410791792807e-07
-0.04122772277227724,-0.0030508458061007104,0.0015634150528711643,0.0014875325310617082,0.01758761255691003,163.8862439415531,6.337495720875385e-07,4.4426620685130686e-07,1.8948336523623172e-07
-0.04118211821182119,-0.003050034950987879,0.0015629386099789144,0.0014871354665255687,0.017573872028445944,163.93149622295863,6.331242590829507e-07,4.436273416677545e-07,1.8949691741519626e-07
-0.04113651365136514,-0.0030501345873830132,0.0015628797675475425,0.0014871717053057676,0.01755126369940068,163.9294261069243,6.326844346883221e-07,4.431184729433292e-07,1.8956596174499294e-07
-0.041090909090909095,-0.003042954610393167,0.0015593935255466818,0.0014836882912905303,0.017592033709798154,164.31055120303938,6.307475935172214e-07,4.415621627655274e-07,1.89185430751694e-07
-0.04104530453045305,-0.0030447472879302495,0.001560155780460093,0.0014845468943507356,0.017559278434953376,164.2184443781626,6.306598059730891e-07,4.4130084537042467e-07,1.893589606026644e-07
-0.04099969996999703,-0.0030431705442452994,0.001559307662624576,0.0014837721089682177,0.0175513465319528,164.30477685048965,6.298777086359232e-07,4.405535028241281e-07,1.8932420581179517e-07
-0.04095409540954098,-0.00303428912353354,0.00155501350092635,0.0014794592903488724,0.017607106748103937,164.7782552747436,6.275943634967403e-07,4.387573734637344e-07,1.8883699003300583e-07
-0.04090849084908493,-0.003035105848312014,0.0015553046331859832,0.0014798482578863847,0.017579526940374145,164.737623704886,6.273101479598569e-07,4.3835911233348817e-07,1.8895103562636874e-07
-0.040862886288628886,-0.003032646500884084,0.0015540484538831834,0.0014786566687101654,0.01757872493273149,164.87090313597886,6.263558669288056e-07,4.374928471561025e-07,1.8886301977270306e-07
-0.04081728172817284,-0.003033316656711804,0.0015542772514152148,0.0014789698222315018,0.017555178903923038,164.8379617271246,6.260410069641851e-07,4.3707380085335e-07,1.8896720611083517e-07
-0.04077167716771679,-0.0030265306723862295,0.0015509661471568847,0.0014756743543589135,0.0175908985107482,165.20266340913247,6.241973263081088e-07,4.3558773404647864e-07,1.886095922616301e-07
-0.040726072607260744,-0.003028412697901217,0.0015517769376103274,0.0014765857182363895,0.017556468745745117,165.10435695476139,6.241368513147662e-07,4.3534671235222825e-07,1.8879013896253797e-07
-0.040680468046804696,-0.00302617991742693,0.001550604075255535,0.001475483068768213,0.01755302561450925,165.22734205987075,6.232262697629627e-07,4.3451242231145654e-07,1.8871384745150618e-07
-0.04063486348634865,-0.003020624573849773,0.001547885697235074,0.001472785058955095,0.017580529900878144,165.52741512694573,6.216415303934807e-07,4.3320924043400385e-07,1.8843228995947688e-07
-0.0405892589258926,-0.0030216619478835582,0.0015482870480170163,0.0014732827839829543,0.017551951419154513,165.47437470936669,6.214087547144446e-07,4.32848509341342e-07,1.8856024537310264e-07
-0.040543654365436554,-0.0030143880638320297,0.0015447478076353605,0.001469751328484259,0.01759248511141227,165.86808922350045,6.194761225468286e-07,4.3130424654890536e-07,1.8817187599792329e-07
-0.04049804980498051,-0.003013337419616846,0.0015441665969788687,0.00146922778059988,0.017585073678289972,165.9274103528761,6.188139299668499e-07,4.306457204631725e-07,1.8816820950367749e-07
-0.04045244524452446,-0.0030126848083114055,0.001543760417611395,0.0014689052319452056,0.017569249520955666,165.96544997547534,6.182392853700335e-07,4.3004766604865185e-07,1.881916193213816e-07
-0.04040684068406841,-0.0030115129486176784,0.001543114560682568,0.0014683332111558034,0.017558755463694477,166.03130028785603,6.175586597299919e-07,4.2937637373091984e-07,1.8818228599907214e-07
-0.040361236123612365,-0.0030073142179105616,0.0015410346287652033,0.0014662958192661613,0.017573261864667688,166.26086087221822,6.16263371887276e-07,4.2827813405426376e-07,1.879852378330123e-07
-0.04031563156315632,-0.0030065184985232918,0.0015405659855289855,0.0014658956950583946,0.01756180248227312,166.306884475362,6.156573770165132e-07,4.27659752763947e-07,1.8799762425256617e-07
-0.0402700270027003,-0.003004615946423428,0.0015395729816205517,0.0014649699327387022,0.01755710146627506,166.41264163047137,6.148320867438027e-07,4.2688902508455797e-07,1.8794306165924464e-07
-0.04022442244224425,-0.0030012171633728713,0.0015378522656703808,0.0014633095878140434,0.01756275692172382,166.6006090571029,6.137004631526252e-07,4.2590577715504553e-07,1.8779468599757973e-07
-0.040178817881788204,-0.002997422563140617,0.00153597318680454,0.0014614670393124918,0.017576368530752406,166.80948925001687,6.124923704250351e-07,4.2487071009099506e-07,1.8762166033404006e-07
-0.040133213321332156,-0.002995416039425436,0.0015349245254370203,0.0014604862572098476,0.01757211809033479,166.92186733150922,6.116491629404442e-07,4.240888428042449e-07,1.8756032013619926e-07
-0.04008760876087611,-0.0029929414640719187,0.0015336759884831963,0.001459282403388329,0.017576090441679817,167.05925993851912,6.107120525007335e-07,4.232429154173146e-07,1.8746913708341884e-07
-0.04004200420042006,-0.0029916655606712084,0.001532963434328849,0.0014586495745956274,0.017564746535582192,167.1324489355297,6.10017198915978e-07,4.22564537874905e-07,1.8745266104107307e-07
-0.039996399639964014,-0.0029874395456062075,0.0015308873783013155,0.0014565968290773945,0.017584074865831464,167.36615249699645,6.087264555117712e-07,4.2147472979062175e-07,1.8725172572114945e-07
-0.03995079507950797,-0.0029842404523350297,0.001529259805145955,0.001455033837294284,0.017587623893703573,167.5453275663415,6.076452155063971e-07,4.20529592368092e-07,1.8711562313830513e-07
-0.03990519051905192,-0.0029830810749302827,0.0015286334510520305,0.001454461128796325,0.01758173901255558,167.61155853650487,6.06977101862192e-07,4.198718735823635e-07,1.8710522827982854e-07
-0.03985958595859587,-0.002980205518028356,0.0015271923117978758,0.0014530642700565366,0.01758820091796401,167.7722269251017,6.059664489185798e-07,4.189772991695447e-07,1.8698914974903504e-07
-0.039813981398139825,-0.0029788440423317297,0.0015264419116007844,0.0014523931585208594,0.017577414286044844,167.85059771173204,6.052607740198631e-07,4.1829346923950593e-07,1.869673047803571e-07
-0.03976837683768378,-0.002973357071894611,0.001523748076614595,0.0014497288604382597,0.0176028499295684,168.15670296083994,6.037246609944221e-07,4.170364351444675e-07,1.8668822584995458e-07
-0.03972277227722773,-0.0029744713723545146,0.001524185113460419,0.0014502645575487083,0.01757277918105015,168.09770926705383,6.035245412247606e-07,4.16702794812334e-07,1.8682174641242665e-07
-0.03967716771677168,-0.002969421304172215,0.0015217002393796975,0.001447805737262664,0.01759647166555795,168.38057661195023,6.020773659047835e-07,4.1550867096132325e-07,1.8656869494346022e-07
-0.039631563156315636,-0.002970413071210487,0.001522067359573498,0.001448276952368488,0.017565812808818235,168.32870550073673,6.018529119425063e-07,4.1515840482421325e-07,1.8669450711829316e-07
-0.03958595859585959,-0.0029677423718652562,0.0015207384880824293,0.0014469774637888566,0.01757461304776924,168.4789860289123,6.008894245616915e-07,4.1429974183179844e-07,1.8658968272989305e-07
-0.03954035403540357,-0.0029661302417594015,0.0015198764636394912,0.0014461921783950338,0.01756587598098895,168.57155661653272,6.001426909113736e-07,4.1358984787504847e-07,1.865528430363252e-07
-0.03949474947494752,-0.002959758515387989,0.0015167729313176892,0.0014430925596933264,0.017602768961635894,168.92964805180506,5.984365254119126e-07,4.122199023491078e-07,1.862166230628048e-07
-0.039449144914491474,-0.002958161039884999,0.0015159005581111273,0.001442305596750293,0.017591843485097475,169.02263958328587,5.976925250880823e-07,4.115126313056748e-07,1.8617989378240754e-07
-0.03940354035403543,-0.002960706542964431,0.0015170230359373704,0.001443539615662237,0.017550109625719432,168.8827119898619,5.977867863937305e-07,4.113832466055284e-07,1.8640353978820212e-07
-0.03935793579357938,-0.002953588242121441,0.0015135862519386478,0.0014400771123235234,0.01759853912683004,169.28346152030497,5.959349487215918e-07,4.0991574951626827e-07,1.8601919920532362e-07
-0.03931233123312333,-0.002952637812953185,0.0015130242753116363,0.0014396108707084299,0.017581267851898043,169.3401824009622,5.953268819281366e-07,4.0930303108368593e-07,1.8602385084445067e-07
-0.039266726672667285,-0.0029525725710897177,0.001512895354387922,0.0014395699756353242,0.017560593940828793,169.34692321136887,5.948955902751577e-07,4.088125563772025e-07,1.8608303389795527e-07
-0.03922112211221124,-0.0029504920219238784,0.0015118122605102258,0.0014385517095110156,0.017557448436695617,169.4669385873907,5.940603010093368e-07,4.0804475856258424e-07,1.8601554244675254e-07
-0.03917551755175519,-0.0029427267885040465,0.0015080671007154933,0.0014347840904860298,0.01760917403049629,169.90684745800033,5.920907119805157e-07,4.064992029240051e-07,1.8559150905651063e-07
-0.03912991299129914,-0.0029419893878355197,0.001507626021997055,0.0014344141224702511,0.017596475117859268,169.95156032274895,5.91525687791592e-07,4.059183665700545e-07,1.856073212215374e-07
-0.039084308430843095,-0.0029408779251269834,0.0015070052375705245,0.0014338708108334597,0.017584493616396232,170.0173119277334,5.908914034139439e-07,4.0528988202456517e-07,1.856015213893788e-07
-0.03903870387038705,-0.0029368472294351022,0.0015050134069909404,0.0014319059706797699,0.017602137634617022,170.24850779570403,5.896721672533925e-07,4.0426110446716676e-07,1.8541106278622578e-07
-0.038993099309931,-0.0029346517598867194,0.0015038849060005077,0.0014308361965023053,0.01760115521086102,170.37595386176935,5.888221764522076e-07,4.034858101929946e-07,1.8533636625921298e-07
-0.038947494749474953,-0.0029329169955758516,0.0015029736695595375,0.001429980399964892,0.017598194100510983,170.47766459607723,5.880619902506458e-07,4.027726554925495e-07,1.852893347580964e-07
-0.038901890189018906,-0.0029318116559124974,0.0015023510081348945,0.0014294396384100239,0.01758507440081911,170.54362632692593,5.874327803088103e-07,4.021489901321366e-07,1.8528379017667372e-07
-0.03885628562856286,-0.0029295622842084867,0.0015011950273589036,0.0014283447645644376,0.01758382730624558,170.6746165207961,5.865768605982614e-07,4.013706753506625e-07,1.85206185247599e-07
-0.03881068106810684,-0.0029246156215947394,0.0014987665854846455,0.0014259334029811388,0.017609449739329323,170.96017152503296,5.851810199792453e-07,4.002238695221027e-07,1.8495715045714254e-07
-0.03876507650765079,-0.00292281885633372,0.0014978373396061784,0.0014250582771722087,0.01760717982487468,171.065488162241,5.844172780689155e-07,3.9951001325025335e-07,1.8490726481866222e-07
-0.038719471947194745,-0.0029201357386341442,0.0014964547224565194,0.001423751177488386,0.017605069833394583,171.2228602166669,5.834791997157283e-07,3.9867640208142654e-07,1.8480279763430168e-07
-0.0386738673867387,-0.0029204822321560187,0.0014965347073001567,0.0014239049785305102,0.0175851035747078,171.20584969995477,5.831398094039019e-07,3.982533112791055e-07,1.848864981247964e-07
-0.03862826282628265,-0.0029178395950424374,0.0014952009003295075,0.0014226193412378851,0.017589354306689862,171.36022797739705,5.822109916885326e-07,3.9742768238244553e-07,1.8478330930608703e-07
-0.0385826582658266,-0.0029150144136451672,0.0014937696726633476,0.0014212406419542578,0.017593658984710454,171.52585908464567,5.812460574456537e-07,3.965776828797858e-07,1.8466837456586793e-07
-0.038537053705370555,-0.0029096350356638823,0.001491126810222454,0.001418619334850435,0.01762096864062744,171.83957691415458,5.797742900724231e-07,3.953825397916653e-07,1.8439175028075777e-07
-0.03849144914491451,-0.0029094667369804483,0.0014909649713104045,0.0014185404828066517,0.017601800911408245,171.8516547526913,5.79344199849885e-07,3.948983215562102e-07,1.8444587829367486e-07
-0.03844584458445846,-0.002909609769133681,0.0014909312602711111,0.0014185929286507637,0.017580007177244894,171.84687742334543,5.789681345634994e-07,3.944510956658851e-07,1.8451703889761422e-07
-0.03840024002400241,-0.0029057526604532313,0.001489040209811776,0.0014167248634828766,0.01759773748889589,172.0720895667118,5.77807291893854e-07,3.934700831406677e-07,1.843372087531863e-07
-0.038354635463546366,-0.0029034632577236152,0.0014878511760443303,0.0014156046556168533,0.017594851474485133,172.20835775515218,5.769555312128011e-07,3.9269917560174876e-07,1.8425635561105237e-07
-0.03830903090309032,-0.0029026559749780745,0.001487383089553873,0.0014152008831642693,0.017584086247994346,172.25816831168976,5.763955565592985e-07,3.92127944527185e-07,1.8426761203211347e-07
-0.03826342634263427,-0.0029004992039887156,0.001486269232792381,0.0014141563912504207,0.01758025161272703,172.38630557109624,5.755756438837083e-07,3.913795903306264e-07,1.8419605355308186e-07
-0.038217821782178224,-0.0028990579014589457,0.00148549740521986,0.0014134461942936216,0.01757397253854622,172.47322199421342,5.748928973210176e-07,3.907253344993569e-07,1.8416756282166064e-07
-0.03817221722172218,-0.00289573552846889,0.0014838294290981935,0.00141181992676076,0.017583941410039088,172.67027144165732,5.738385220600255e-07,3.898188645192425e-07,1.84019657540783e-07
-0.03812661266126613,-0.0028891003689750505,0.001480617641277604,0.0014086002272872822,0.017626272219929986,173.06073478323,5.721375956947334e-07,3.8847421808943586e-07,1.8366337760529743e-07
-0.03808100810081011,-0.0028905661731926102,0.001481213153219585,0.0014093031355459917,0.017591042833952165,172.9779857977111,5.720330638112856e-07,3.882135479504786e-07,1.8381951586080698e-07
-0.03803540354035406,-0.0028882025223282426,0.0014800083020602983,0.0014081496270954563,0.017592868140586797,173.11939038414602,5.711750090031889e-07,3.8744192409453965e-07,1.8373308490864928e-07
-0.037989798979898015,-0.00288261244639898,0.0014772691753321965,0.0014054272950116964,0.017622873846797286,173.45124336632298,5.696825707662145e-07,3.8624041093618915e-07,1.8344215983002532e-07
-0.03794419441944197,-0.002882190891128289,0.0014769973154429294,0.0014052226348706398,0.01760895423893558,173.47826647100484,5.692113506492378e-07,3.8573232570508814e-07,1.8347902494414967e-07
-0.03789858985898592,-0.002881169115994453,0.0014764103621800473,0.0014047117779603102,0.017596525557430447,173.54207823760248,5.686177069860866e-07,3.8514097383800305e-07,1.834767331480836e-07
-0.03785298529852987,-0.0028774805437876694,0.001474570297382627,0.0014029115565374894,0.017609287298483975,173.7630814752677,5.675028060897134e-07,3.8419708267439865e-07,1.8330572341531477e-07
-0.037807380738073826,-0.0028744697713989353,0.0014730630953252444,0.0014014505372259567,0.01761637414031307,173.94379662200768,5.665263821409924e-07,3.8334761658464415e-07,1.8317876555634834e-07
-0.03776177617761778,-0.002874151304240513,0.0014728172232025827,0.001401290964471169,0.01759709438277219,173.96570238463323,5.660781402590272e-07,3.8285568478079994e-07,1.832224554782272e-07
-0.03771617161716173,-0.0028713403737725685,0.0014714052202791095,0.0013999144639882388,0.01760557582935926,174.13532925389976,5.651391317853358e-07,3.820326972826503e-07,1.831064345026855e-07
-0.037670567056705684,-0.002867712469068806,0.001469610958842793,0.001398147311785003,0.017621166824194134,174.3536050282245,5.640425423567939e-07,3.8110376279538917e-07,1.829387795614047e-07
-0.037624962496249637,-0.002865602284543911,0.0014685163671614987,0.0013971184980496876,0.017617909833458248,174.48239775643052,5.632455480151723e-07,3.8037721675552785e-07,1.8286833125964437e-07
-0.03757935793579359,-0.002864840939110991,0.0014680616332327645,0.0013967387739668435,0.01760407877997966,174.53099409859482,5.627118365697608e-07,3.798289854455577e-07,1.8288285112420311e-07
-0.03753375337533754,-0.0028638098012834234,0.0014674907795395598,0.0013962282027444317,0.01759554429736441,174.5953687511887,5.621267727613564e-07,3.792466164796579e-07,1.8288015628169858e-07
-0.037488148814881495,-0.0028594839507292136,0.0014653552288166338,0.001394127731340733,0.017613474090030744,174.8567557011753,5.609016323963117e-07,3.7823247702065093e-07,1.826691553756608e-07
-0.03744254425442545,-0.002855641092267547,0.001463460386986526,0.001392254232679857,0.017631901134946656,175.08977735539932,5.59769541037301e-07,3.7728230986152013e-07,1.8248723117578083e-07
-0.0373969396939694,-0.0028544450969434365,0.0014627959319497563,0.0013916690042066193,0.017619653971431518,175.16478525709434,5.59158181349404e-07,3.766828301108698e-07,1.8247535123853422e-07
-0.03735133513351338,-0.0028505770075639703,0.0014608680950658481,0.0013897783611860337,0.017634344468782114,175.40094794507422,5.580227123007113e-07,3.757309784688027e-07,1.8229173383190866e-07
-0.03730573057305733,-0.002851478546006092,0.001461203742316286,0.0013902133778256331,0.017604125758515138,175.34951690172588,5.578217625453131e-07,3.7540875746046346e-07,1.8241300508484962e-07
-0.037260126012601286,-0.0028465251406259995,0.001458783170129152,0.00138780702320207,0.017631228742185662,175.6507538210913,5.564814542144043e-07,3.743203779535482e-07,1.8216107626085605e-07
-0.03721452145214524,-0.0028459514921763684,0.0014584289408787754,0.0013875145238890774,0.017619437856346017,175.68841441460208,5.559902424477762e-07,3.7380393308184535e-07,1.8218630936593086e-07
-0.03716891689168919,-0.00284250258393115,0.0014567043416136016,0.0013858351800435376,0.01762956058974432,175.90019236920318,5.549455228938742e-07,3.729150515014097e-07,1.8203047139246447e-07
-0.037123312331233144,-0.002839712765847935,0.0014552943140557772,0.0013844724524543217,0.017635105125555474,176.07247183525197,5.540274782613277e-07,3.721121341053562e-07,1.8191534415597146e-07
-0.037077707770777096,-0.002837543478619864,0.0014541951443050039,0.0013834211544336839,0.017636661794554313,176.20649272106314,5.532352403922706e-07,3.7139439729209567e-07,1.8184084310017491e-07
-0.03703210321032105,-0.0028350576620681522,0.001452921645508809,0.0013822028250864982,0.017638364277914834,176.36117793102866,5.523786692440321e-07,3.706334785178452e-07,1.8174519072618688e-07
-0.036986498649865,-0.0028348525765125032,0.0014527199850107309,0.0013820949292751017,0.01761624690712917,176.3771864263581,5.519670437789364e-07,3.7017118912475415e-07,1.8179585465418228e-07
-0.036940894089408954,-0.0028319422856384335,0.001451267304240389,0.0013806744966837758,0.017626295980887746,176.557285551177,5.510308096224408e-07,3.6935821169740896e-07,1.8167259792503188e-07
-0.03689528952895291,-0.0028270876301661474,0.0014489071329037984,0.0013783223251639942,0.017654598472297615,176.85601716269124,5.497236671751736e-07,3.6829724021632176e-07,1.814264269588519e-07
-0.03684968496849686,-0.0028283584212829282,0.0014494104354625392,0.00137892231246739,0.017622459973224928,176.78179170229518,5.495969041982103e-07,3.6802715553277774e-07,1.8156974866543251e-07
-0.03680408040804081,-0.002825842462314654,0.0014481158980288455,0.0013776968228247366,0.017620872609441784,176.9393155793016,5.487434232506359e-07,3.672699772638984e-07,1.8147344598673748e-07
-0.036758475847584765,-0.002822430365455375,0.0014464396661963974,0.0013760336756336589,0.017638898463963992,177.15094036225614,5.477146340160193e-07,3.663973607478651e-07,1.8131727326815427e-07
-0.03671287128712872,-0.0028174151343591802,0.0014439727791497603,0.0013735879882033064,0.017665011059039993,177.4630481908786,5.463774959950118e-07,3.653182012172342e-07,1.8105929477777762e-07
-0.03666726672667267,-0.0028182450627980415,0.0014442608725317996,0.0013739844865519046,0.017632572035723486,177.41536402117214,5.461727730929595e-07,3.649963708632724e-07,1.8117640222968718e-07
-0.03662166216621662,-0.0028172150657184147,0.0014437026607296843,0.0013734785402952365,0.017625902310448048,177.48130459024264,5.456085103089262e-07,3.644353765407496e-07,1.8117313376817662e-07
-0.036576057605760603,-0.0028119879272878734,0.001441146508518898,0.0013709391888028222,0.01765445701809777,177.80706063737156,5.442388971965421e-07,3.633362694818762e-07,1.8090262771466598e-07
-0.036530453045304556,-0.0028108473477459484,0.0014405021070231783,0.001370375874237162,0.01764120684568232,177.88133383897693,5.436546547045704e-07,3.627618470224682e-07,1.8089280768210218e-07
-0.03648484848484851,-0.0028077233173604554,0.0014389515644523954,0.0013688549906003544,0.01765337679403939,178.0775853250447,5.426911943189809e-07,3.6193549031728406e-07,1.807557040016969e-07
-0.03643924392439246,-0.0028089767443333358,0.0014394478774519825,0.0013694503137025027,0.017620574204099654,178.0032506033647,5.425683833416525e-07,3.61669753503913e-07,1.8089862983773955e-07
-0.036393639363936414,-0.0028048431903329174,0.0014373792172435174,0.0013674298712975652,0.017634377175297082,178.26416866621284,5.414107652411947e-07,3.6071379493681977e-07,1.8069697030437498e-07
-0.03634803480348037,-0.0028025206412394255,0.0014362247405941275,0.001366305579407312,0.017641373539322814,178.41050989813243,5.4060768877889e-07,3.599959722517787e-07,1.806117165271113e-07
-0.03630243024302432,-0.0027995726673140098,0.00143475150456851,0.0013648621452575505,0.01765242566305532,178.59737886178718,5.396794077951681e-07,3.591950036553602e-07,1.8048440413980784e-07
-0.03625682568256827,-0.002796776635960896,0.0014333325038080602,0.0013635087654244593,0.017653487023819102,178.77517144521906,5.387895634559682e-07,3.584190654230919e-07,1.8037049803287623e-07
-0.036211221122112225,-0.0027958751016967653,0.0014328101406917426,0.0013630554912977821,0.01764169866899559,178.83518704215058,5.382559863746678e-07,3.578811803628776e-07,1.8037480601179015e-07
-0.03616561656165618,-0.0027953817425014904,0.001432486811893341,0.0013628053256142802,0.017626319675820207,178.86931369324842,5.378030095015881e-07,3.573971742959623e-07,1.8040583520562582e-07
-0.03612001200120013,-0.0027901176591029753,0.001429930230862908,0.0013602472380900288,0.01765994875240823,179.20199148111803,5.364398392592509e-07,3.563090675844696e-07,1.8013077167478128e-07
-0.03607440744074408,-0.0027874254061259762,0.0014285704009466826,0.0013589395636799395,0.01766378156987261,179.37427673982222,5.355714548798815e-07,3.555497597956335e-07,1.8002169508424802e-07
-0.036028802880288036,-0.0027855298804837503,0.001427596490607641,0.0013580075436125938,0.017665164749316342,179.49667254644223,5.348530332759515e-07,3.548909748277464e-07,1.7996205844820513e-07
-0.03598319831983199,-0.0027879370870920184,0.001428614096681713,0.0013591678096855908,0.017613762981907193,179.34906711996507,5.349608540434608e-07,3.547793008633224e-07,1.8018155318013838e-07
-0.03593759375937594,-0.002781051079935537,0.0014252944922645838,0.001355818188193636,0.017664970415320502,179.78614853461417,5.332915808647107e-07,3.5349083886363087e-07,1.7980074200107986e-07
-0.035891989198919894,-0.002781030763813419,0.0014251794352873048,0.0013557948848144097,0.017641769023656783,179.79127759014796,5.329335273223634e-07,3.5307133501002685e-07,1.7986219231233645e-07
-0.035846384638463874,-0.0027785783468630143,0.001423941815460239,0.0013545981434262,0.017646933834505298,179.9493811325538,5.321146998384612e-07,3.5234733738431063e-07,1.7976736245415063e-07
-0.03580078007800783,-0.0027769731407971676,0.0014230922268225754,0.0013538077122412506,0.01764207824551412,180.05452872629,5.314569061466466e-07,3.517301579559403e-07,1.7972674819070628e-07
-0.03575517551755178,-0.002771459985822844,0.0014204129086152761,0.0013511311619600619,0.017676469876268763,180.40758942720228,5.300594669088006e-07,3.5062411949622203e-07,1.7943534741257866e-07
-0.03570957095709573,-0.00277099325485608,0.0014201102934592313,0.0013508970430160527,0.017661955568991975,180.44025501624284,5.296218567602241e-07,3.50153671421013e-07,1.794681853392111e-07
-0.035663966396639685,-0.002766552416787249,0.0014179374744429651,0.0013487429343144175,0.017685554032333847,180.7261742870129,5.284320521713225e-07,3.491862054617965e-07,1.7924584670952603e-07
-0.03561836183618364,-0.0027671042104486787,0.0014180842879056854,0.0013489938602468943,0.017655393390677426,180.69516600691594,5.281875508700941e-07,3.4884323722736607e-07,1.79344313642728e-07
-0.03557275727572759,-0.002761529646832628,0.0014153779461807403,0.0013462834091753084,0.01769211657020987,181.05475613711886,5.267822402854034e-07,3.477348081346946e-07,1.7904743215070877e-07
-0.03552715271527154,-0.002760982820944946,0.0014150342360537138,0.0013460117390287074,0.017677145891868622,181.0928622319781,5.263339452775745e-07,3.472584449023904e-07,1.790755003751841e-07
-0.035481548154815495,-0.0027585127977829416,0.0014137788290540243,0.0013448090433327842,0.017679465584487165,181.25462263302003,5.255220276891109e-07,3.465422839308638e-07,1.7897974375824716e-07
-0.03543594359435945,-0.002757991180843078,0.0014134217755312761,0.001344538591732558,0.01766059717139353,181.29238287874418,5.25077532374913e-07,3.4606841180746654e-07,1.7900912056744637e-07
-0.0353903390339034,-0.0027552219718387505,0.0014120532177912537,0.0013431950148012906,0.017671935805204313,181.47271700985533,5.242120517773571e-07,3.453184494227447e-07,1.7889360235461243e-07
-0.03534473447344735,-0.002754564926036096,0.0014116464547342389,0.0013428701143725075,0.017655139734083614,181.5184619943749,5.237461347010371e-07,3.448312358248581e-07,1.7891489887617907e-07
-0.035299129912991306,-0.0027500957412058824,0.0014094497050294308,0.0013406934246051883,0.017678673129869593,181.81028560441197,5.22558223463077e-07,3.4386935017712353e-07,1.7868887328595351e-07
-0.03525352535253526,-0.002750121795983773,0.001409381074992666,0.0013407018335531706,0.017658696136421653,181.81141497814895,5.222237313749396e-07,3.434696999166985e-07,1.787540314582411e-07
-0.03520792079207921,-0.0027460170895210467,0.0014073607551878808,0.0013386941106376948,0.017681848206878927,182.08064426877795,5.211045635000312e-07,3.425544633241599e-07,1.7855010017587126e-07
-0.035162316231623164,-0.0027431987724924056,0.0014059503427645836,0.0013373217819305783,0.017690204936781834,182.266527744203,5.202344874751789e-07,3.418033596710568e-07,1.7843112780412205e-07
-0.035116711671167145,-0.0027394382956487107,0.0014040853191090719,0.0013354870643218497,0.017706689681805405,182.514701754146,5.191862642350599e-07,3.4093554411734044e-07,1.7825072011771938e-07
-0.0350711071107111,-0.0027382318797037897,0.001403422620349204,0.0013348985833108173,0.017695306518827905,182.59660497726418,5.186239504543877e-07,3.403870576423153e-07,1.7823689281207234e-07
-0.03502550255025505,-0.0027375982607651395,0.0014030427219680064,0.0013345829035862344,0.017682801153695006,182.64093318606407,5.181680024645285e-07,3.3990918280759486e-07,1.7825881965693362e-07
-0.034979897989799,-0.0027352716379027697,0.0014018436607656781,0.0013334464228658138,0.017681663430427017,182.79658486689044,5.173936822861187e-07,3.3922216959477015e-07,1.7817151269134855e-07
-0.034934293429342955,-0.002734850695887303,0.0014015475460809057,0.0013332221816264589,0.017665813541124443,182.82804336590397,5.16975039657931e-07,3.3876912538294985e-07,1.782059142749811e-07
-0.03488868886888691,-0.002729944317763966,0.0013991791169019052,0.0013308408470611433,0.017700904487144373,183.15138129139828,5.157189431107898e-07,3.3776845218605813e-07,1.779504909247317e-07
-0.03484308430843086,-0.002727390991637435,0.001397884676407557,0.0013295957087029464,0.017704697883475198,183.3223793804971,5.149063221231416e-07,3.3705795138886055e-07,1.7784837073428115e-07
-0.03479747974797481,-0.0027281579255316046,0.0013981347207803196,0.0013299614505781765,0.017669725415106505,183.27592194981713,5.14719660632654e-07,3.367568740965345e-07,1.7796278653611948e-07
-0.034751875187518766,-0.002723581453167867,0.001395902581364794,0.0013277293913807053,0.0176993928758475,183.58010267099533,5.135268250817622e-07,3.3579899198396675e-07,1.7772783309779553e-07
-0.03470627062706272,-0.002720804183795167,0.0013945004723154852,0.0013263772010898567,0.017704491692708907,183.76671518875844,5.126755283831962e-07,3.3506442752131146e-07,1.7761110086188464e-07
-0.03466066606660667,-0.0027220629416149222,0.0013950093336205782,0.0013269826210409175,0.017671221051261416,183.6866121030433,5.125829954504839e-07,3.3482628330580235e-07,1.777567121446816e-07
-0.034615061506150624,-0.0027195629794505294,0.0013937412190401233,0.0013257542687057366,0.01767712594449483,183.85535033887194,5.117818633261603e-07,3.3412554502405063e-07,1.776563183021097e-07
-0.03456945694569458,-0.0027180970120070924,0.001392962311250301,0.0013250313453241347,0.017672107376608993,183.9557249807491,5.111768911533498e-07,3.3355324346230246e-07,1.776236476910473e-07
-0.03452385238523853,-0.002716024607138934,0.0013919019043910907,0.0013240220383641255,0.017672286998823297,184.09599995557517,5.104622572321425e-07,3.3290963416193155e-07,1.7755262307021097e-07
-0.03447824782478248,-0.002710969671085195,0.0013894336838831123,0.0013215598017835006,0.017703659972362635,184.43504153190898,5.091877993820912e-07,3.319015568700625e-07,1.772862425120287e-07
-0.034432643264326435,-0.0027093259906223466,0.0013885609519306286,0.001320759987436304,0.017695368539598848,184.54791628248392,5.085569720183352e-07,3.313130401964414e-07,1.7724393182189384e-07
-0.034387038703870415,-0.0027073541941149415,0.0013875495919322134,0.0013197931234822935,0.0176966350032306,184.68254395552174,5.07862010638286e-07,3.3068381294958953e-07,1.7717819768869642e-07
-0.03434143414341437,-0.0027063058392542416,0.0013869686234215806,0.0013192780722353081,0.01768627379136784,184.75571249423803,5.073422342393214e-07,3.301687303758959e-07,1.7717350386342546e-07
-0.03429582958295832,-0.0027017707377581246,0.0013847525000585392,0.001317066207238815,0.017714844563528623,185.06217212986894,5.061700478546572e-07,3.2922986603173936e-07,1.7694018182291783e-07
-0.03425022502250227,-0.0027020103510153604,0.0013847729764862038,0.0013171773121614105,0.017689558988390298,185.04946032737323,5.058927505482015e-07,3.2887302474182316e-07,1.7701972580637837e-07
-0.034204620462046226,-0.0026980457611642805,0.0013828230806609554,0.0013152465227985743,0.017710539226440402,185.31849903652216,5.048319188534208e-07,3.2800740086513285e-07,1.7682451798828802e-07
-0.03415901590159018,-0.00269570346206649,0.001381637114192813,0.0013141016513771309,0.0177151496535917,185.47912743533044,5.040732438688669e-07,3.273387633174763e-07,1.7673448055139057e-07
-0.03411341134113413,-0.0026928605794438454,0.001380225276989222,0.001312721834942021,0.017725455676221233,185.67317240112652,5.032249012078332e-07,3.266124489797069e-07,1.766124522281263e-07
-0.034067806780678084,-0.002693676229867492,0.0013805081732201074,0.001313107451681672,0.01769311619374322,185.62202066604544,5.030570948171572e-07,3.2632746733764984e-07,1.767296274795074e-07
-0.034022202220222036,-0.0026913351341022462,0.0013793265898272011,0.0013119618458254934,0.017699051351214835,185.78300842344208,5.023012283117226e-07,3.256618950440471e-07,1.7663933326767553e-07
-0.03397659765976599,-0.0026860095445755405,0.0013767228443199997,0.0013093681842206717,0.01773149758504721,186.14692453904055,5.009919186845975e-07,3.2463757667711366e-07,1.7635434200748384e-07
-0.03393099309930994,-0.0026835175526827015,0.0013754682002300456,0.001308151731999052,0.017737907536470945,186.3190579356723,5.002117910710127e-07,3.239571879202153e-07,1.7625460315079736e-07
-0.033885388538853894,-0.0026817806358110374,0.0013745706357610743,0.0013073041304856314,0.017736218974396315,186.44001619051707,4.995736179424097e-07,3.233691328559875e-07,1.762044850864221e-07
-0.03383978397839785,-0.0026795386296925017,0.001373419026279521,0.0013062044809180051,0.0177373441037142,186.5963324969133,4.988406597071853e-07,3.2271977581159325e-07,1.7612088389559201e-07
-0.0337941794179418,-0.002680141932501101,0.0013735976464772648,0.0013064896574832563,0.01770523017324367,186.55918541650223,4.986374135901887e-07,3.224130574621055e-07,1.7622435612808319e-07
-0.03374857485748575,-0.0026789744875088672,0.0013729469953958073,0.0013059125333110266,0.017693558723935576,186.64258671945782,4.981059262088814e-07,3.2189438286692223e-07,1.7621154334195922e-07
-0.033702970297029705,-0.0026752315861955367,0.001371119118331876,0.0013040865753466413,0.01771778169997249,186.90061161198014,4.970964969910962e-07,3.210683785686501e-07,1.7602811842244606e-07
-0.033657365736573686,-0.0026738456736552507,0.0013703541209366676,0.0013034061506611572,0.01770461278003321,186.99956770144456,4.965282378450704e-07,3.205262265696947e-07,1.760020112753758e-07
-0.03361176117611764,-0.002671241075589137,0.001369063572546736,0.0013021351232820333,0.017716697399405953,187.1803974936709,4.957333953319464e-07,3.198396759216291e-07,1.7589371941031723e-07
-0.03356615661566159,-0.0026691285843440937,0.0013679694471804282,0.001301098736999906,0.017715426749057638,187.32917563029767,4.95030376587072e-07,3.192118218987761e-07,1.7581855468829584e-07
-0.033520552055205544,-0.002664499576994217,0.0013657313142871885,0.0012988522057408858,0.017748439080926746,187.64954154285297,4.938662984431865e-07,3.182881207852914e-07,1.7557817765789514e-07
-0.033474947494749496,-0.00266316872199468,0.0013649946132190394,0.0012981880779205923,0.017738025675831846,187.74577988491117,4.933074116425995e-07,3.1775394233159085e-07,1.7555346931100863e-07
-0.03342934293429345,-0.0026594567501376787,0.0013631744070110585,0.0012963825038907473,0.017758912878036343,188.00478128581682,4.923144061475927e-07,3.1694128960877014e-07,1.7537311653882258e-07
-0.0333837383738374,-0.0026592509687475285,0.0013629909844397048,0.0012962807254379705,0.017738558469723588,188.02213705300812,4.919698600303279e-07,3.165461217810685e-07,1.7542373824925932e-07
-0.033338133813381354,-0.0026589567230814737,0.0013627561588833714,0.0012961254692411828,0.017719371659918364,188.04633273089448,4.916066684682477e-07,3.1613903781525224e-07,1.7546763065299543e-07
-0.03329252925292531,-0.0026547086128800856,0.0013606854856647033,0.0012940604298745662,0.017746217382071588,188.3432647642815,4.90517898276552e-07,3.152662503940705e-07,1.7525164788248157e-07
-0.03324692469246926,-0.0026524292176048903,0.0013595046880396922,0.0012929423680536622,0.01774474101380508,188.50581020297,4.897913345891562e-07,3.1462591857047364e-07,1.7516541601868252e-07
-0.03320132013201321,-0.00264924831060398,0.0013579461402670745,0.0012913918617663,0.017763915972396155,188.72958577931576,4.88900492196713e-07,3.1388180117425127e-07,1.7501869102246178e-07
-0.033155715571557165,-0.0026472438837714662,0.00135692395299003,0.0012904151288322119,0.017765227085853,188.87228824222703,4.882287832688135e-07,3.1327823777344185e-07,1.7495054549537164e-07
-0.03311011101110112,-0.0026487051828496533,0.0013575023722580681,0.0012911134976028027,0.01772340170150272,188.77466365538137,4.881920569860148e-07,3.130816888670831e-07,1.7511036811893163e-07
-0.03306450645064507,-0.0026442030446673925,0.0013553081514743326,0.001288924126762625,0.01775226705160765,189.0918464425525,4.870630865903577e-07,3.1218562859642334e-07,1.7487745799393438e-07
-0.03301890189018902,-0.0026423919048141897,0.0013543571967744583,0.0012880265190782225,0.017750157450789533,189.2227923716112,4.864240519070577e-07,3.116039142058414e-07,1.7482013770121633e-07
-0.032973297329732976,-0.002639709260847667,0.0013530404132424678,0.0012867242661303013,0.01776431003002657,189.41281107228016,4.856323875725423e-07,3.109256255585553e-07,1.7470676201398702e-07
-0.032927692769276956,-0.0026364069876194662,0.001351385141113326,0.0012851134611147064,0.017774645312670298,189.64875872714452,4.847259576495796e-07,3.101731838888935e-07,1.7455277376068608e-07
-0.03288208820882091,-0.0026367640870859077,0.0013514712968927256,0.0012852800067202352,0.017750663109590507,189.62682876848032,4.84490653975301e-07,3.0985116977692963e-07,1.7463948419837137e-07
-0.03283648364836486,-0.0026330951419453186,0.0013496529452723394,0.0012834856613324064,0.01776895354663951,189.8890265315942,4.835180123412283e-07,3.0905759812923506e-07,1.7446041421199324e-07
-0.032790879087908814,-0.002631030613144958,0.001348598545867219,0.001282475912232961,0.017770896574877966,190.03801453234314,4.828409565896987e-07,3.084536903623909e-07,1.743872662273078e-07
-0.03274527452745277,-0.0026308990591417114,0.0013484281263913545,0.0012823983143728235,0.017746844339332168,190.0517235302157,4.825171341180602e-07,3.0807512494861235e-07,1.7444200916944788e-07
-0.03269966996699672,-0.0026289693805239267,0.0013474500801606837,0.0012814632097695178,0.017748316403161386,190.19062666029956,4.818693438787432e-07,3.0749070439005456e-07,1.7437863948868856e-07
-0.03265406540654067,-0.0026248568756415125,0.0013454166175037585,0.001279455933487883,0.017769063414166536,190.48600770294118,4.808209346303005e-07,3.066504873805055e-07,1.741704472497951e-07
-0.032608460846084625,-0.0026210580594039357,0.0013435713962408613,0.0012776114690085105,0.017794644096920668,190.75811554123382,4.798327659113341e-07,3.0585036229062817e-07,1.739824036207059e-07
