slopeH,NADPH_flux,NAD_flux,Fd_flux,F_slip,F_yield,F_sc,D_to_H1_flux,L1_to_D_flux,S_FAD_mid_pot
-0.1665966596659666,-0.0002515870461934355,0.0001425603589737534,0.00010904939190559126,0.09418544338942805,-0.0005031967970727802,8.810407574154398e-08,1.8956687122266624e-09,8.620840702931731e-08,-0.2931933193319332
-0.16657665766576657,-0.00025166881533777996,0.0001425882966081815,0.00010910268921215938,0.09408358846468784,-0.0005033598011581208,8.808119021961105e-08,1.8956588551164116e-09,8.618553136449463e-08,-0.29315331533153316
-0.16655665566556657,-0.00025180291424931056,0.00014273140516962712,0.00010918381269431343,0.09420805600803045,-0.0005037181321132511,8.804608280062823e-08,1.8961843303112193e-09,8.614989847031702e-08,-0.29311331133113316
-0.16653665366536655,-0.0002518791670098608,0.00014276077466490733,0.0001092329081828769,0.09412417992259424,-0.000503872849857645,8.801559691956445e-08,1.896111612500428e-09,8.611948530706402e-08,-0.2930733073307331
-0.16651665166516652,-0.00025230429332623316,0.00014293651832986143,0.00010942599967789235,0.09391655779983078,-0.0005046668113339869,8.809376208027383e-08,1.898545214707247e-09,8.619521686556659e-08,-0.29303330333033306
-0.16649664966496652,-0.0002528207423608819,0.00014312608739430743,0.00010965860637601743,0.09360425210492258,-0.0005056054361312068,8.822070101430706e-08,1.9016642693691735e-09,8.631903674493789e-08,-0.29299329932993307
-0.1664766476647665,-0.00025282928235981217,0.0001431804873206488,0.00010968848312020718,0.09366968767377057,-0.0005056982528006682,8.815860101507434e-08,1.901261850639132e-09,8.625733916443521e-08,-0.292953295329533
-0.16645664566456647,-0.0002530015065644875,0.00014326958613253282,0.00010977709629611532,0.09360730118742124,-0.0005060481889931356,8.815215195687712e-08,1.9019116454414864e-09,8.625024031143564e-08,-0.29291329132913296
-0.16643664366436645,-0.00025329065496748626,0.0001433807378958818,0.0001099146012122354,0.09342678838253107,-0.0005065859940756035,8.818894953148188e-08,1.9033092368898295e-09,8.628564029459205e-08,-0.2928732873287329
-0.16641664166416642,-0.00025337199339503513,0.00014345532435910968,0.00010997228199838283,0.09344410425240426,-0.0005067995997525276,8.815619244294996e-08,1.9034271987232644e-09,8.62527652442267e-08,-0.29283328332833286
-0.1663966396639664,-0.00025388746517762684,0.00014369220170351582,0.00011020753809098949,0.0932587762079425,-0.0005077872049721321,8.825931632456372e-08,1.9066169859172166e-09,8.63526993386465e-08,-0.2927932793279328
-0.1663766376637664,-0.00025386697248563905,0.00014371396905232814,0.000110218957477759,0.093295301486798,-0.0005077998990157262,8.818664886431366e-08,1.905876332300271e-09,8.62807725320134e-08,-0.2927532753275328
-0.16635663566356637,-0.0002543637024103873,0.00014385763968860488,0.00011042752836853964,0.09293277073149761,-0.0005086488704675318,8.829994068470461e-08,1.9085913703685714e-09,8.639134931433604e-08,-0.29271327132713276
-0.16633663366336635,-0.000253942325485923,0.00014378793451186311,0.00011028453291439533,0.09329150289419914,-0.0005080147929121814,8.808392648761775e-08,1.9051608264093593e-09,8.617876566120839e-08,-0.2926732673267327
-0.16631663166316632,-0.0002546498974709266,0.00014405884846269146,0.00011059959891768223,0.0929089830944264,-0.0005093083448513003,8.826679199072875e-08,1.909714408600522e-09,8.635707758212824e-08,-0.29263326332633266
-0.16629662966296632,-0.0002547587321117817,0.00014409800868975253,0.000110652202798045,0.09283197761150398,-0.0005095089435995792,8.823692852663759e-08,1.9096961561521245e-09,8.632723237048546e-08,-0.29259325932593266
-0.1662766276627663,-0.000255144624546233,0.00014425296749109862,0.00011083593965177663,0.09261194461478338,-0.0005102335316891082,8.831286721982183e-08,1.9119463884042702e-09,8.640092083141756e-08,-0.2925532553255326
-0.16625662566256627,-0.00025524572457413797,0.00014432541085440675,0.00011090063375385206,0.09259661717583549,-0.0005104717691823968,8.829068522849538e-08,1.9121469604098762e-09,8.63785382680855e-08,-0.29251325132513256
-0.16623662366236625,-0.00025512831989260576,0.0001443371994049869,0.00011087172115464838,0.09275228735753037,-0.000510337240452241,8.817591009149071e-08,1.910706064946491e-09,8.626520402654422e-08,-0.2924732473247325
-0.16621662166216622,-0.00025555841084212716,0.00014451807382087622,0.00011106248317904743,0.09256858389636108,-0.0005111389678420508,8.825406852796853e-08,1.9131330286279146e-09,8.634093549934061e-08,-0.29243324332433246
-0.1661966196619662,-0.00025588387742914165,0.00014466617170327822,0.00011122557863840754,0.09240938122385436,-0.0005117756277708274,8.830453445746847e-08,1.914999211504939e-09,8.638953524596352e-08,-0.2923932393239324
-0.1661766176617662,-0.00025625417784169713,0.0001447911366092569,0.00011138874826288614,0.09217064840828933,-0.0005124340627138402,8.837182317704029e-08,1.9169177477435197e-09,8.645490542929677e-08,-0.2923532353235324
-0.16615661566156617,-0.0002562857388852535,0.00014482981932673056,0.00011141879130494026,0.09218296410348145,-0.0005125343495169243,8.831623954402655e-08,1.9165081389333514e-09,8.63997314050932e-08,-0.29231323132313236
-0.16613661366136614,-0.00025659356211349404,0.00014497870855834094,0.00011157112233917132,0.09206291382858857,-0.0005131433930110063,8.83577741813794e-08,1.918200991087512e-09,8.643957319029189e-08,-0.2922732273227323
-0.16611661166116612,-0.00025649274328998217,0.00014497989674211453,0.00011155919604988185,0.09213526478252225,-0.0005130318360819786,8.827453317521571e-08,1.9170557620674037e-09,8.635747741314831e-08,-0.29223322332233226
-0.16609660966096612,-0.0002566635330651934,0.00014507607031433167,0.00011164266646823684,0.09210899001394471,-0.0005133822698477619,8.826140166855142e-08,1.9175963374514246e-09,8.63438053311e-08,-0.29219321932193226
-0.1660766076607661,-0.0002566282068556802,0.0001450957323392288,0.0001116543703481021,0.09214408351805031,-0.0005133783095430111,8.819584020358304e-08,1.9168673913937687e-09,8.627897281218927e-08,-0.2921532153215322
-0.16605660566056607,-0.00025732382552234867,0.00014534478836480957,0.00011195130481533866,0.0917628469108922,-0.0005146199187024969,8.836289450579787e-08,1.921098440247548e-09,8.644179606555032e-08,-0.29211321132113216
-0.16603660366036604,-0.00025722614903145313,0.00014534367005936133,0.00011193283035670909,0.0918454761926678,-0.0005145026494475236,8.827145987343062e-08,1.919815678603663e-09,8.635164419482696e-08,-0.2920732073207321
-0.16601660166016602,-0.0002575130482824761,0.00014546972119333645,0.00011207004530722209,0.09171242009926867,-0.0005150528147830347,8.830311131542533e-08,1.921248823739447e-09,8.638186249168588e-08,-0.29203320332033206
-0.165996599659966,-0.00025794064022477414,0.0001456663427106264,0.00011226600087788086,0.0915621862143716,-0.0005158729838132814,8.838041699062436e-08,1.9237765069260017e-09,8.645664048369836e-08,-0.291993199319932
-0.165976597659766,-0.0002577715890623722,0.00014561620055530966,0.00011222418688783264,0.09159958047629094,-0.0005156119765055145,8.828125055703002e-08,1.922051257766037e-09,8.635919929926399e-08,-0.291953195319532
-0.16595659565956597,-0.0002582050954060833,0.00014578762441530557,0.00011241036559161977,0.09140519302810893,-0.0005164030854130086,8.835589272819084e-08,1.9243459805279742e-09,8.643154674766286e-08,-0.29191319131913196
-0.16593659365936594,-0.00025849390993926136,0.00014591267908770078,0.00011255190133740989,0.09125801569150455,-0.000516958490364372,8.839933358724107e-08,1.925903191525592e-09,8.647343039571548e-08,-0.2918731873187319
-0.16591659165916592,-0.0002587074328772587,0.00014603634435417234,0.00011265949208727477,0.0912266019363647,-0.0005174032693187058,8.840806210264092e-08,1.9268245738658253e-09,8.648123752877509e-08,-0.29183318331833186
-0.16589658965896592,-0.00025888967975618016,0.00014616189119820433,0.00011275454137527063,0.09124570434008832,-0.0005178061123296551,8.839811608896265e-08,1.9275581376627332e-09,8.647055795129991e-08,-0.29179317931793186
-0.1658765876587659,-0.0002588355584691726,0.00014613827774567767,0.00011274700852137443,0.09122092506774385,-0.0005177208447362247,8.83270942281402e-08,1.926476296680369e-09,8.640061793145984e-08,-0.2917531753175318
-0.16585658565856587,-0.00025916729855168796,0.00014634390112888696,0.0001129171793441408,0.09120114614648703,-0.0005184283790247157,8.836501750165072e-08,1.9284594300853406e-09,8.643655807156537e-08,-0.29171317131713176
-0.16583658365836584,-0.00025901288297802694,0.0001462946448356206,0.0001128655136533041,0.09126262166582767,-0.0005181730414669516,8.826494940282235e-08,1.926682462703001e-09,8.633826694011935e-08,-0.2916731673167317
-0.16581658165816582,-0.0002594359038425864,0.00014646109329774504,0.00011306191982241032,0.09103158824594641,-0.0005189589169627418,8.834949436967003e-08,1.9291081615949348e-09,8.64203862080751e-08,-0.29163316331633166
-0.1657965796579658,-0.00026005978986631817,0.00014671813736910622,0.00011334041887955948,0.09075455729909702,-0.0005201183461149839,8.849258077453095e-08,1.932993141166944e-09,8.6559587633364e-08,-0.2915931593159316
-0.1657765776577658,-0.0002601174393959127,0.00014672733858844822,0.00011337455476767566,0.0906666705154004,-0.0005202193327520366,8.845721157985654e-08,1.93262507454636e-09,8.652458650531018e-08,-0.2915531553155316
-0.16575657565756577,-0.0002603628288539994,0.0001468427381432491,0.00011349722337361534,0.09056148784322714,-0.0005207027903708639,8.848122065494867e-08,1.9338145649563384e-09,8.654740608999233e-08,-0.29151315131513156
-0.16573657365736574,-0.00026065816943798836,0.00014698942557700434,0.00011364427327476001,0.09045789630356245,-0.0005212918682897527,8.851999627838249e-08,1.9354613787604833e-09,8.6584534899622e-08,-0.2914731473147315
-0.16571657165716572,-0.00026039118299081565,0.0001469304884373912,0.00011354342926117589,0.09066469978668945,-0.0005208651006893827,8.836199499237338e-08,1.9327785619918896e-09,8.642921643038149e-08,-0.29143314331433146
-0.16569656965696572,-0.0002609072998325246,0.0001471165928812468,0.00011378266715400542,0.09034107373006403,-0.0005218065598677768,8.849377817497663e-08,1.9359563539082738e-09,8.655782182106836e-08,-0.29139313931393146
-0.1656765676567657,-0.0002611192187487177,0.0001472345209840853,0.00011388942973633576,0.09029798913680406,-0.0005222431694691387,8.849905278192211e-08,1.9368921852042384e-09,8.656216059671788e-08,-0.2913531353135314
-0.16565656565656567,-0.0002614386641113242,0.00014735712634816878,0.0001140358718458856,0.09012326934525094,-0.0005228316623053786,8.85453105346904e-08,1.9384532075248387e-09,8.660685732716556e-08,-0.29131313131313136
-0.16563656365636564,-0.0002615499350184791,0.0001474460143420231,0.00011409796224537416,0.09015729310594409,-0.0005230939116058764,8.851199589215541e-08,1.938632030992909e-09,8.65733638611625e-08,-0.2912731273127313
-0.16561656165616562,-0.0002615986365555045,0.0001475015378673561,0.00011414204191084742,0.09017152201479084,-0.000523242216333708,8.847172223485028e-08,1.9384167007859103e-09,8.653330553406438e-08,-0.29123312331233125
-0.1655965596559656,-0.0002616269882622646,0.0001475524621774582,0.00011418312932032215,0.09018873270557327,-0.000523362579760045,8.842835930825316e-08,1.9381624474225232e-09,8.649019686083064e-08,-0.2911931193119312
-0.1655765576557656,-0.0002621407438709866,0.00014774936279238204,0.00011440907657367383,0.08993316126435377,-0.0005242991832370425,8.854160678672578e-08,1.9411433187165396e-09,8.660046346800924e-08,-0.2911531153115312
-0.16555655565556557,-0.0002622770957572129,0.00014781559743681782,0.00011447743019132872,0.08988069185142819,-0.0005245701233853595,8.852691924194058e-08,1.9414125782810725e-09,8.658550666365951e-08,-0.29111311131113116
-0.16553655365536554,-0.000262080977464052,0.0001477686264337308,0.00011441108209764295,0.09000061487877015,-0.0005242606859954257,8.84032685282638e-08,1.9393299528825964e-09,8.646393857538121e-08,-0.2910731073107311
-0.16551655165516552,-0.0002628738721028867,0.0001480423622552962,0.0001147663945213484,0.08950949478747566,-0.0005256826288795313,8.862270987304753e-08,1.944466481721367e-09,8.667824339132616e-08,-0.29103310331033105
-0.16549654965496552,-0.00026288307195443394,0.00014808736496974007,0.00011479305390538208,0.0895555313936992,-0.0005257634908295561,8.856862800116172e-08,1.9439826767924857e-09,8.662464532436923e-08,-0.29099309930993106
-0.1654765476547655,-0.00026316104150225783,0.00014819499674700864,0.00011492341036301035,0.08939994892085121,-0.0005262794486122768,8.860245629691599e-08,1.9452839112072407e-09,8.665717238570876e-08,-0.290953095309531
-0.16545654565456547,-0.00026343232630665625,0.0001482957261664808,0.00011504950156870919,0.08924004075583196,-0.0005267775540418462,8.863905124789567e-08,1.946546564335562e-09,8.669250468356011e-08,-0.29091309130913096
-0.16543654365436544,-0.0002634356284829664,0.0001483387506304723,0.00011507134836596933,0.08929548670298197,-0.0005268457274794081,8.858407115100134e-08,1.945987515675471e-09,8.663808363532587e-08,-0.2908730873087309
-0.16541654165416542,-0.0002634207441616354,0.00014836703009990515,0.00011507833041801696,0.08935769957186208,-0.0005268661046795575,8.851608594869984e-08,1.945185792802522e-09,8.657090015589731e-08,-0.29083308330833085
-0.1653965396539654,-0.0002638924994471381,0.00014854723536572578,0.00011529532215615035,0.0890994624208029,-0.0005277350569690142,8.861951399556912e-08,1.9479450024461304e-09,8.667156899312299e-08,-0.2907930793079308
-0.1653765376537654,-0.0002642742381340213,0.00014872115178121703,0.00011547812985268635,0.08894709584081198,-0.0005284735197679247,8.869493896605548e-08,1.9501429433763506e-09,8.674479602267912e-08,-0.2907530753075308
-0.16535653565356537,-0.0002640958705768526,0.00014873048500163577,0.00011541800961656357,0.08919301381944861,-0.0005282443651950519,8.85636042944539e-08,1.948216034600634e-09,8.661538825985326e-08,-0.29071307130713075
-0.16533653365336534,-0.0002644876336148627,0.00014883235587248578,0.0001155874771148202,0.08888025415560057,-0.0005289074666021687,8.864600882781857e-08,1.9501804596692013e-09,8.669582836814938e-08,-0.2906730673067307
-0.16531653165316532,-0.00026420676461214043,0.00014883185127700926,0.00011550358940226602,0.08919838088394963,-0.0005285422052914157,8.849235281373716e-08,1.9478221296857365e-09,8.654453068405142e-08,-0.29063306330633065
-0.16529652965296532,-0.0002645332382513743,0.00014893551921701942,0.00011565670437230224,0.08895559879643236,-0.000529125461840696,8.855926927169196e-08,1.9495272467289274e-09,8.660974202496304e-08,-0.29059305930593066
-0.1652765276527653,-0.0002647491773046795,0.0001490848586271909,0.00011577490717717964,0.08896655543400767,-0.00052960894310905,8.85660030641125e-08,1.9506212277776423e-09,8.661538183633486e-08,-0.2905530553055306
-0.16525652565256527,-0.0002646459400068579,0.0001490307927269896,0.00011574196249020119,0.08894498211994008,-0.0005294186952240487,8.848465247430414e-08,1.9490951690418813e-09,8.653555730526227e-08,-0.29051305130513055
-0.16523652365236524,-0.0002655433692950737,0.00014937405569170892,0.00011612799141880181,0.08852992908876842,-0.0005310454164055844,8.870832833712408e-08,1.9547412678325005e-09,8.675358706929158e-08,-0.2904730473047305
-0.16521652165216522,-0.00026576867185212905,0.0001494952783112069,0.00011625110062918331,0.08844981086540117,-0.0005315150507925193,8.873249572299418e-08,1.9559436388031096e-09,8.677655208419108e-08,-0.29043304330433045
-0.1651965196519652,-0.00026570865401254196,0.00014949627010807376,0.00011624409656207924,0.08849108879784201,-0.000531449020682695,8.866466169658321e-08,1.954878013990737e-09,8.670978368259248e-08,-0.2903930393039304
-0.1651765176517652,-0.0002654326225268733,0.0001494172243958758,0.00011613642087304754,0.0886599289289264,-0.0005309862677957966,8.852034551966118e-08,1.952170247748775e-09,8.656817527191241e-08,-0.2903530353035304
-0.16515651565156517,-0.0002660694156304544,0.00014965379778431043,0.00011641573393195159,0.08833356621604721,-0.0005321389473467164,8.866622752166349e-08,1.9559675983336255e-09,8.671025992332986e-08,-0.29031303130313035
-0.16513651365136514,-0.0002663219631813263,0.00014980197047265165,0.00011653762519170385,0.08831959310976116,-0.0005326615588456818,8.869929327326704e-08,1.957120053766991e-09,8.674217321950005e-08,-0.2902730273027303
-0.16511651165116514,-0.0002661713163689683,0.0001498276344946703,0.00011650760336578969,0.08851857291064963,-0.0005325065542294283,8.85941514876259e-08,1.9556718471312643e-09,8.663847964049463e-08,-0.2902330233023303
-0.16509650965096512,-0.0002667196399954719,0.00015001851870977134,0.00011674900389468945,0.08820169335033,-0.0005334871625999327,8.871569156550382e-08,1.958818352800816e-09,8.6756873212703e-08,-0.29019301930193026
-0.1650765076507651,-0.00026672941969252406,0.00015007422214097232,0.00011677386933128808,0.08828068097969663,-0.0005335775111647845,8.866715532623588e-08,1.9583547356691557e-09,8.670880059056672e-08,-0.2901530153015302
-0.16505650565056507,-0.0002668259834450737,0.00015010791417324754,0.00011682826839187754,0.08819378051580698,-0.0005337621660101988,8.865292890479689e-08,1.95835464880451e-09,8.669457425599237e-08,-0.29011301130113015
-0.16503650365036504,-0.00026676296832306434,0.0001501075821579434,0.00011680914841760703,0.0882648722957008,-0.0005336796988986148,8.856765041598831e-08,1.957106736194435e-09,8.661054367979388e-08,-0.2900730073007301
-0.16501650165016502,-0.00026700034035798126,0.00015026194376588364,0.00011693730541573188,0.08825643248008808,-0.0005341995895395968,8.858745294831785e-08,1.958373917210271e-09,8.662907903110757e-08,-0.29003300330033005
-0.164996499649965,-0.0002672122685112299,0.00015034847660899686,0.000117035619913608,0.08815486036679229,-0.0005345963650338348,8.860013527693957e-08,1.9591265561739853e-09,8.664100872076558e-08,-0.28999299929993
-0.164976497649765,-0.00026719116767992546,0.00015031601034820596,0.00011704343453700083,0.08805517444278782,-0.0005345506125651323,8.855846307135148e-08,1.958342743246752e-09,8.660012032810473e-08,-0.28995299529953
-0.16495649564956497,-0.00026731318661177284,0.00015041444082442013,0.00011711439752848385,0.08808835988199307,-0.0005348420249646768,8.854076120297021e-08,1.9585963495376787e-09,8.658216485343253e-08,-0.28991299129912995
-0.16493649364936494,-0.00026803119521900953,0.00015069495707820124,0.00011743393390406531,0.08774798198617206,-0.0005361600862012761,8.871704857835821e-08,1.9630836272587615e-09,8.675396495109945e-08,-0.2898729872987299
-0.16491649164916494,-0.0002681142656655311,0.0001507292918354608,0.00011748612344919529,0.08767373324404236,-0.0005363296809501872,8.86992789192769e-08,1.963091234219059e-09,8.673618768505783e-08,-0.2898329832983299
-0.16489648964896492,-0.00026852062886462136,0.0001508907827805217,0.00011766878418373317,0.08748496056725959,-0.0005370801958288762,8.878024372400105e-08,1.965196275551524e-09,8.681504744844954e-08,-0.28979297929792985
-0.1648764876487649,-0.00026885887930916397,0.0001510457095577067,0.00011783931478470677,0.08733382457396129,-0.0005377439036515774,8.884457687919e-08,1.9671528223860363e-09,8.687742405680396e-08,-0.2897529752975298
-0.16485648564856487,-0.000268983896660302,0.00015109979098681947,0.00011790173081971389,0.08727130904928072,-0.0005379854184668353,8.883174701297909e-08,1.9673219117654473e-09,8.686442510121364e-08,-0.28971297129712975
-0.16483648364836484,-0.00026879636592980205,0.0001511210554880904,0.0001178410238840133,0.08754890593828368,-0.0005377584453019058,8.870407156709367e-08,1.965381892805891e-09,8.673868967428778e-08,-0.2896729672967297
-0.16481648164816481,-0.000269150567419274,0.00015122086207597363,0.0001180089945007623,0.08725377742476405,-0.0005383804239960099,8.878506273223855e-08,1.96726349622167e-09,8.681779923601688e-08,-0.28963296329632965
-0.16479647964796482,-0.0002693401636690851,0.00015132064095624287,0.00011810589679805972,0.08719995533693181,-0.0005387667014233877,8.879140081154683e-08,1.968007565465759e-09,8.682339324608108e-08,-0.28959295929592965
-0.1647764776477648,-0.0002692627314644369,0.00015135142656674816,0.00011809061646661512,0.08734697896361068,-0.0005387047744978002,8.87060028517754e-08,1.966862292878024e-09,8.673914055889738e-08,-0.2895529552955296
-0.16475647564756477,-0.000269979741844395,0.00015154799876881953,0.0001183957096992927,0.08682956024637302,-0.0005399234503125072,8.889432725393042e-08,1.971027803798585e-09,8.692329945013183e-08,-0.28951295129512955
-0.16473647364736474,-0.0002697815820198457,0.00015155260408050708,0.00011832995732397045,0.08707809906253992,-0.0005396641434243232,8.876419173725272e-08,1.968997304654475e-09,8.679519443259825e-08,-0.2894729472947295
-0.16471647164716474,-0.00026974216496000736,0.0001515825288151973,0.00011833544186323763,0.08715570780404365,-0.0005396601356384423,8.870503229213e-08,1.9681925998967083e-09,8.67368396922333e-08,-0.2894329432943295
-0.16469646964696472,-0.00027035252755069905,0.00015176980108222438,0.00011859365690014556,0.08677217857189093,-0.000540715985533069,8.885210367466858e-08,1.9716444364647868e-09,8.688045923820379e-08,-0.28939293929392945
-0.1646764676467647,-0.00027030105346170785,0.00015180030823458424,0.00011860175514444293,0.08684772172831631,-0.000540703116840735,8.878941556943431e-08,1.9708520633682717e-09,8.681856350606604e-08,-0.2893529352935294
-0.16465646564656466,-0.00027072330121313826,0.00015192257693286138,0.00011878522011055104,0.08655203367918471,-0.0005414310982565507,8.887793523549011e-08,1.973017291094205e-09,8.69049179443959e-08,-0.28931293129312935
-0.16463646364636464,-0.00027081332788725376,0.00015198628933532632,0.00011884445929344345,0.08653494340137766,-0.0005416440765160235,8.885996523894239e-08,1.9731041658116263e-09,8.688686107313076e-08,-0.2892729272927293
-0.1646164616461646,-0.0002711547778346812,0.0001521051757116254,0.00011901154398663571,0.08630033026819862,-0.0005422714975329423,8.892999899627429e-08,1.9749157684114303e-09,8.695508322786286e-08,-0.28923292329232925
-0.16459645964596462,-0.00027178343731293353,0.00015234511952399998,0.00011929064342464102,0.08599963885028926,-0.0005434192002615745,8.9080845426615e-08,1.978701148782543e-09,8.710214427783245e-08,-0.28919291929192925
-0.1645764576457646,-0.0002713082161847069,0.00015222641446754892,0.00011910106443768775,0.08633414765316733,-0.0005426356950899436,8.887176453861014e-08,1.9746422434586475e-09,8.68971222951515e-08,-0.2891529152915292
-0.16455645564556456,-0.00027175002246337954,0.00015239566531732862,0.00011930749799704543,0.08609710770005824,-0.0005434531857777536,8.896874987855051e-08,1.977210266904542e-09,8.699153961164597e-08,-0.28911291129112915
-0.16453645364536454,-0.0002719859548108161,0.00015249944631534618,0.00011941858775332825,0.08600351711910795,-0.0005439039888794905,8.899024000536425e-08,1.9781490353872266e-09,8.701209096997702e-08,-0.2890729072907291
-0.16451645164516454,-0.00027177760846086585,0.00015246557711634523,0.00011935688791386845,0.08614175490878716,-0.0005436000734910795,8.887871195638065e-08,1.9761891254705455e-09,8.69025228309101e-08,-0.2890329032903291
-0.16449644964496452,-0.00027242650051562123,0.0001526822206372458,0.00011964400446484724,0.08575397126593404,-0.0005447527256177143,8.90424491680019e-08,1.980080504612213e-09,8.706236866338969e-08,-0.28899289928992905
-0.1644764476447645,-0.0002724994664475844,0.0001527434977042219,0.00011967868246953728,0.08579987052948855,-0.0005449216466213436,8.900674854443265e-08,1.9797759536176627e-09,8.702697259081499e-08,-0.288952895289529
-0.16445644564456446,-0.0002725706250998883,0.0001528061115898538,0.00011972503454460437,0.08581948460682379,-0.0005451017712343464,8.897403406763597e-08,1.979639598499186e-09,8.699439446913679e-08,-0.28891289128912895
-0.16443644364436444,-0.00027265822355104774,0.00015289807017992985,0.00011979277266660482,0.08585470639157962,-0.0005453490663975824,8.89642613305555e-08,1.979833766134556e-09,8.698442756442095e-08,-0.2888728872887289
-0.1644164416441644,-0.00027299366497857136,0.0001530469941037893,0.00011994761873834747,0.08573383116922087,-0.0005459882778207081,8.901435709859857e-08,1.981497350214419e-09,8.703285974838416e-08,-0.28883288328832885
-0.16439643964396441,-0.0002733692067380389,0.00015315854936304163,0.00012011994420713101,0.08545918570834125,-0.0005466477003082115,8.909620112312484e-08,1.9834437185683654e-09,8.711275740455647e-08,-0.28879287928792885
-0.1643764376437644,-0.0002734888871174235,0.0001531815547011206,0.00012017538557063112,0.08533828467190156,-0.0005468458273891752,8.909323033321625e-08,1.983477433860178e-09,8.710975289935607e-08,-0.2887528752875288
-0.16435643564356436,-0.0002735283508741304,0.0001532471238832045,0.00012022002831035827,0.08537953473855919,-0.0005469955030676932,8.90607788485299e-08,1.9833163837144733e-09,8.707746246481543e-08,-0.28871287128712875
-0.16433643364336434,-0.00027352011856862646,0.00015329458859270062,0.00012023973967933976,0.08545371397077692,-0.0005470544468406668,8.900980908312682e-08,1.9827422256492028e-09,8.702706685747761e-08,-0.2886728672867287
-0.16431643164316434,-0.00027414574171302775,0.00015350704600081144,0.00012050424675669191,0.08512514784194823,-0.0005481570344705311,8.915132079316832e-08,1.9862459213588864e-09,8.716507487180943e-08,-0.2886328632863287
-0.16429642964296431,-0.00027380547471977934,0.0001534427546232564,0.00012038389258428595,0.08537502891106118,-0.0005476321219273217,8.899335247827006e-08,1.9833230381678032e-09,8.701002944010226e-08,-0.28859285928592865
-0.1642764276427643,-0.0002739357234986528,0.0001534851333033771,0.00012045450049158468,0.0852615508246473,-0.0005478753572936146,8.900430948166014e-08,1.9836231577623216e-09,8.702068632389782e-08,-0.2885528552855286
-0.16425642564256426,-0.0002739053285409909,0.00015353010313745585,0.00012046125144471453,0.08536996532393146,-0.0005478966831231613,8.894091234131338e-08,1.9828232766601178e-09,8.695808906465327e-08,-0.28851285128512855
-0.16423642364236424,-0.00027451894823116163,0.00015370453148477736,0.00012072655231931684,0.08494508526576076,-0.0005489500320352558,8.909838268661924e-08,1.986355268148454e-09,8.711202741847079e-08,-0.2884728472847285
-0.1642164216421642,-0.00027487302355666543,0.00015398959062551398,0.00012089723312791456,0.08512960684141561,-0.000549759847310094,8.915274484231299e-08,1.9882578277675044e-09,8.716448701454548e-08,-0.28843284328432844
-0.16419641964196421,-0.0002750099961019714,0.00015403018652904166,0.00012096516072768182,0.08501693243945206,-0.0005500053433586949,8.915540883160483e-08,1.9884920639917707e-09,8.716691676761306e-08,-0.28839283928392845
-0.1641764176417642,-0.0002751509836969035,0.00015412514774126862,0.0001210436292011785,0.0850157581156277,-0.0005503197606393506,8.914521623449153e-08,1.9888374931135084e-09,8.715637874137801e-08,-0.2883528352835284
-0.16415641564156416,-0.0002751274635528489,0.00015413141487385928,0.00012103852264577775,0.08505231529816418,-0.0005502974010724859,8.90914147364419e-08,1.9878719449532258e-09,8.710354279148867e-08,-0.28831283128312835
-0.16413641364136414,-0.00027550073023974164,0.00015427198314554857,0.00012122049408658242,0.08483074709155691,-0.0005509932074718726,8.916933471241866e-08,1.9899534617737286e-09,8.717938125064493e-08,-0.2882728272827283
-0.16411641164116414,-0.00027543494637427557,0.0001542973738004605,0.00012120149074656972,0.0849651334709121,-0.0005509338109213058,8.909486804563444e-08,1.9888307508168345e-09,8.710603729481761e-08,-0.2882328232823283
-0.1640964096409641,-0.0002756090743787354,0.00015436721857753355,0.00012129326174514787,0.0848551429522426,-0.0005512695547014168,8.910713462636794e-08,1.9893892646341767e-09,8.711774536173376e-08,-0.28819281928192825
-0.1640764076407641,-0.0002759799501461657,0.00015449327591454676,0.0001214645884883847,0.08462503910798365,-0.0005519378145490972,8.918844511114473e-08,1.9913788208149416e-09,8.719706629032979e-08,-0.2881528152815282
-0.16405640564056406,-0.0002760090101787682,0.00015452870255927564,0.00012149279240469824,0.08463462024654542,-0.0005520305051427421,8.915194999482756e-08,1.99089995521634e-09,8.716105003961122e-08,-0.28811281128112814
-0.16403640364036404,-0.0002758500439767886,0.00015452898516343794,0.0001214453794482484,0.08480624754848463,-0.0005518244085884749,8.905454515540043e-08,1.9892379164126028e-09,8.706530723898783e-08,-0.2880728072807281
-0.164016401640164,-0.0002763182888116944,0.00015466474107128647,0.00012165407535169592,0.08447528278048,-0.0005526371052346768,8.916678378771663e-08,1.9918114972207087e-09,8.717497229049592e-08,-0.28803280328032804
-0.163996399639964,-0.0002768419296899083,0.00015488760180204508,0.00012188662487133683,0.08429092986985898,-0.0005536161563632902,8.927989937432888e-08,1.9947275893380417e-09,8.728517178499084e-08,-0.28799279927992805
-0.163976397639764,-0.0002762391515886975,0.0001547202265790304,0.0001216562237329466,0.08463674342831509,-0.0005526156019006745,8.905631412330275e-08,1.9900208550499554e-09,8.706629326825279e-08,-0.287952795279528
-0.16395639563956396,-0.00027671938291007336,0.00015491306285042583,0.00012187199277935434,0.08443069874283678,-0.0005535044385398535,8.915585851802134e-08,1.9926653713478583e-09,8.716319314667348e-08,-0.28791279127912794
-0.16393639363936394,-0.0002766724188631997,0.00015492897711055775,0.00012185916725471202,0.08451883305521928,-0.0005534605632284695,8.908957933875841e-08,1.991600929774851e-09,8.709797840898356e-08,-0.2878727872787279
-0.16391639163916394,-0.0002768619232824676,0.00015504011332012624,0.00012196318415802487,0.08447941944109584,-0.0005538652207606187,8.910177666460183e-08,1.992380666874232e-09,8.710939599772759e-08,-0.2878327832783279
-0.1638963896389639,-0.00027692016901426086,0.0001550607252482905,0.00012199806807888791,0.08442517806987956,-0.0005539789623414393,8.908383690518028e-08,1.9921015253751945e-09,8.709173537980509e-08,-0.28779277927792785
-0.1638763876387639,-0.00027715117842319614,0.0001551730563704723,0.00012211868568035023,0.08433368795381911,-0.0005544429204740187,8.911064107851678e-08,1.9931799368317718e-09,8.7117461141685e-08,-0.2877527752775278
-0.16385638563856386,-0.00027765373376098523,0.00015533134750000954,0.00012233445831877354,0.08403389842294633,-0.0005553195395797683,8.922566404606033e-08,1.9958301905935827e-09,8.722983385546675e-08,-0.28771277127712774
-0.16383638363836384,-0.0002774835055134872,0.0001553038254371586,0.00012228516493717478,0.08414135408418659,-0.0005550724958878206,8.91369279461201e-08,1.994125114615362e-09,8.714280283150474e-08,-0.2876727672767277
-0.1638163816381638,-0.0002779282312133091,0.0001554483744783397,0.00012247938009224413,0.08387992612327808,-0.000555855985783893,8.923098184441698e-08,1.99643184394099e-09,8.723455000047599e-08,-0.28763276327632764
-0.1637963796379638,-0.00027793143762266936,0.000155450041830818,0.0001224937022445971,0.0838467682122152,-0.0005558751816980845,8.919559666870391e-08,1.9957626563958744e-09,8.719983401230804e-08,-0.28759275927592765
-0.1637763776377638,-0.00027807613891184246,0.00015556897804458458,0.00012257189000641766,0.08390691015598126,-0.0005562170069628447,8.918335254641032e-08,1.996191568192507e-09,8.718716097821781e-08,-0.2875527552755276
-0.16375637563756376,-0.00027819060125011674,0.00015563486906700064,0.00012263902278997207,0.08386933592493627,-0.0005564644931070895,8.918243901381707e-08,1.996391836328421e-09,8.718604717748864e-08,-0.28751275127512754
-0.16373637363736376,-0.00027873888589624585,0.00015579459700632015,0.0001228751228434799,0.08351053968669579,-0.0005574086057460459,8.931359108203357e-08,1.999395114083349e-09,8.731419596795021e-08,-0.28747274727472755
-0.16371637163716374,-0.0002787790935627754,0.0001558317856122926,0.00012291819547360916,0.08348341902882732,-0.0005575290746486772,8.929356639564644e-08,1.999169631937392e-09,8.729439676370904e-08,-0.2874327432743275
-0.1636963696369637,-0.00027864590052217864,0.0001558574980080607,0.00012287978525815646,0.08368633379651129,-0.0005573831837883958,8.919902081596147e-08,1.997669894279705e-09,8.720135092168176e-08,-0.28739273927392744
-0.1636763676367637,-0.0002786070355398351,0.00015586331555539346,0.0001228798088910299,0.08371310402609178,-0.0005573501599862585,8.91469128218999e-08,1.9967475582251583e-09,8.715016526367474e-08,-0.2873527352735274
-0.16365636563656366,-0.0002790252560060935,0.00015598081517964602,0.00012306311423304628,0.08342016647081661,-0.0005580691854187858,8.924385914024271e-08,1.998905180036312e-09,8.72449539602064e-08,-0.28731273127312734
-0.16363636363636364,-0.00027923052316225494,0.00015610361717222077,0.00012316481737606466,0.0834123141818897,-0.0005584989577105404,8.925441224182716e-08,1.9996563091004365e-09,8.725475593272672e-08,-0.2872727272727273
-0.1636163616361636,-0.0002792937808493434,0.00015610865587945,0.00012320521239028714,0.0833038683516298,-0.0005586076491190806,8.924396503268644e-08,1.999421734679815e-09,8.724454329800662e-08,-0.28723272327232724
-0.1635963596359636,-0.0002790717205272131,0.00015612115968366425,0.0001231282867062422,0.08359794625218468,-0.0005583211669171195,8.912694786510551e-08,1.9972752695129906e-09,8.712967259559253e-08,-0.28719271927192724
-0.1635763576357636,-0.00027961125420006283,0.0001562984037093429,0.00012337559005914933,0.08325840504960799,-0.0005592852479685551,8.926503625886122e-08,2.000470547385638e-09,8.726456571147559e-08,-0.2871527152715272
-0.16355635563556356,-0.0002795915500968249,0.00015631002411709005,0.00012337841404663763,0.08328672869349919,-0.0005592799882605526,8.921627707962721e-08,1.999584717723296e-09,8.72166923619039e-08,-0.28711271127112714
-0.16353635363536356,-0.0002798027118444679,0.00015639933338462697,0.0001234799385112506,0.0831928688099901,-0.0005596819837403455,8.924071547412443e-08,2.000400315901631e-09,8.72403151582228e-08,-0.28707270727072715
-0.16351635163516354,-0.0002796716362212237,0.00015637159971504389,0.00012344385333507013,0.08325354386853337,-0.0005594870892713377,8.916529374881917e-08,1.998857123282372e-09,8.716643662553679e-08,-0.2870327032703271
-0.1634963496349635,-0.00028018304912791336,0.00015653201359810964,0.00012366705231348085,0.08294234722583912,-0.0005603821150395039,8.928489560787416e-08,2.001670665662537e-09,8.728322494221162e-08,-0.28699269926992704
-0.16347634763476349,-0.0002800676767975574,0.0001565512540508962,0.00012363518048208455,0.08310609271872504,-0.0005602541113305382,8.920065108266231e-08,2.000277015997779e-09,8.720037406666453e-08,-0.286952695269527
-0.16345634563456346,-0.0002803525875805235,0.00015666627549393297,0.0001237718070949967,0.08296688263597332,-0.0005607906701694532,8.925483735919805e-08,2.00161296070236e-09,8.725322439849569e-08,-0.28691269126912694
-0.16343634363436343,-0.0002802683538760675,0.00015667233732585828,0.00012374771283729658,0.0830685021231984,-0.0005606884040392224,8.91837064283994e-08,2.0003408575022705e-09,8.718336557089713e-08,-0.2868726872687269
-0.1634163416341634,-0.00028087752262706545,0.00015692553823498656,0.00012401986977517154,0.08283991757239538,-0.0005618229306372235,8.933780379981621e-08,2.0039375490751588e-09,8.733386625074105e-08,-0.28683268326832684
-0.1633963396339634,-0.000281067651329181,0.00015697496785094245,0.000124109408467854,0.08268280894842665,-0.0005621520276479774,8.936172674386716e-08,2.0045002786471662e-09,8.735722646521999e-08,-0.28679267926792684
-0.16337633763376339,-0.0002805880323535348,0.0001568835340322039,0.0001239242100146143,0.0830622715443928,-0.000561395776400353,8.916867932983578e-08,2.000545774619964e-09,8.716813355521581e-08,-0.2867526752675268
-0.16335633563356336,-0.00028102895907977654,0.0001570703696529563,0.0001241281355073287,0.08288820391279278,-0.0005622274642400615,8.926010303316606e-08,2.003004136264884e-09,8.725709889690117e-08,-0.28671267126712674
-0.16333633363336336,-0.0002818726542272998,0.00015732991628425452,0.00012449412819637296,0.08237206950194567,-0.0005636966987079273,8.948386975819769e-08,2.0081148537982263e-09,8.747575490439946e-08,-0.28667266726672674
-0.16331633163316334,-0.00028146222531688636,0.00015724623185064956,0.00012433265759947965,0.08268803290347836,-0.0005630411147670156,8.931065203875205e-08,2.0045845108073475e-09,8.730606752794471e-08,-0.2866326632663267
-0.1632963296329633,-0.0002817866771493982,0.00015735874635680602,0.00012448419920274567,0.08249449373116999,-0.0005636296227089499,8.937521244251203e-08,2.006191548278951e-09,8.736902089423308e-08,-0.28659265926592664
-0.16327632763276329,-0.00028181806011673416,0.00015732601283957592,0.00012451051922357514,0.0823370288279795,-0.0005636545921798852,8.936947842930348e-08,2.0057248843170666e-09,8.736375354498642e-08,-0.2865526552655266
-0.16325632563256326,-0.00028190945680250934,0.0001574146713565483,0.00012456269067961934,0.08240201730167818,-0.000563886818838677,8.934487310673695e-08,2.005685077035464e-09,8.733918802970148e-08,-0.28651265126512654
-0.16323632363236323,-0.00028185177910700077,0.00015742020019615666,0.00012454496527869452,0.08247753439793552,-0.0005638169445818519,8.929461249197989e-08,2.0045484427694434e-09,8.729006404921045e-08,-0.2864726472647265
-0.16321632163216324,-0.0002821634202803125,0.0001575463681362521,0.00012469989592811537,0.08231413230781243,-0.00056440968434468,8.935537162356229e-08,2.0061495720431635e-09,8.734922205151912e-08,-0.2864326432643265
-0.1631963196319632,-0.000282331697974314,0.0001576557499873843,0.00012479377835727945,0.0823041568599868,-0.0005647812263189778,8.93664880519343e-08,2.006803823012552e-09,8.735968422892175e-08,-0.28639263926392644
-0.16317631763176318,-0.0002823023662870128,0.00015764369545223644,0.0001247884110751052,0.08229607076768095,-0.0005647344728143544,8.932596851426661e-08,2.0058407026228623e-09,8.732012781164375e-08,-0.2863526352635264
-0.16315631563156316,-0.0002826878485677753,0.00015779550695782518,0.00012496453671406726,0.08212258835594702,-0.0005654478922396677,8.940176977674188e-08,2.0078177449507455e-09,8.739395203179114e-08,-0.28631263126312634
-0.16313631363136316,-0.00028261898319215106,0.00015782407031394996,0.00012494767189297207,0.08225694873343271,-0.0005653907253990731,8.93349785293865e-08,2.0067029035052045e-09,8.732827562588129e-08,-0.28627262726272634
-0.16311631163116314,-0.00028280062524288496,0.00015785644959720457,0.00012503607298319785,0.08206347428953925,-0.0005656931478232874,8.936569561330995e-08,2.00725870594306e-09,8.735843690736689e-08,-0.2862326232623263
-0.1630963096309631,-0.0002825492191647072,0.0001578293068291714,0.00012493927374102043,0.08231232333875489,-0.000565317799734899,8.924159565803515e-08,2.0048074095607572e-09,8.723678824847439e-08,-0.28619261926192624
-0.16307630763076308,-0.00028264602570970965,0.00015785962385450603,0.0001250026457564335,0.08220138644830544,-0.0005655082953206492,8.924873044789942e-08,2.0049472970734616e-09,8.724378315082596e-08,-0.2861526152615262
-0.16305630563056306,-0.0002833892672526872,0.00015809588244763972,0.00012531905558699208,0.08178405580400264,-0.000566804205287319,8.94318958097251e-08,2.0092160156317016e-09,8.742267979409339e-08,-0.28611261126112614
-0.16303630363036303,-0.0002834356838405938,0.0001581108371482287,0.0001253531755844861,0.08172285498894732,-0.0005668996965733086,8.941575371733663e-08,2.0088846826018916e-09,8.740686903473474e-08,-0.2860726072607261
-0.16301630163016304,-0.000283478209240684,0.00015817097146708647,0.000125392498811161,0.0817627526404362,-0.0005670416795189315,8.939622976613165e-08,2.0086379644456853e-09,8.738759180168597e-08,-0.2860326032603261
-0.162996299629963,-0.00028382855857955747,0.0001583048534925524,0.0001255623576779108,0.0815719780695161,-0.0005676957697500207,8.947258508531438e-08,2.010509041232577e-09,8.74620760440818e-08,-0.28599259925992604
-0.16297629762976298,-0.0002834145749517347,0.00015820813953837387,0.00012539401704114717,0.08187111638730998,-0.0005670167315312558,8.930393113713428e-08,2.006967116823704e-09,8.729696402031057e-08,-0.285952595259526
-0.16295629562956296,-0.00028370756324136437,0.00015830075420808498,0.00012552974277557638,0.0816783563677367,-0.0005675380602250257,8.935953684406403e-08,2.0082554679915783e-09,8.735128137607245e-08,-0.28591259125912594
-0.16293629362936296,-0.0002841233727224335,0.00015839825042718303,0.00012570870221706443,0.08135551787899306,-0.0005682303253666809,8.945717655967524e-08,2.0102871381692567e-09,8.744688942150598e-08,-0.28587258725872594
-0.16291629162916293,-0.0002838747998055169,0.00015840005509204502,0.00012562790983294825,0.08163337939210778,-0.0005679027647305102,8.934308442675433e-08,2.0081302400924635e-09,8.733495418666187e-08,-0.2858325832583259
-0.1628962896289629,-0.0002843021237595167,0.00015854473275567216,0.00012581239667053268,0.08141089199266245,-0.0005686592531857215,8.942958656222403e-08,2.0102245843401222e-09,8.74193619778839e-08,-0.28579257925792584
-0.16287628762876288,-0.0002842586226279309,0.00015856156748839112,0.00012581684464874066,0.08145459331727525,-0.0005686370347650627,8.93960372859956e-08,2.0094390659914044e-09,8.738659822000419e-08,-0.2857525752575258
-0.16285628562856286,-0.00028426397308578544,0.0001585753371173837,0.00012583021142420492,0.08145427853398843,-0.000568669521627374,8.936328234378105e-08,2.008793645659592e-09,8.735448869812146e-08,-0.28571257125712574
-0.16283628362836283,-0.0002845923756069624,0.00015869424857584136,0.0001259715278996154,0.08130406111901188,-0.0005692581520824191,8.942350095185651e-08,2.010210461171242e-09,8.741329049068527e-08,-0.2856725672567257
-0.16281628162816283,-0.00028483877615315123,0.00015881054969213437,0.00012610168043281078,0.08119934332972309,-0.0005697510062780964,8.94675324422788e-08,2.0114218741671878e-09,8.74561105681116e-08,-0.2856325632563257
-0.1627962796279628,-0.000285063838632027,0.00015887637488276596,0.00012621100017562448,0.0810271624492219,-0.0005701512136904174,8.950913931110411e-08,2.012317895240769e-09,8.749682141586334e-08,-0.28559255925592564
-0.16277627762776278,-0.0002850280173873898,0.00015885632015510964,0.00012620203816648967,0.08100984039311836,-0.0005700863757089891,8.946522639686242e-08,2.0113010271706065e-09,8.745392536969182e-08,-0.2855525552555256
-0.16275627562756276,-0.00028541338261334204,0.00015903359149405105,0.0001263761318892609,0.08090829896059212,-0.000570823105996654,8.953784347628122e-08,2.013247956735803e-09,8.752459551954542e-08,-0.28551255125512554
-0.16273627362736276,-0.00028503761461706745,0.00015897330840175528,0.00012623470212513865,0.08121736525318259,-0.0005702456251439614,8.938719104707998e-08,2.010141092655674e-09,8.73770499544243e-08,-0.28547254725472554
-0.16271627162716273,-0.0002855243700281562,0.0001590969775548956,0.00012645199995842127,0.08084595926399593,-0.0005710733475414731,8.951134397361397e-08,2.0127751335238417e-09,8.749856884009014e-08,-0.2854325432543255
-0.1626962696269627,-0.00028586716203449214,0.00015917228643758108,0.00012660398900399272,0.08055963292700086,-0.0005716434374760659,8.958846514581519e-08,2.0143289770447136e-09,8.757413616877047e-08,-0.28539253925392544
-0.16267626762676268,-0.000285612874108665,0.00015912318148991744,0.00012651261761642552,0.08073570431000808,-0.0005712486732150079,8.947940739394991e-08,2.0120083979906657e-09,8.746739899595925e-08,-0.2853525352535254
-0.16265626562656266,-0.0002855906046761447,0.00015915674146071979,0.00012651052189038836,0.08083048427489001,-0.0005712578680272529,8.943306183518323e-08,2.011119880241601e-09,8.742194195494163e-08,-0.28531253125312533
-0.16263626362636263,-0.0002859959442815807,0.00015929516207080496,0.00012670293691718904,0.08058220380829548,-0.0005719940432695747,8.953074115027412e-08,2.013352810243356e-09,8.751738834003077e-08,-0.2852725272527253
-0.16261626162616263,-0.0002858349696168716,0.0001592669863299534,0.0001266449969206107,0.08070144194936146,-0.0005717469528674357,8.944654852293765e-08,2.0115660811741306e-09,8.743498244176352e-08,-0.2852325232523253
-0.1625962596259626,-0.0002861209580657942,0.00015937328156212516,0.0001267715413526549,0.08057053182256746,-0.0005722657809805742,8.949332331688921e-08,2.0127623348618664e-09,8.748056098202735e-08,-0.28519251925192524
-0.16257625762576258,-0.00028631855607841317,0.0001593923535239128,0.00012686595432964687,0.08032897765456534,-0.0005725768639319728,8.954156661525666e-08,2.0134060912726733e-09,8.752816052398399e-08,-0.2851525152515252
-0.16255625562556256,-0.0002862205193139289,0.0001594694324325019,0.00012685135526413482,0.08058322507587165,-0.0005725413070105656,8.94666335223713e-08,2.0123240641394254e-09,8.745430945823187e-08,-0.28511251125112513
-0.16253625362536256,-0.0002868230329653443,0.0001596723811090328,0.00012711490196903874,0.08026422396788553,-0.0005736103160434158,8.961903547744435e-08,2.015688538125599e-09,8.760334693931875e-08,-0.28507250725072514
-0.16251625162516253,-0.0002867772151802228,0.00015962581687034572,0.0001271068055712643,0.08018222442155114,-0.0005735098376218328,8.958644889071329e-08,2.0146615770213583e-09,8.757178731369194e-08,-0.2850325032503251
-0.1624962496249625,-0.0002867955372352071,0.00015966912238951636,0.00012711725238934157,0.08025804428873039,-0.000573581912014065,8.955248332245271e-08,2.014036163562216e-09,8.75384471588905e-08,-0.28499249924992504
-0.16247624762476248,-0.00028689341272070124,0.00015969891837386285,0.00012717629407110742,0.0801585911973073,-0.0005737686251656715,8.955964737431762e-08,2.01412476447066e-09,8.754552260984696e-08,-0.284952495249525
-0.16245624562456246,-0.0002872393630326542,0.00015982132141090233,0.00012732917537250366,0.07998730566524322,-0.0005743898598160602,8.962447556918936e-08,2.015698866433773e-09,8.760877670275558e-08,-0.28491249124912493
-0.16243624362436243,-0.00028754835352629016,0.00015993308899453496,0.0001274741981081018,0.07982003140640073,-0.0005749556406289269,8.968834576415516e-08,2.01720778076364e-09,8.767113798339153e-08,-0.2848724872487249
-0.16241624162416243,-0.0002872778404565679,0.00015987707132580908,0.00012737502459403416,0.08000068790411338,-0.0005745299363764111,8.957927927914588e-08,2.0147133971314164e-09,8.756456588201447e-08,-0.2848324832483249
-0.1623962396239624,-0.0002871832940627428,0.0001598524541606139,0.00012734788936352714,0.08003321162650308,-0.0005743836375868838,8.952761187444494e-08,2.0134706999985503e-09,8.751414117444639e-08,-0.28479247924792483
-0.16237623762376238,-0.0002874514065496214,0.0001599174067621334,0.00012747061401507942,0.07981658964083582,-0.0005748394273268342,8.958222504104425e-08,2.0145600863277634e-09,8.756766495471649e-08,-0.2847524752475248
-0.16235623562356236,-0.0002875691381092338,0.00015998246679771455,0.00012753618664174127,0.07978259644107501,-0.0005750877915486896,8.958708596653074e-08,2.014761625412148e-09,8.757232434111859e-08,-0.28471247124712473
-0.16233623362336236,-0.00028792918588749217,0.00016012594664971402,0.00012769381929489398,0.0796484303196963,-0.0005757489518321002,8.965749439507263e-08,2.0164531556800174e-09,8.764104123939261e-08,-0.28467246724672474
-0.16231623162316233,-0.00028761114768371954,0.00016006254894307403,0.00012757872618185395,0.07986318130326324,-0.0005752524228086475,8.953461835757642e-08,2.013744213262626e-09,8.75208741443138e-08,-0.2846324632463247
-0.1622962296229623,-0.0002879788696503738,0.00016020655245796434,0.00012773972851731763,0.07971947026866687,-0.0005759251506256557,8.960309456213501e-08,2.01549342811065e-09,8.758760113402437e-08,-0.28459245924592463
-0.16227622762276228,-0.0002878371664962742,0.00016013586484575626,0.00012769333292594887,0.07969900235823987,-0.0005756663642679793,8.954492922815778e-08,2.013868480140424e-09,8.753106074801736e-08,-0.2845524552455246
-0.16225622562256226,-0.00028811254222205207,0.00016025428989507873,0.0001278170154794811,0.07960998525125783,-0.0005761838475966119,8.95935539732793e-08,2.015043744638009e-09,8.757851022864129e-08,-0.28451245124512453
-0.16223622362236223,-0.0002880117371688584,0.00016028675405976855,0.00012780057764172348,0.07975806145306752,-0.0005760990688703505,8.953218922560554e-08,2.013909766066946e-09,8.75182794595386e-08,-0.2844724472447245
-0.16221622162216223,-0.00028815016712258057,0.0001603245396637476,0.0001278624238219006,0.07966053679271463,-0.0005763371306082288,8.955262438824652e-08,2.01406877674823e-09,8.753855561149828e-08,-0.2844324432443245
-0.1621962196219622,-0.0002881983482296846,0.00016033769394141473,0.00012789812418767532,0.07959190326532853,-0.0005764341663587746,8.95452604137673e-08,2.013770148244394e-09,8.753149026552291e-08,-0.28439243924392443
-0.16217621762176218,-0.0002886392430809792,0.00016049686215069414,0.00012808932681274143,0.07939190271591945,-0.0005772254320444148,8.964223311181507e-08,2.016004887792985e-09,8.762622822402208e-08,-0.2843524352435244
-0.16215621562156218,-0.00028852214751395877,0.00016045263361519346,0.00012805619385503064,0.0793968309690614,-0.0005770309749841829,8.958879062907374e-08,2.01460324188791e-09,8.757418738718583e-08,-0.2843124312431244
-0.16213621362136216,-0.000288478044822682,0.00016049173161292174,0.00012805173214047727,0.0795158961408069,-0.000577021508576081,8.954005339699146e-08,2.013720977217375e-09,8.75263324197741e-08,-0.28427242724272433
-0.16211621162116213,-0.0002887326396461276,0.00016052816157952066,0.00012816612874577693,0.0792547353314606,-0.0005774269299714252,8.959723241444331e-08,2.014672497645586e-09,8.758255991679772e-08,-0.2842324232423243
-0.1620962096209621,-0.0002892396643687789,0.00016072786495158198,0.00012839123011465503,0.07905420843114823,-0.0005783587594350159,8.971498114616426e-08,2.0174660522888613e-09,8.76975150938754e-08,-0.28419241924192423
-0.16207620762076208,-0.00028878759384554087,0.00016067330777502775,0.00012820718203188086,0.07949479872806259,-0.0005776680836524495,8.954984780686122e-08,2.0136778982178234e-09,8.75361699086434e-08,-0.2841524152415242
-0.16205620562056205,-0.0002889175161442381,0.00016077180902840382,0.00012828215998283987,0.07951699876466878,-0.0005779714851554818,8.955443870773348e-08,2.0140395713364825e-09,8.7540399136397e-08,-0.28411241124112413
-0.16203620362036203,-0.0002890416192116163,0.00016077172976736165,0.00012834376425807648,0.07933146055468171,-0.0005781571132370544,8.958102601117323e-08,2.014181552905304e-09,8.756684445826793e-08,-0.2840724072407241
-0.16201620162016203,-0.00028909684627365095,0.00016081216688235145,0.0001283781177983112,0.07933130891980691,-0.0005782871309543136,8.956823740406923e-08,2.0139001842103214e-09,8.755433721985891e-08,-0.2840324032403241
-0.161996199619962,-0.0002894838870304284,0.00016094505348718258,0.0001285470743683792,0.07913681036879563,-0.0005789760148859902,8.964822978579456e-08,2.015771347267377e-09,8.763245843852719e-08,-0.28399239923992403
-0.16197619761976198,-0.0002895127764048766,0.00016097165324424623,0.0001285801054926594,0.07911326035192882,-0.0005790645351417822,8.963519284280888e-08,2.015444086384027e-09,8.761974875642485e-08,-0.283952395239524
-0.16195619561956198,-0.00028935189813239504,0.00016093899164104641,0.00012851210246966893,0.07924392636898314,-0.0005788029922431104,8.955583735062304e-08,2.0135421267723332e-09,8.75422952238507e-08,-0.283912391239124
-0.16193619361936196,-0.00028986243671624834,0.000161103145401853,0.00012874777112426017,0.07892953039689976,-0.0005797133532423615,8.968702627633544e-08,2.016449787100199e-09,8.767057648923523e-08,-0.28387238723872393
-0.16191619161916193,-0.00028947989765981674,0.0001610441630290893,0.00012859202989767837,0.07927109868776208,-0.0005791160905865844,8.954412087601392e-08,2.013144421977863e-09,8.753097645403606e-08,-0.2838323832383239
-0.1618961896189619,-0.00028969154324443025,0.00016111513983219083,0.00012870100601714007,0.07912009758911469,-0.0005795076890937612,8.958886261590263e-08,2.0140425393406514e-09,8.757482007656198e-08,-0.28379237923792383
-0.16187618761876188,-0.00028985055509167523,0.00016115657822268759,0.00012877709354164324,0.07899183982906341,-0.0005797842268560061,8.961931073037918e-08,2.01443432611055e-09,8.760487640426863e-08,-0.2837523752375238
-0.16185618561856185,-0.00028978229636322794,0.000161170049437942,0.0001287630938731077,0.07907807541756572,-0.0005797154396742776,8.956835801878793e-08,2.013359452219198e-09,8.755499856656873e-08,-0.28371237123712373
-0.16183618361836186,-0.00029016186942953937,0.00016123280236257642,0.0001289271163937844,0.07872698678833946,-0.0005803217881859002,8.966412428103984e-08,2.0151197468558616e-09,8.764900453418398e-08,-0.28367236723672373
-0.16181618161816183,-0.0002900171606228241,0.0001612382510529642,0.00012887930807115033,0.07889649735717316,-0.0005801347197469386,8.958891724743655e-08,2.0135484461533085e-09,8.757536880128324e-08,-0.2836323632363237
-0.1617961796179618,-0.00029045123125115424,0.00016136367720065437,0.00012906901119258407,0.07862173968529962,-0.0005808839196443927,8.969647444457943e-08,2.015751604543633e-09,8.76807228400358e-08,-0.28359235923592363
-0.16177617761776178,-0.00029044454676352416,0.0001613968912153041,0.0001290764333212735,0.0786863594508149,-0.0005809178713001018,8.966167551078208e-08,2.0150342886994546e-09,8.764664122208263e-08,-0.2835523552355236
-0.16175617561756178,-0.0002904323653041274,0.00016141568751493196,0.00012908725376381547,0.07870923469533186,-0.0005809353065828748,8.963380963037898e-08,2.014372986404809e-09,8.761943664397417e-08,-0.2835123512351236
-0.16173617361736176,-0.0002903844222572616,0.00016139009050419872,0.00012907339518530847,0.07869369374469716,-0.0005808479079467688,8.960171862485957e-08,2.0133289138678035e-09,8.758838971099176e-08,-0.28347234723472353
-0.16171617161716173,-0.00029049931285385355,0.00016144416620278434,0.00012913525533853054,0.07864362901704715,-0.0005810787343951684,8.961141131476146e-08,2.0134842536933276e-09,8.759792706106813e-08,-0.2834323432343235
-0.1616961696169617,-0.00029046510628916167,0.00016141044693540607,0.00012913216467147492,0.07857831311513845,-0.0005810077178960427,8.959064374841407e-08,2.0126462697985917e-09,8.757799747861547e-08,-0.28339233923392343
-0.16167616761676168,-0.00029040888509257456,0.00016140814600618114,0.00012911695582307203,0.07862523704437244,-0.0005809339869218277,8.95474151051652e-08,2.011582048812652e-09,8.753583305635255e-08,-0.2833523352335234
-0.16165616561656165,-0.0002907706370933738,0.00016156676637280043,0.00012927951056851406,0.07851755735668832,-0.0005816169140346883,8.961938334697273e-08,2.0133232142145202e-09,8.76060601327582e-08,-0.2833123312331233
-0.16163616361636166,-0.00029090152649757783,0.00016157480386880252,0.00012934653575480404,0.07833864438656292,-0.0005818228661211844,8.964569208185115e-08,2.0135416184049425e-09,8.76321504634462e-08,-0.28327232723272333
-0.16161616161616163,-0.00029117012554991106,0.000161704832564169,0.00012947388475392785,0.07827287407109773,-0.0005823488428680079,8.970151749429564e-08,2.0147435129281397e-09,8.768677398136751e-08,-0.2832323232323233
-0.1615961596159616,-0.00029117579451565234,0.00016173122794072015,0.00012948435274573455,0.07831008589039655,-0.000582391375202107,8.967833651206178e-08,2.014080128425355e-09,8.766425638363643e-08,-0.28319231923192323
-0.16157615761576158,-0.00029112126981090114,0.0001616988474282266,0.00012946894346854698,0.07828355311341476,-0.0005822890607076747,8.964570515958836e-08,2.0130529951393725e-09,8.7632652164449e-08,-0.2831523152315232
-0.16155615561556158,-0.0002912961080454579,0.00016179292379092658,0.00012956092267524255,0.07824170147929847,-0.000582649954511627,8.966848831444377e-08,2.0136502459205996e-09,8.765483806852316e-08,-0.2831123112311232
-0.16153615361536156,-0.00029136638198679066,0.00016177740569389698,0.00012959143510449245,0.0781109954211579,-0.0005827352227851801,8.967452428069188e-08,2.01333943357017e-09,8.766118484712171e-08,-0.28307230723072313
-0.16151615161516153,-0.00029166789477130806,0.0001619032917972163,0.00012973765304291618,0.07798098342436888,-0.0005833088396114405,8.974144099438409e-08,2.014820254934884e-09,8.77266207394492e-08,-0.2830323032303231
-0.1614961496149615,-0.00029163690119560215,0.00016190650511305194,0.00012973066099908337,0.07801398749913296,-0.0005832740673077375,8.970709604418836e-08,2.0139153597990166e-09,8.769318068438934e-08,-0.28299229922992303
-0.16147614761476148,-0.0002914927263333311,0.00016188595463262345,0.00012968554627068585,0.07811239590880514,-0.0005830642272366404,8.964444183413334e-08,2.0124156430243444e-09,8.763202619110899e-08,-0.282952295229523
-0.16145614561456145,-0.0002911687137725494,0.0001618049530733856,0.00012955168813855167,0.0783287777948369,-0.0005825253549844867,8.952495717669489e-08,2.009470770976203e-09,8.751548640571869e-08,-0.2829122912291229
-0.16143614361436145,-0.00029180869853462355,0.00016197470213086262,0.0001298261187969718,0.07790200250218014,-0.000583609519462458,8.968976276827489e-08,2.0129868191488977e-09,8.767677594912599e-08,-0.28287228722872293
-0.16141614161416143,-0.00029180425465824555,0.00016200746328109972,0.0001298423967373008,0.07794320736836713,-0.0005836541146766461,8.966898309666495e-08,2.012451680314382e-09,8.765653141635057e-08,-0.2828322832283229
-0.1613961396139614,-0.00029194157869483206,0.00016204427946320266,0.00012991200141954096,0.07782705765852592,-0.0005838978595775757,8.96916009954512e-08,2.012737213244958e-09,8.767886378220624e-08,-0.2827922792279228
-0.16137613761376138,-0.000291961424139231,0.0001620537595599103,0.00012992861888383445,0.07780448981547797,-0.0005839438025829757,8.967913278119335e-08,2.0121677975568147e-09,8.766696498363653e-08,-0.2827522752275228
-0.16135613561356138,-0.0002920344415855425,0.00016208351857471825,0.00012997203919851152,0.07775195832018192,-0.0005840899993587723,8.969205897511625e-08,2.012080681676059e-09,8.767997829344019e-08,-0.2827122712271228
-0.16133613361336135,-0.0002920567897746196,0.0001620631660088634,0.00012998243380590857,0.07767155382214783,-0.0005841023895893915,8.968038468854597e-08,2.0114475142152673e-09,8.766893717433071e-08,-0.28267226722672273
-0.16131613161316133,-0.0002923743954283964,0.0001621877293587204,0.00013013192196353884,0.07752700713149106,-0.0005846940467506556,8.975093964825712e-08,2.0129362319701464e-09,8.773800341628697e-08,-0.2826322632263227
-0.1612961296129613,-0.0002923796065346096,0.00016218169606929678,0.00013013326030320016,0.07750784206312188,-0.0005846945629071065,8.973074758349424e-08,2.0121784562377685e-09,8.771856912725647e-08,-0.2825922592259226
-0.16127612761276128,-0.0002924118273028853,0.00016223707736173765,0.00013016503649332378,0.07755622894540858,-0.0005848139411579467,8.971666776542028e-08,2.0119188540502124e-09,8.770474891137007e-08,-0.2825522552255226
-0.16125612561256125,-0.00029259900250622195,0.000162311341654231,0.000130247363783198,0.07748718859475238,-0.000585157707943651,8.974322270815109e-08,2.0123672849719114e-09,8.773085542317918e-08,-0.2825122512251225
-0.16123612361236125,-0.00029246237593838487,0.0001622556322686819,0.0001301984770232245,0.07750683328262185,-0.0005849164852302913,8.969108157733094e-08,2.010831157602237e-09,8.768025041972871e-08,-0.28247224722472253
-0.16121612161216123,-0.000292834380985596,0.00016234462056985421,0.0001303730352630872,0.0772022580363015,-0.0005855520368185374,8.979079776397244e-08,2.0127528517689797e-09,8.777804491220346e-08,-0.2824322432243225
-0.1611961196119612,-0.0002933685122741281,0.00016251692230895287,0.00013061615910037183,0.07689257482641239,-0.0005865015936834528,8.993023293871383e-08,2.0157645588813773e-09,8.791446837983245e-08,-0.2823922392239224
-0.16117611761176118,-0.00029308228538127423,0.00016244524316988418,0.00013050390599134154,0.0770641333261762,-0.0005860314345425,8.98297380287336e-08,2.013188212593615e-09,8.781654981613999e-08,-0.2823522352235224
-0.16115611561156118,-0.00029297067709421754,0.0001624180434944833,0.0001304667874402199,0.07711703981603325,-0.0005858555080289207,8.978030326279965e-08,2.011830367386494e-09,8.776847289541315e-08,-0.2823122312231224
-0.16113611361136115,-0.00029284879417446064,0.00016240569092218493,0.00013042719246247891,0.077214645788863,-0.0005856816775591245,8.972148633550224e-08,2.0103934425312783e-09,8.771109289297096e-08,-0.2822722272227223
-0.16111611161116113,-0.00029342060270209913,0.00016252995456511599,0.00013066802712913272,0.07678511555559296,-0.0005866185843963478,8.987591895105015e-08,2.013380714915275e-09,8.786253823613488e-08,-0.2822322232223223
-0.1610961096109611,-0.00029296986200222364,0.0001624790491163708,0.00013049773294637745,0.0771895303834868,-0.0005859466440649719,8.971850821027388e-08,2.009894462040731e-09,8.770861374823315e-08,-0.2821922192219222
-0.16107610761076108,-0.00029331146387789886,0.00016257602258917814,0.00013064184689270952,0.07698631642819427,-0.0005865293333597865,8.98024759677658e-08,2.0113605937758767e-09,8.779111537398992e-08,-0.2821522152215222
-0.16105610561056105,-0.00029331547975175454,0.0001625898509658441,0.000130656063115131,0.0769841794106793,-0.0005865613938327296,8.979102393815102e-08,2.0108005011987335e-09,8.778022343695229e-08,-0.2821122112211221
-0.16103610361036105,-0.00029369944329005193,0.00016267523185575783,0.00013083274734793093,0.07666491803975656,-0.0005872074224937407,8.989418885503604e-08,2.0127713023611543e-09,8.788141755267488e-08,-0.2820722072207221
-0.16101610161016103,-0.0002936416786525342,0.0001626888783974323,0.00013081710007178948,0.07674985021668454,-0.000587147657121756,8.985378828898484e-08,2.01172840057303e-09,8.78420598884118e-08,-0.2820322032203221
-0.160996099609961,-0.00029322161225309173,0.00016254483794853058,0.00013063955118464143,0.07693996294120593,-0.0005864060013862638,8.971554159230361e-08,2.0081837132855128e-09,8.77073578790181e-08,-0.281992199219922
-0.16097609760976098,-0.0002933667206548307,0.00016261788819349476,0.00013071108418549748,0.07690556454082723,-0.000586695693033823,8.973672442353443e-08,2.008503801288458e-09,8.772822062224597e-08,-0.281952195219522
-0.16095609560956098,-0.0002939757770121787,0.0001628555533557119,0.0001309778755567148,0.07667688509449926,-0.0005878092059246054,8.989846005613937e-08,2.011888867157722e-09,8.788657118898166e-08,-0.281912191219122
-0.16093609360936095,-0.00029385000526360727,0.00016279972921751096,0.00013093557141163892,0.07667690197163221,-0.0005875853058927571,8.985540118037636e-08,2.010453151689663e-09,8.78449480286867e-08,-0.2818721872187219
-0.16091609160916093,-0.00029358391356026914,0.00016278537636083001,0.00013083477153896794,0.07695416137392903,-0.0005872040614600671,8.975305820953014e-08,2.0080952491096946e-09,8.774496296042045e-08,-0.2818321832183219
-0.1608960896089609,-0.0002935624586228869,0.00016276578110563378,0.0001308324392113036,0.07691820290923299,-0.0005871606789398243,8.973311509603411e-08,2.007302573332561e-09,8.772581252270155e-08,-0.2817921792179218
-0.16087608760876088,-0.00029412178216148277,0.00016289683337333827,0.00013108013133056318,0.07649225653710695,-0.0005880987468653842,8.988554292155854e-08,2.0103717414434685e-09,8.787517118011507e-08,-0.28175217521752177
-0.16085608560856085,-0.0002938897695656806,0.00016292411385165906,0.00013098627095153859,0.07684333493185828,-0.0005878001543688782,8.97829775342363e-08,2.008154566662344e-09,8.777482296757396e-08,-0.2817121712171217
-0.16083608360836085,-0.0002937373907059282,0.00016285789416770058,0.00013093593707247386,0.07684506067839053,-0.0005875312219461026,8.973136811408933e-08,2.0065577513313413e-09,8.772481036275798e-08,-0.2816721672167217
-0.16081608160816083,-0.0002941788835499892,0.00016300860681894846,0.00013113388125041148,0.07661613579718698,-0.0005883213716193492,8.984684913570506e-08,2.008845953571667e-09,8.78380031821334e-08,-0.2816321632163217
-0.1607960796079608,-0.0002942866276640643,0.00016303150172802816,0.00013117757359881743,0.0765382903089236,-0.0005884957029909099,8.98637577518304e-08,2.008784939297772e-09,8.785497281253263e-08,-0.2815921592159216
-0.16077607760776078,-0.0002940069192050032,0.00016300599360619117,0.000131082120002457,0.07677935124595713,-0.0005880950328136514,8.976618935886195e-08,2.006528241660195e-09,8.775966111720175e-08,-0.28155215521552157
-0.16075607560756078,-0.00029404678781475013,0.00016298996865771187,0.00013109398823529794,0.07670166891016716,-0.0005881307447077599,8.975798630774114e-08,2.005949001274668e-09,8.775203730646648e-08,-0.2815121512151216
-0.16073607360736075,-0.00029431406967717066,0.00016306981250124863,0.00013122779569907372,0.0765023195831647,-0.000588611677877493,8.983187713927696e-08,2.0072299204786377e-09,8.782464721879832e-08,-0.2814721472147215
-0.16071607160716073,-0.00029430650367601174,0.00016307006805504898,0.00013122643117902122,0.07650817227177249,-0.0005886030029100819,8.981040633534808e-08,2.0064345635541806e-09,8.78039717717939e-08,-0.2814321432143215
-0.1606960696069607,-0.00029445118569526585,0.00016308706766920977,0.00013130374375958098,0.07632587506519647,-0.0005888419971240566,8.985179982971701e-08,2.0068685700058487e-09,8.784493125971117e-08,-0.2813921392139214
-0.16067606760676068,-0.0002943020935504137,0.00016307862471620638,0.00013124166438749363,0.07649328601737337,-0.0005886223826541137,8.978333678405547e-08,2.0051384813410056e-09,8.777819830271447e-08,-0.28135213521352137
-0.16065606560656065,-0.0002947394512347046,0.0001631653361755525,0.00013143133702286924,0.07613352409607677,-0.0005893361244331263,8.990330319594188e-08,2.0073211926015337e-09,8.789598200334035e-08,-0.2813121312131213
-0.16063606360636065,-0.0002944358723055984,0.00016307341476817783,0.0001313108973255428,0.0762798394333651,-0.000588820184399319,8.980272299315583e-08,2.004682372683958e-09,8.779804062047187e-08,-0.2812721272127213
-0.16061606160616063,-0.0002944253367189731,0.00016313523509836614,0.00013132745215105324,0.07639123308387825,-0.0005888880239683925,8.97845521354648e-08,2.004202254437019e-09,8.778034988102777e-08,-0.28123212321232127
-0.1605960596059606,-0.00029469321883368593,0.0001631821740062378,0.00013144420206812057,0.07615439893478504,-0.0005893195949080443,8.985006968083558e-08,2.005222652818288e-09,8.784484702801729e-08,-0.2811921192119212
-0.1605760576057606,-0.000294796592243074,0.0001632569279976792,0.0001315004224364813,0.07617203917646453,-0.0005895539426772345,8.986909828537965e-08,2.005336602174113e-09,8.786376168320553e-08,-0.2811521152115212
-0.16055605560556058,-0.000294622665066413,0.0001631753739346209,0.00013142607568727982,0.07619966744822702,-0.0005892241146883137,8.981035307539836e-08,2.0034244469482295e-09,8.780692862845013e-08,-0.2811121112111212
-0.16053605360536055,-0.00029498631056412705,0.00016328830592726717,0.00013158856599626567,0.07598737244303028,-0.0005898631824876599,8.989804703269444e-08,2.0051675002980874e-09,8.789287953239635e-08,-0.2810721072107211
-0.16051605160516053,-0.0002948919227776514,0.00016326653052090023,0.00013155070715331618,0.07605001772267295,-0.0005897091604518678,8.985393186167565e-08,2.0038605564571955e-09,8.785007130521845e-08,-0.28103210321032107
-0.1604960496049605,-0.00029459782618346253,0.00016325810903339288,0.00013145231118794065,0.07634216637209074,-0.0005893082464047961,8.976188747005059e-08,2.0015896618179983e-09,8.77602978082326e-08,-0.280992099209921
-0.16047604760476047,-0.00029484272810975654,0.00016327004702532122,0.0001315630425406944,0.07604134944022534,-0.0005896758176757722,8.983496174142488e-08,2.0025628299468844e-09,8.7832398911478e-08,-0.28095209520952097
-0.16045604560456045,-0.00029489037521557293,0.00016324567717873606,0.00013158378460720321,0.07592102780201586,-0.0005897198370015122,8.983745167948351e-08,2.00211405755974e-09,8.783533762192377e-08,-0.2809120912091209
-0.16043604360436045,-0.0002950740134508578,0.00016332146939390668,0.0001316756183564749,0.07583542079941887,-0.0005900711012012394,8.987841627968856e-08,2.002766038961786e-09,8.787565024072678e-08,-0.2808720872087209
-0.16041604160416043,-0.0002948285256820782,0.0001632729950671319,0.00013157239698347034,0.07602965484252407,-0.0005896739177326804,8.978938387130219e-08,2.000451826757237e-09,8.778893204454494e-08,-0.28083208320832087
-0.1603960396039604,-0.00029495361522435815,0.0001633100790954245,0.00013164078814464908,0.07592234614223216,-0.0005899044824644317,8.981496349391834e-08,2.000730295325012e-09,8.781423319859333e-08,-0.2807920792079208
-0.1603760376037604,-0.00029484985205385783,0.0001632970209470841,0.00013159464601941728,0.07602847223597589,-0.0005897415190203592,8.976760596606758e-08,1.9993129078108795e-09,8.77682930582567e-08,-0.2807520752075208
-0.16035603560356038,-0.0002953227309490103,0.00016336858484322647,0.0001318074112672818,0.07556939819619822,-0.0005904987270595186,8.990765482246632e-08,2.0018053630441443e-09,8.790584945942218e-08,-0.2807120712071208
-0.16033603360336035,-0.0002951617866528977,0.00016340218188304334,0.00013174858606412876,0.07583120383709488,-0.0005903125546000698,8.984322845067547e-08,2.0001751547318736e-09,8.78430532959436e-08,-0.2806720672067207
-0.16031603160316032,-0.00029558106986371513,0.0001635123297845098,0.0001319373154005099,0.0755362993996098,-0.0005910307150487348,8.995829895436163e-08,2.0023045720303565e-09,8.795599438233127e-08,-0.28063206320632067
-0.1602960296029603,-0.00029533045614016373,0.00016339619208594058,0.0001318345882275196,0.07556801184615611,-0.0005905612364536239,8.988481172157948e-08,2.0000046037189994e-09,8.788480711786049e-08,-0.2805920592059206
-0.16027602760276027,-0.0002955032790481482,0.00016346572995473707,0.00013191434363291066,0.07549956600192377,-0.0005908833526357959,8.991258062094098e-08,2.000475342169944e-09,8.791210527877105e-08,-0.28055205520552057
-0.16025602560256028,-0.00029537925598788206,0.00016345518073990206,0.000131869877053159,0.07561199661297097,-0.0005907043137809431,8.986909632894841e-08,1.9990757460401056e-09,8.78700205829083e-08,-0.28051205120512057
-0.16023602360236025,-0.0002957811932731147,0.00016352212993098192,0.00013203718313548052,0.07527108792165207,-0.0005913405063395771,8.997327650672845e-08,2.0009099911744637e-09,8.797236651555398e-08,-0.2804720472047205
-0.16021602160216022,-0.0002953949265531719,0.0001634168689577109,0.0001318837329176148,0.07548333460518299,-0.0005906955284284976,8.985640795234698e-08,1.9977976274581396e-09,8.785861032488884e-08,-0.28043204320432047
-0.1601960196019602,-0.0002955122538850219,0.00016344483797325893,0.00013194453244258497,0.0753750439790875,-0.0005909016243008658,8.988604920368991e-08,1.9979846755916116e-09,8.78880645280983e-08,-0.2803920392039204
-0.1601760176017602,-0.0002955805550328705,0.00016349158440931433,0.00013198054559260264,0.07538317643616826,-0.0005910526850347875,8.988542605114972e-08,1.997813232088352e-09,8.788761281906137e-08,-0.2803520352035204
-0.16015601560156018,-0.00029532587188896287,0.0001633914110144019,0.00013187362572431027,0.07546403259337553,-0.000590590908627675,8.980752500891476e-08,1.995458802845436e-09,8.781206620606932e-08,-0.28031203120312037
-0.16013601360136015,-0.0002955425628812236,0.00016347852925946427,0.00013198029873873196,0.0753620422066214,-0.0005910013908794198,8.986122911432524e-08,1.9963494912861145e-09,8.786487962303912e-08,-0.2802720272027203
-0.16011601160116012,-0.00029554765676209627,0.00016348892806661297,0.00013198397246916294,0.07537677917271558,-0.0005910205572978722,8.98586405248592e-08,1.995699905004442e-09,8.786294061985476e-08,-0.28023202320232027
-0.1600960096009601,-0.0002956893602714672,0.00016353474657648803,0.0001320510417841536,0.07529003274796746,-0.0005912751486321088,8.988911646941326e-08,1.9959833221252337e-09,8.789313314728803e-08,-0.2801920192019202
-0.16007600760076007,-0.0002955814814384894,0.00016353044887296164,0.00013202013275259716,0.07538080129605733,-0.0005911320630640482,8.985011874769397e-08,1.994781587693137e-09,8.785533716000084e-08,-0.28015201520152017
-0.16005600560056008,-0.0002955091044185565,0.00016350701422851444,0.00013199731349100574,0.07539775589827029,-0.0005910134321380767,8.981937096788227e-08,1.9936916943525605e-09,8.782567927352971e-08,-0.28011201120112017
-0.16003600360036005,-0.0002957326621952916,0.00016356294838715257,0.00013209099321032092,0.07525074292865591,-0.0005913866037927651,8.987173003236791e-08,1.9944124829346638e-09,8.787731754943324e-08,-0.2800720072007201
-0.16001600160016002,-0.0002955149215608799,0.00016344240428622925,0.0001319995211290781,0.07523659278367213,-0.0005909568469761872,8.981105153931949e-08,1.9922965217175285e-09,8.781875501760197e-08,-0.28003200320032007
-0.15999599959996,-0.000295724181114565,0.00016361337819859045,0.00013209841959516133,0.07535549705013087,-0.0005914359789083168,8.98539912956779e-08,1.9930712777706282e-09,8.786092001790728e-08,-0.27999199919992
-0.15997599759976,-0.00029543166913015284,0.00016356891595137313,0.0001319815685862924,0.07560389716433435,-0.0005909821536678184,8.976012359361289e-08,1.9905622203133536e-09,8.776956137329954e-08,-0.27995199519952
-0.15995599559955997,-0.0002959317800161898,0.00016365603702439557,0.00013220026631111104,0.07516141999695296,-0.0005917880833516964,8.990253004056767e-08,1.9931957156460286e-09,8.790933432492164e-08,-0.27991199119911997
-0.15993599359935995,-0.0002956784036598492,0.0001635702575200071,0.00013210090921011997,0.07525808412928989,-0.0005913495703899763,8.982978212134472e-08,1.990978413875199e-09,8.783880370746952e-08,-0.2798719871987199
