slopeL,NADPH_flux,NAD_flux,Fd_flux,F_slip,F_yield,D_to_H1_flux,L1_to_D_flux,FeS_L2_pot
0.18671867186718671,-0.0005489937902467545,0.00026576349036133706,0.0002608626663209712,0.029493040957959304,929.6964070395303,3.6363687242918763e-09,8.520592903463122e-08,-0.5375626562656266
0.18675867586758677,-0.0005488221761424938,0.0002657173774025523,0.00026076013338283133,0.029489016001809164,929.9733015425606,3.6359958708485718e-09,8.529584757257873e-08,-0.5374826482648265
0.18679867986798682,-0.0005489346859519628,0.0002659468972012746,0.00026077500863830316,0.029378603494318013,929.6647346663566,3.637281390440447e-09,8.541827041538374e-08,-0.5374026402640264
0.18683868386838687,-0.0005488419212724693,0.0002659217553642179,0.0002607038160435948,0.029401557272914148,929.8281973244939,3.637346243413217e-09,8.551761756719965e-08,-0.5373226322632263
0.18687868786878686,-0.0005487941992043943,0.0002659324041829336,0.0002606540286758108,0.029411256515767474,929.9033013840694,3.637705508944555e-09,8.562483652749947e-08,-0.5372426242624263
0.18691869186918691,-0.000548597116704741,0.0002657260423717389,0.0002605363900618496,0.029554909609419103,930.3541107316381,3.637105034012227e-09,8.57147051730922e-08,-0.5371626162616262
0.18695869586958697,-0.0005487243227975114,0.00026593797296214916,0.0002605572126679334,0.029472556196298585,930.0426491167415,3.6384598866619267e-09,8.584006116782819e-08,-0.5370826082608261
0.18699869986998702,-0.0005486711069693229,0.0002657838604207541,0.0002605050724906466,0.0296367005467626,930.267138219351,3.6387942056141452e-09,8.593946391633888e-08,-0.537002600260026
0.187038703870387,-0.0005485927287907089,0.00026592762827704064,0.00026043839533151925,0.029509789156130298,930.2682524032075,3.63893143203113e-09,8.604872066728347e-08,-0.536922592259226
0.18707870787078706,-0.0005483918531155041,0.00026571649074469406,0.00026031951956739796,0.02965413837119693,930.727910210594,3.6383167417796256e-09,8.613863604532376e-08,-0.5368425842584259
0.18711871187118712,-0.0005483427255228435,0.0002657295522254799,0.000260266262593456,0.029665791763500166,930.805293163801,3.638656713658993e-09,8.624623091488823e-08,-0.5367625762576258
0.18715871587158717,-0.0005484363324370634,0.0002658018867052192,0.00026028090997143316,0.02968677205372725,930.648857619519,3.639922637217819e-09,8.636352944124898e-08,-0.5366825682568257
0.18719871987198722,-0.0005483394741219172,0.00026593829275611824,0.00026020129634396483,0.029568161048734054,930.6835602746296,3.6398933425933662e-09,8.647020893962748e-08,-0.5366025602560256
0.1872387238723872,-0.0005482204055624607,0.0002657626849398298,0.00026011096591771476,0.02973087093728668,931.0171618796929,3.639704271053549e-09,8.657058047349285e-08,-0.5365225522552256
0.18727872787278727,-0.0005482646430294835,0.0002657926309410641,0.0002601050020780704,0.029765178787074843,930.9580333416388,3.640674008627788e-09,8.668012143356286e-08,-0.5364425442544255
0.18731873187318732,-0.0005481796065112121,0.0002659377092228965,0.00026003717668476867,0.02963629654295315,930.9647793290055,3.640803883354487e-09,8.679093032015186e-08,-0.5363625362536254
0.18735873587358737,-0.0005481134317619762,0.0002659272307070637,0.0002599670430560863,0.029677721549902482,931.0920162449478,3.6409130715324855e-09,8.68937189702477e-08,-0.5362825282528253
0.18739873987398742,-0.0005480439794638414,0.00026578893336903775,0.00025991654093338035,0.029801236338939364,931.3159568951793,3.641279110502627e-09,8.699567140057823e-08,-0.5362025202520252
0.18743874387438741,-0.0005479819662923546,0.00026577104840441734,0.0002598391460202354,0.02986571581418597,931.452404917098,3.6412797265181212e-09,8.710803039885012e-08,-0.5361225122512252
0.18747874787478747,-0.0005478944226524618,0.00026576444044934533,0.0002597764806488989,0.029866334748315678,931.5884797549943,3.6414783343083197e-09,8.721429221566004e-08,-0.5360425042504251
0.18751875187518752,-0.0005478857854370744,0.0002657906950602751,0.0002597550693450579,0.029865986394751288,931.5917723368685,3.6422423043282105e-09,8.73199229266253e-08,-0.535962496249625
0.18755875587558757,-0.0005476731853093497,0.0002657157202889948,0.00025961919167372116,0.029896008410074552,931.9594162824344,3.641430441026378e-09,8.741375079581912e-08,-0.5358824882488249
0.18759875987598762,-0.0005477467688024262,0.0002657827659220402,0.0002596248644757271,0.029914026453684687,931.8323633069814,3.642578078339395e-09,8.752931440980877e-08,-0.5358024802480248
0.18763876387638762,-0.0005476485734874359,0.00026576545220535763,0.00025953808920453625,0.029950678934161097,932.0080422188174,3.6424801170173825e-09,8.76410470590104e-08,-0.5357224722472248
0.18767876787678767,-0.0005476570560745131,0.000265947475391215,0.00025951032768078974,0.029843243413555886,931.8666976574452,3.643197130984917e-09,8.775406706634445e-08,-0.5356424642464247
0.18771877187718772,-0.0005474461389241014,0.0002657351998465174,0.00025938581369922,0.02997971803381032,932.3425556127318,3.6425103518565326e-09,8.784440883919829e-08,-0.5355624562456246
0.18775877587758777,-0.0005474997694392414,0.00026577965498120193,0.00025937068079984194,0.030028102464428778,932.2704534622076,3.6434098052229787e-09,8.796686962447148e-08,-0.5354824482448245
0.18779877987798782,-0.0005474573462009857,0.0002657923726232525,0.00025933358806207174,0.03002583318883345,932.3285133935022,3.6439671961936963e-09,8.806888337646373e-08,-0.5354024402440244
0.18783878387838782,-0.0005473631920409616,0.0002659119763279705,0.0002592504636269588,0.029943135735862065,932.3786492068017,3.6438713164979392e-09,8.817520391233517e-08,-0.5353224322432244
0.18787878787878787,-0.0005472962849211171,0.00026576330823502303,0.0002591865136130078,0.030096074693221824,932.6217122048246,3.64410122934736e-09,8.828899847150573e-08,-0.5352424242424243
0.18791879187918792,-0.0005472723052122319,0.0002659365448778317,0.0002591417212489677,0.029989771510055968,932.5308595222847,3.6446040207014356e-09,8.839786737075295e-08,-0.5351624162416242
0.18795879587958797,-0.000547168594820846,0.00026577514142189784,0.00025905950286708723,0.030138763038250978,932.8330022868018,3.644524935758464e-09,8.850364173641897e-08,-0.5350824082408241
0.18799879987998802,-0.0005471180790692642,0.0002659261398605395,0.0002590116010499077,0.030026978005239475,932.7872498457449,3.644955000298746e-09,8.861088761024879e-08,-0.535002400240024
0.18803880388038802,-0.0005470725366905071,0.00026577550872275424,0.00025894643504287274,0.030207172316846262,933.0146947336584,3.645127308115839e-09,8.872229411013236e-08,-0.534922392239224
0.18807880788078807,-0.0005470670854776927,0.00026579686474548225,0.00025892198508681297,0.030221914627658338,933.0221334830023,3.6459020702869935e-09,8.88308519072969e-08,-0.5348423842384239
0.18811881188118812,-0.0005469115408942571,0.00026575085673385956,0.00025881170033659195,0.030255972817340607,933.2936763469361,3.6454359250040574e-09,8.893571491492419e-08,-0.5347623762376238
0.18815881588158817,-0.0005468710302949376,0.00026590755984301495,0.0002587609901343324,0.030158445385390174,933.2366423141306,3.6458443980630297e-09,8.904293451755959e-08,-0.5346823682368237
0.18819881988198822,-0.00054687170703005,0.000265948795878046,0.0002587301597702929,0.030175126494005947,933.2269904070193,3.646537534775004e-09,8.916082384826263e-08,-0.5346023602360236
0.18823882388238822,-0.0005468162739106219,0.0002657998739152845,0.00025867577444360634,0.030322722449167522,933.4523851178845,3.646874463555438e-09,8.926471683711975e-08,-0.5345223522352236
0.18827882788278827,-0.0005466545374730458,0.00026574961488989857,0.00025856290459569387,0.03035811177762685,933.735536963973,3.6464244012703187e-09,8.937037035869583e-08,-0.5344423442344235
0.18831883188318832,-0.0005467231158036157,0.00026594625054343624,0.00025855474830893677,0.030289267676185953,933.5114718931982,3.647420552128723e-09,8.949209877060567e-08,-0.5343623362336234
0.18835883588358837,-0.0005466084174088337,0.0002659317265241157,0.0002584822447606605,0.030285442241394088,933.6872978162107,3.647495513758411e-09,8.959748069379127e-08,-0.5342823282328233
0.18839883988398842,-0.0005465777078512701,0.0002657921673048236,0.0002584387106845387,0.03043504183772985,933.8737223655668,3.6479987943507777e-09,8.970570625910093e-08,-0.5342023202320232
0.18843884388438842,-0.0005464980279725751,0.00026594306481797503,0.00025835689935571615,0.030352726964384312,933.8829614310712,3.6480014487902705e-09,8.981842081849374e-08,-0.5341223122312232
0.18847884788478847,-0.0005462953497925582,0.00026571091685667625,0.00025823340375730197,0.030506499671365647,934.3701487164501,3.6473670033234432e-09,8.991290380481565e-08,-0.5340423042304231
0.18851885188518852,-0.0005462360213783768,0.00026570992346819367,0.00025817766514757423,0.03052918596181316,934.471485967375,3.647686413201188e-09,9.002429706469334e-08,-0.533962296229623
0.18855885588558857,-0.0005462967444742617,0.0002657713961937702,0.0002581740923659481,0.030556246297395874,934.3679114261324,3.6487677869129503e-09,9.014210583326607e-08,-0.5338822882288229
0.18859885988598862,-0.0005461931283718968,0.0002658946254925354,0.00025808551701400617,0.030482456063775094,934.4281222602042,3.648652991494267e-09,9.025044921329639e-08,-0.5338022802280228
0.18863886388638862,-0.0005460367893448392,0.00026570094036060254,0.000257984344091744,0.03062116300042878,934.8222538311342,3.648339412078548e-09,9.035324444775202e-08,-0.5337222722272228
0.18867886788678867,-0.0005460953017148995,0.0002659082165479276,0.00025797523317860893,0.03054010621424026,934.597998934873,3.6493632435349835e-09,9.047809394101746e-08,-0.5336422642264227
0.18871887188718872,-0.0005460073008407562,0.0002657379102544155,0.00025788695636741465,0.030717834737457074,934.9008289197492,3.6492790575711173e-09,9.058560247724346e-08,-0.5335622562256226
0.18875887588758877,-0.0005459093368784806,0.00026573077263236655,0.0002578190417263926,0.030721514768555582,935.0520764099465,3.649421010832945e-09,9.069492392063433e-08,-0.5334822482248225
0.18879887988798882,-0.0005458716946975528,0.00026589432861356954,0.00025776852945957884,0.03063385895187999,934.9861558090224,3.6498433810427878e-09,9.080497386055263e-08,-0.5334022402240224
0.18883888388838882,-0.0005457490579487967,0.00026572718467576806,0.0002576743724653774,0.0307773406929923,935.3219143178205,3.6496643729166606e-09,9.091091364419094e-08,-0.5333222322232224
0.18887888788878887,-0.0005457033850007065,0.0002657302360091762,0.00025762123188743935,0.03081005588357903,935.4056971817943,3.6500504230130993e-09,9.10263146438467e-08,-0.5332422242224223
0.18891889188918892,-0.0005457612334964779,0.0002657693483669732,0.00025760898164328694,0.030867264122676846,935.3315826420614,3.6510263951934934e-09,9.11415848230449e-08,-0.5331622162216222
0.18895889588958897,-0.0005456130195256037,0.00026573447367894687,0.0002575006412606218,0.03090231056910737,935.5866074466954,3.6506201257581644e-09,9.125039273993147e-08,-0.5330822082208221
0.18899889988998902,-0.0005455667170792822,0.00026576213867457454,0.00025744791648762977,0.03091525949479409,935.649076563252,3.651059234582352e-09,9.136780048537674e-08,-0.533002200220022
0.18903890389038902,-0.0005455087676722314,0.00026575938702677604,0.00025739049149198223,0.030946021446956976,935.7525001685907,3.651390794691823e-09,9.148136486674557e-08,-0.532922192219222
0.18907890789078907,-0.0005454323169118425,0.0002657464848283553,0.00025731472407408695,0.03099384476017743,935.8971073202463,3.6514575221119433e-09,9.158926137005515e-08,-0.5328421842184219
0.18911891189118912,-0.0005453476223777898,0.00026574199798545806,0.0002572504027813505,0.031006848246179948,936.0315801485717,3.651687417322753e-09,9.170240055050675e-08,-0.5327621762176218
0.18915891589158917,-0.0005452783831714214,0.00026588829764051525,0.0002571868796270582,0.030924821421181848,936.0197195290781,3.651960149311465e-09,9.180898952486144e-08,-0.5326821682168217
0.18919891989198923,-0.0005452611673604224,0.00026575420351093726,0.00025714926354636347,0.03106726293804204,936.1852731111239,3.6525256470183173e-09,9.192187072791709e-08,-0.5326021602160216
0.18923892389238922,-0.0005451580546207424,0.0002658988515165106,0.0002570582324346038,0.030995289649069988,936.2286554023273,3.652445424585205e-09,9.203410728027164e-08,-0.5325221522152216
0.18927892789278927,-0.0005451272262462226,0.0002659163786020713,0.00025701011173429045,0.03102836409868521,936.2824963520247,3.6529100846380157e-09,9.215275267841099e-08,-0.5324421442144215
0.18931893189318932,-0.0005450061821079544,0.00026573167475163473,0.00025690520913745907,0.03120018470414396,936.6426213484768,3.652605687057845e-09,9.225733356123733e-08,-0.5323621362136214
0.18935893589358938,-0.0005449918954951727,0.00026577318929099647,0.00025686849779682497,0.031215387345677227,936.6509412158393,3.653249717266746e-09,9.238127787026358e-08,-0.5322821282128213
0.18939893989398943,-0.0005449090067912721,0.00026575198551626045,0.0002567942943587642,0.031260735725592945,936.8073890223898,3.6533699012993764e-09,9.249183917814808e-08,-0.5322021202120212
0.18943894389438942,-0.0005447839637469087,0.0002657247152342279,0.0002566952465812289,0.03130420726945374,937.028037516867,3.653161991892577e-09,9.259330507185924e-08,-0.5321221122112212
0.18947894789478947,-0.0005447964241369618,0.00026577070624256294,0.00025668333121142695,0.03130571759541565,936.9871796628681,3.654088337195896e-09,9.271015706684474e-08,-0.5320421042104211
0.18951895189518952,-0.0005447071390420888,0.00026575962163377653,0.0002565952792998871,0.03136046174717029,937.1526326835914,3.654048766025106e-09,9.283181348331221e-08,-0.531962096209621
0.18955895589558958,-0.0005445900716978258,0.00026573063193779944,0.00025650218410611103,0.031404895085765466,937.3627164269153,3.653887805819579e-09,9.29344001282203e-08,-0.5318820882088209
0.18959895989598963,-0.0005444896867885518,0.00026572921104417446,0.00025642286526883495,0.03142587054076703,937.5218884100492,3.6539548231916774e-09,9.304413873994556e-08,-0.5318020802080208
0.18963896389638962,-0.00054447702008531,0.00026574347119634467,0.00025638011544470984,0.03147410206637281,937.5580640903846,3.6545562716574764e-09,9.31678712457406e-08,-0.5317220722072208
0.18967896789678967,-0.000544507297945529,0.00026577402663718885,0.00025635595843453984,0.03152845029293212,937.5258261845516,3.6553667601473664e-09,9.328205758106804e-08,-0.5316420642064207
0.18971897189718973,-0.0005442613086756865,0.0002657150795215557,0.00025621044177004393,0.03153685061768552,937.9219212740445,3.6544723276335508e-09,9.338206339120606e-08,-0.5315620562056206
0.18975897589758978,-0.0005443531813256186,0.00026592734017327757,0.00025620568908113484,0.03150529872982989,937.6586308191729,3.6556442065441006e-09,9.351422885142268e-08,-0.5314820482048205
0.18979897989798983,-0.0005441431601553859,0.0002657168946598176,0.0002560801742474972,0.03162359406645033,938.1389056676442,3.655004025591096e-09,9.361235638459422e-08,-0.5314020402040204
0.18983898389838982,-0.0005441198770625988,0.0002657359795108505,0.00025602558175830126,0.03167755534914242,938.1906505146915,3.655438011654128e-09,9.373221511086403e-08,-0.5313220322032204
0.18987898789878987,-0.0005440499677860089,0.00026574302085435875,0.0002559601266542977,0.03170559145786749,938.3036142695341,3.655695817004651e-09,9.384832126856546e-08,-0.5312420242024203
0.18991899189918993,-0.0005439805388789409,0.0002657362921425488,0.00025589167170658733,0.03174874621090549,938.4309504286875,3.655921107674339e-09,9.396368415219938e-08,-0.5311620162016202
0.18995899589958998,-0.0005439573174754742,0.0002657553173790461,0.0002558426558849636,0.03179389926178628,938.4778140475571,3.656412642614967e-09,9.408419236300435e-08,-0.5310820082008201
0.18999899989998997,-0.0005439242740550299,0.00026592317097140494,0.0002557918313657037,0.031734504440484,938.4038503025444,3.656895730598878e-09,9.419985409344169e-08,-0.5310020002000201
0.19003900390039002,-0.0005437562858787715,0.0002657337865059617,0.00025568011088550335,0.03186030649847156,938.8171164628792,3.6564949520294715e-09,9.430592317352876e-08,-0.53092199219922
0.19007900790079008,-0.0005436833262564278,0.0002657231647518188,0.00025560770007215794,0.03190957779521255,938.9546246191792,3.656650844825045e-09,9.441937452394798e-08,-0.5308419841984199
0.19011901190119013,-0.000543691676497815,0.00026590861450159764,0.0002555732598410465,0.03185974343197532,938.8141483713757,3.6573698679944566e-09,9.454258180236624e-08,-0.5307619761976198
0.19015901590159018,-0.0005436547415058612,0.00026592035130335034,0.00025551401351653347,0.03191342499308168,938.8885813035081,3.6577738723355907e-09,9.466291592730072e-08,-0.5306819681968197
0.19019901990199017,-0.0005435366826844756,0.00026575524118044314,0.0002554203382914011,0.032047146203358814,939.2208914498076,3.6576284825212785e-09,9.477581078851192e-08,-0.5306019601960197
0.19023902390239023,-0.0005435211524940087,0.00026576549464607524,0.0002553820509492155,0.03208936183242008,939.2593224489865,3.658263471997121e-09,9.488787657528381e-08,-0.5305219521952196
0.19027902790279028,-0.0005433723684831193,0.00026573238902471985,0.00025526771952710803,0.03214120062097658,939.5207237843359,3.6578778268194436e-09,9.50023769787187e-08,-0.5304419441944195
0.19031903190319033,-0.0005433672045001003,0.00026591385931595823,0.00025523145538142167,0.03208610413077879,939.3971249430535,3.6585733027087745e-09,9.512468164570953e-08,-0.5303619361936194
0.19035903590359038,-0.0005431867918588296,0.00026571990139245827,0.00025511571356218177,0.03220475466907393,939.8298321506182,3.6581359574659733e-09,9.523020220935058e-08,-0.5302819281928193
0.19039903990399037,-0.0005432149381050522,0.0002657770272165294,0.0002550944145058853,0.032237956028395874,939.7733294567139,3.65904053468372e-09,9.53511386296796e-08,-0.5302019201920193
0.19043904390439043,-0.0005431443843377792,0.00026576887864848686,0.00025502503537055965,0.03228479084443562,939.9041293507587,3.659271909214587e-09,9.546855195624528e-08,-0.5301219121912192
0.19047904790479048,-0.0005430314515422197,0.00026575538579720615,0.00025492202394183927,0.03234636217000354,940.1068623189562,3.659046602502094e-09,9.558634012185965e-08,-0.5300419041904191
0.19051905190519053,-0.0005429377054042561,0.0002657480892764852,0.00025483900118405955,0.03239106892710874,940.2695676567222,3.6591183427160125e-09,9.57002050955974e-08,-0.529961896189619
0.19055905590559058,-0.0005429333163959882,0.00026578601733717733,0.00025480731622984365,0.03241877245861639,940.2679284386351,3.65985697469689e-09,9.581631945176461e-08,-0.5298818881888189
0.19059905990599058,-0.0005427568819271755,0.0002657347165069268,0.0002546807878238688,0.032474285097135396,940.5812386829215,3.659292388253565e-09,9.592725709817651e-08,-0.5298018801880189
0.19063906390639063,-0.0005427217033115994,0.0002657547518722936,0.00025462118408858814,0.0325276561649355,940.6473714722372,3.65967471743062e-09,9.604910292194458e-08,-0.5297218721872188
0.19067906790679068,-0.0005426573259939005,0.00026575347225588075,0.0002545542180862892,0.03257428167544885,940.7647332053276,3.6599554314005243e-09,9.6168748360602e-08,-0.5296418641864187
0.19071907190719073,-0.0005425741495344027,0.000265904788186333,0.00025448328842214707,0.03252038981722112,940.7672026395983,3.6601918202784577e-09,9.627989820812019e-08,-0.5295618561856186
0.19075907590759078,-0.0005425793998767858,0.00026593711015721055,0.00025443955252124617,0.032584846882344365,940.7726577108913,3.660838034006489e-09,9.640880506130243e-08,-0.5294818481848185
0.19079907990799078,-0.0005424046693178752,0.00026574740875418,0.0002543174699947137,0.03271385986445086,941.2034460842325,3.6603052876272337e-09,9.651417939667201e-08,-0.5294018401840185
0.19083908390839083,-0.0005422977098987758,0.0002657260171474718,0.00025423627660359216,0.032750830408199004,941.3891105417512,3.660352865713392e-09,9.662703636420414e-08,-0.5293218321832184
0.19087908790879088,-0.0005422814817279686,0.000265900371260841,0.0002541893174883292,0.03271907539319687,941.2906033122808,3.6609369306120667e-09,9.674970107318792e-08,-0.5292418241824183
0.19091909190919093,-0.0005421982776852019,0.00026589184098213536,0.00025410582790086345,0.03277999029766424,941.445882213026,3.6610410777170674e-09,9.686412061552375e-08,-0.5291618161816182
0.19095909590959098,-0.0005420537718521246,0.0002657135592443183,0.0002540054093638222,0.032896167991781314,941.8211279058762,3.660809869241047e-09,9.69783567634087e-08,-0.5290818081808181
0.19099909990999098,-0.0005420704870005011,0.0002659053287459301,0.0002539680310444936,0.03287671573737355,941.6693764193727,3.661555955789455e-09,9.710465907167461e-08,-0.5290018001800181
0.19103910391039103,-0.0005420469006622852,0.00026575634490910716,0.0002539157292178462,0.033023308747096025,941.8688219248503,3.6620307116068e-09,9.722160637543075e-08,-0.528921792179218
0.19107910791079108,-0.0005418800043486272,0.0002657198742852529,0.00025379105160094895,0.03308085523931508,942.1599257294893,3.6615414223616353e-09,9.73364613920686e-08,-0.5288417841784179
0.19111911191119113,-0.0005418853744316721,0.00026591021869393217,0.00025375835699059657,0.03304399736119899,942.0152408556693,3.6623371638213223e-09,9.746513410997565e-08,-0.5287617761776178
0.19115911591159118,-0.0005417797537745628,0.0002657529929024349,0.0002536610495935676,0.03318382057528609,942.3349472211171,3.662200302216269e-09,9.75810649999991e-08,-0.5286817681768177
0.19119911991199118,-0.0005416791067744953,0.00026588515932246537,0.00025358382348583675,0.03314303449529825,942.3755362865154,3.6623608860661265e-09,9.769369565182026e-08,-0.5286017601760177
0.19123912391239123,-0.000541538204004155,0.00026569915995366955,0.0002534691604176853,0.033289512058513056,942.7678410753147,3.661961510362579e-09,9.780208714364725e-08,-0.5285217521752176
0.19127912791279128,-0.0005414605520144278,0.00026571619655868517,0.0002533975116578713,0.033323645713138686,942.8854135892458,3.6622229183944854e-09,9.792412289944268e-08,-0.5284417441744175
0.19131913191319133,-0.0005415078347397184,0.00026576527461230626,0.0002533838371230335,0.03337394126618052,942.8119085283486,3.6633022440410813e-09,9.805141545167397e-08,-0.5283617361736174
0.19135913591359138,-0.0005413996352956474,0.0002657566891528518,0.00025327702645894234,0.03345115613346244,943.0107032603916,3.663091350472043e-09,9.817551291900223e-08,-0.5282817281728173
0.19139913991399138,-0.0005413621925214329,0.0002657601095208406,0.0002532251407230124,0.033501288106894324,943.0871049135503,3.6636035827138537e-09,9.82880456919244e-08,-0.5282017201720173
0.19143914391439143,-0.000541235502836912,0.00026574172459703505,0.0002531218037715721,0.03355785798119823,943.3080972282598,3.6634085408915725e-09,9.84124265533291e-08,-0.5281217121712172
0.19147914791479148,-0.000541028366910723,0.000265690783137984,0.0002529988806792005,0.03357921231992888,943.647244836546,3.6628983230419784e-09,9.851410176490061e-08,-0.5280417041704171
0.19151915191519153,-0.0005411074514398706,0.00026575750067792114,0.0002529910207569319,0.033645505415691175,943.5244274631278,3.6640890913001106e-09,9.864537367827047e-08,-0.527961696169617
0.19155915591559158,-0.0005408955623380507,0.000265700043854622,0.0002528488757371772,0.033699793065768306,943.8908947625384,3.6633169709322173e-09,9.875474666197633e-08,-0.5278816881688169
0.19159915991599158,-0.0005409614141314023,0.0002659247940215437,0.0002528303528961384,0.033697154312293254,943.6485535434429,3.6643792483582556e-09,9.889256048455889e-08,-0.5278016801680169
0.19163916391639163,-0.0005409005656957788,0.00026577699006224975,0.0002527682579469559,0.033812440339726246,943.889708245581,3.6647569360640423e-09,9.900911810659281e-08,-0.5277216721672168
0.19167916791679168,-0.0005407999747433223,0.0002657748960217532,0.0002526853384938743,0.03385443010599552,944.055097377435,3.664858549934257e-09,9.91280198989219e-08,-0.5276416641664167
0.19171917191719173,-0.0005407268525630116,0.00026592196502406296,0.00025259666148857995,0.03386831283189546,944.0682256889548,3.664929557445827e-09,9.925260985034186e-08,-0.5275616561656166
0.19175917591759178,-0.0005405818575638932,0.0002657488349271375,0.0002524915974981834,0.033981394544358785,944.4455499800506,3.6647276752939495e-09,9.936985711752125e-08,-0.5274816481648165
0.19179917991799178,-0.0005404449238000097,0.00026571422495891284,0.00025238685326467447,0.03403964301939504,944.6920569236707,3.6644812250788433e-09,9.94785625600366e-08,-0.5274016401640165
0.19183918391839183,-0.000540511196817306,0.0002657867438031758,0.00025237890734874924,0.03409141996540372,944.5752987969976,3.6656887012125004e-09,9.96133147091187e-08,-0.5273216321632164
0.19187918791879188,-0.0005402845587809679,0.00026572255251977595,0.00025222895333221196,0.03414961143352394,944.9687394152885,3.6648413189186587e-09,9.972158331535727e-08,-0.5272416241624163
0.19191919191919193,-0.0005403305754043686,0.00026591232619921357,0.00025220017322702404,0.03416734930973308,944.783922517553,3.665770156064309e-09,9.985671828142712e-08,-0.5271616161616162
0.19195919591959199,-0.000540269128549653,0.00026592521388124624,0.00025212516570216614,0.03423254060006413,944.8942330885081,3.6660287555489017e-09,9.998003129172914e-08,-0.5270816081608161
0.19199919991999198,-0.0005401166435632376,0.00026574796395095746,0.0002520175101006217,0.034341816678950046,945.284907787909,3.665788421862799e-09,1.0009750497409504e-07,-0.5270016001600161
0.19203920392039203,-0.0005400891652698192,0.0002657591623744793,0.0002519657524273633,0.03440135468403463,945.3457075673023,3.666293926749928e-09,1.0021167887739116e-07,-0.526921592159216
0.19207920792079208,-0.0005399085001442927,0.000265699511210471,0.0002518322979145893,0.034477553290221355,945.6798565688858,3.665724658911009e-09,1.003292449200941e-07,-0.5268415841584159
0.19211921192119213,-0.0005398976455524007,0.0002657316364604867,0.00025177961147337946,0.03454767608718423,945.7079528648654,3.666311079405411e-09,1.0046265603390185e-07,-0.5267615761576158
0.19215921592159219,-0.0005398119601949247,0.00026573704992927105,0.00025171435169402123,0.03457353505419545,945.8381289977372,3.6666590963976176e-09,1.0057465401675696e-07,-0.5266815681568157
0.19219921992199218,-0.0005397180339627994,0.00026575522336713675,0.00025160960223424844,0.03465724466374437,945.9996356503985,3.6665452658948314e-09,1.0070524077127442e-07,-0.5266015601560157
0.19223922392239223,-0.000539605678739008,0.0002657316317922209,0.0002515169683092733,0.034717205313711745,946.204240282891,3.666537805670975e-09,1.0082329473371345e-07,-0.5265215521552156
0.19227922792279228,-0.0005395950479254452,0.0002659212670010902,0.0002514666144581845,0.034722825340291495,946.0890731528746,3.6671515991730926e-09,1.0095130819148487e-07,-0.5264415441544155
0.19231923192319234,-0.000539501482222704,0.0002659135640499244,0.0002513831807819944,0.0347804297024268,946.2544262466035,3.667289141350525e-09,1.0107288596570012e-07,-0.5263615361536154
0.1923592359235924,-0.0005393880268371731,0.0002657427235845944,0.0002512798733018684,0.03491605416021597,946.6016126146102,3.6671121700127077e-09,1.0119164522534216e-07,-0.5262815281528153
0.19239923992399238,-0.0005393324528313315,0.0002657603461315716,0.0002512240297991575,0.034952974763761406,946.6856654853634,3.6676382541896138e-09,1.0130905390035526e-07,-0.5262015201520153
0.19243924392439243,-0.0005391865728796574,0.00026573158006470976,0.00025109566015513174,0.03504617506269998,946.9573102125499,3.6671776996467565e-09,1.0143074610091543e-07,-0.5261215121512152
0.19247924792479248,-0.0005392080903590113,0.00026591870413028573,0.00025105792321666875,0.03506760838776988,946.8040800400909,3.6679786891609255e-09,1.0156434656298898e-07,-0.5260415041504151
0.19251925192519254,-0.0005390515987926392,0.00026573972610322016,0.0002509454527412913,0.03517689815103392,947.2058008986904,3.6677292203154875e-09,1.0168338895644473e-07,-0.525961496149615
0.1925592559255926,-0.0005389753174398493,0.0002657462464270566,0.00025087117980127083,0.03523114786751942,947.3350456398626,3.667967304673203e-09,1.0180749195117119e-07,-0.5258814881488149
0.19259925992599258,-0.0005389107084141642,0.0002657529032887851,0.0002508055642520546,0.035281824679392636,947.4459536870752,3.6683266482971904e-09,1.0192268771433725e-07,-0.5258014801480149
0.19263926392639263,-0.0005388059553723679,0.0002657366777327752,0.00025071288417244375,0.03534908021899523,947.6377840505033,3.668394568832756e-09,1.020440109312723e-07,-0.5257214721472148
0.19267926792679269,-0.0005387296967853672,0.00026573181295930226,0.00025061007898230514,0.03546010435766851,947.8029838776886,3.6683411011239777e-09,1.0217640562289057e-07,-0.5256414641464147
0.19271927192719274,-0.0005386777927185449,0.00026576202642303315,0.00025056056410721617,0.03548680847095257,947.8669542475192,3.668920346686079e-09,1.0229612628219367e-07,-0.5255614561456146
0.1927592759275928,-0.000538507905829988,0.0002657300725061873,0.00025043181120176783,0.035559684157349954,948.1640698536607,3.6684327174349977e-09,1.0241814822850603e-07,-0.5254814481448145
0.19279927992799278,-0.0005385284019752135,0.00026590829205730415,0.0002503824130901666,0.03561129983660845,948.0298500922886,3.669115381239391e-09,1.0255024323918994e-07,-0.5254014401440145
0.19283928392839284,-0.0005383698990328867,0.0002657402611205839,0.0002502729360360778,0.03570624319779691,948.4218815854651,3.6688965853075925e-09,1.026697503125353e-07,-0.5253214321432144
0.1928792879287929,-0.0005382580917796531,0.0002657219851656123,0.00025017044168684777,0.035786389794349324,948.6311322007601,3.6688330055846724e-09,1.0278829500352587e-07,-0.5252414241424143
0.19291929192919294,-0.0005382214164768584,0.00026590334211107347,0.00025011367045135735,0.035795478674048024,948.552028132084,3.6693826686722325e-09,1.029173447526842e-07,-0.5251614161416142
0.19295929592959293,-0.0005381148621097509,0.0002658895032610076,0.000250019669797652,0.03586508782041572,948.7449684581637,3.669349225730797e-09,1.0303634752914861e-07,-0.5250814081408142
0.19299929992999298,-0.0005379539864946992,0.00026570631433742165,0.00024990363821397743,0.0359728714545673,949.1592896634302,3.6690646278507762e-09,1.0315490899426467e-07,-0.5250014001400141
0.19303930393039304,-0.0005379749604514927,0.000265896757674966,0.0002498572968774315,0.03602072409437115,949.0105954767774,3.6697731919790137e-09,1.0328793408794488e-07,-0.524921392139214
0.1930793079307931,-0.000537924838496906,0.0002657707791158259,0.0002497974266701952,0.03611830762285757,949.2231632916591,3.670309887532623e-09,1.034143550687793e-07,-0.5248413841384139
0.19311931193119314,-0.0005377498773100342,0.00026573767378579305,0.00024966627910760764,0.03619372500756001,949.5289019713604,3.669845320627497e-09,1.0353797753293276e-07,-0.5247613761376138
0.19315931593159313,-0.0005377493221629948,0.0002657624597404151,0.0002496184264437762,0.03627361352174267,949.5502000359763,3.6705143455809333e-09,1.0366237033002101e-07,-0.5246813681368138
0.19319931993199319,-0.0005376766491735907,0.0002659307801025079,0.000249531389475921,0.03631297696113058,949.5424365659699,3.6707078591848172e-09,1.0379883842842586e-07,-0.5246013601360137
0.19323932393239324,-0.0005374705520040379,0.00026571772469452526,0.00024939208592078543,0.03642459151490833,950.0462249851382,3.6700410821432094e-09,1.0390737827334373e-07,-0.5245213521352136
0.1932793279327933,-0.0005373750663295596,0.00026571429106780897,0.00024929731890788176,0.036504939395036844,950.2210760695194,3.6700897907242713e-09,1.0402995442371828e-07,-0.5244413441344135
0.19331933193319334,-0.0005374169362397652,0.00026592193195540403,0.0002492701856429136,0.036539592657653844,950.020329346155,3.6711483409241507e-09,1.0417651374717922e-07,-0.5243613361336134
0.19335933593359333,-0.0005372500814928571,0.00026572737242958056,0.00024914044604784635,0.03666612936542362,950.4638216194629,3.670639403690001e-09,1.0428968217718283e-07,-0.5242813281328134
0.19339933993399339,-0.0005371864508703084,0.000265747431299701,0.00024908047265204125,0.03670826043570137,950.5573715951348,3.6711834600626133e-09,1.0441184482710606e-07,-0.5242013201320133
0.19343934393439344,-0.0005370716325785452,0.0002657446199663127,0.0002489649278061279,0.03680873322941802,950.7681052690959,3.6709962824731243e-09,1.045445356651054e-07,-0.5241213121312132
0.1934793479347935,-0.0005369305344089526,0.0002657145342013223,0.00024886030469040143,0.036870685602560994,951.0174892031214,3.670844566043076e-09,1.0466295508837985e-07,-0.524041304130413
0.19351935193519354,-0.0005369047504331093,0.00026574294958692235,0.0002487885270583412,0.03697049153577427,951.0800315285895,3.671276568504188e-09,1.04797548471585e-07,-0.523961296129613
0.19355935593559354,-0.0005367354753502696,0.00026570629696465176,0.00024867275260831434,0.03702754256297562,951.3711173128651,3.6709885904727714e-09,1.0491089187249334e-07,-0.523881288128813
0.1935993599359936,-0.0005367318586024794,0.0002657468711930733,0.0002486159949448563,0.037118786844651745,951.3890389345946,3.6716424411877384e-09,1.050532222750299e-07,-0.5238012801280129
0.19363936393639364,-0.0005366300716787009,0.0002658935761843395,0.00024852892371685087,0.03714613429774169,951.4271950230315,3.6717988989868408e-09,1.0517404816693765e-07,-0.5237212721272128
0.1936793679367937,-0.0005365434605693054,0.0002659051136930657,0.00024844389544664836,0.03721706532179918,951.5721435104479,3.671961873166781e-09,1.0530243159203082e-07,-0.5236412641264127
0.19371937193719374,-0.0005364799307443491,0.00026591780603268944,0.00024836448397813626,0.037299954051347936,951.6900971956411,3.672247116081829e-09,1.054329811516375e-07,-0.5235612561256126
0.19375937593759374,-0.0005363963740734334,0.00026577563590990394,0.0002482789628370785,0.03740889805712791,951.9720823476823,3.6724515365203546e-09,1.0555269834103286e-07,-0.5234812481248126
0.1937993799379938,-0.0005362878178516439,0.00026575957652852367,0.0002481638496287797,0.03752056929870713,952.1893863778519,3.6723078453469517e-09,1.0568692817384813e-07,-0.5234012401240125
0.19383938393839384,-0.00053624588811374,0.00026578426407297684,0.0002480927575816416,0.03760635614356945,952.2694826461649,3.672763512277924e-09,1.0582371923455874e-07,-0.5233212321232124
0.1938793879387939,-0.0005361894171045378,0.0002658104114416915,0.0002480363990764456,0.037650801983675805,952.3480939929483,3.6733525311119477e-09,1.0595014640518469e-07,-0.5232412241224123
0.19391939193919394,-0.0005359919515228739,0.00026576741738182363,0.0002478880314047416,0.03774508676969735,952.7008781284048,3.672667147446247e-09,1.0607012204531157e-07,-0.5231612161216121
0.19395939593959394,-0.0005359279737433553,0.0002657816497873,0.00024780877661112477,0.0378278704832309,952.817978098249,3.6729745400932617e-09,1.0620283384763386e-07,-0.5230812081208122
0.193999399939994,-0.000535885875706299,0.0002657779908403768,0.00024772766878244923,0.0379387974165666,952.9331677774262,3.673258331782737e-09,1.0633587611965723e-07,-0.523001200120012
0.19403940394039404,-0.0005358217619146899,0.000265945059588546,0.00024765379603763904,0.03798324010288325,952.9067594872654,3.6736667778530113e-09,1.0646506404197987e-07,-0.522921192119212
0.1940794079407941,-0.0005356136500722641,0.0002657524772615716,0.0002475170923115222,0.03807496226274799,953.3949836075307,3.6731212770490027e-09,1.0658165910620398e-07,-0.5228411841184119
0.19411941194119414,-0.0005355029049525228,0.00026578147573275146,0.0002474149133002701,0.038154286128130946,953.5621943632054,3.6731504767916612e-09,1.0670869771161511e-07,-0.5227611761176117
0.19415941594159414,-0.0005354910925632339,0.0002659784420799838,0.0002473571246597306,0.03821698961671521,953.446397581657,3.673764569447614e-09,1.0684528747430884e-07,-0.5226811681168118
0.1941994199419942,-0.0005354539368482847,0.00026597726045451964,0.0002472801704442862,0.038325473950502016,953.5512160493355,3.6741181322129983e-09,1.0698025934566193e-07,-0.5226011601160117
0.19423942394239424,-0.0005353257860178928,0.00026598423021084727,0.0002471790358582471,0.03839255689645302,953.7534016302114,3.6741186513444896e-09,1.0710652756994545e-07,-0.5225211521152116
0.1942794279427943,-0.0005352181109401499,0.0002659789112442468,0.0002470783418313527,0.038480254094905186,953.9478216574552,3.6741413618162113e-09,1.0723160450733238e-07,-0.5224411441144114
0.19431943194319434,-0.0005351194114382452,0.000265981853559083,0.0002469803896703038,0.03857029910431952,954.1241329303874,3.674231252038932e-09,1.0735972022550772e-07,-0.5223611361136113
0.19435943594359434,-0.0005350525452030297,0.000265826945295089,0.00024690006675842646,0.03868047862518101,954.3992274657002,3.6745282612369914e-09,1.0748442633246665e-07,-0.5222811281128114
0.1943994399439944,-0.0005348901054702537,0.0002659524693413573,0.0002467778070733839,0.03873893414288475,954.544238821212,3.6742559857191507e-09,1.0761260971052251e-07,-0.5222011201120113
0.19443944394439444,-0.0005348631824659833,0.00026599169605390216,0.0002467087617490371,0.03883758393807866,954.5959420119694,3.6747229787518626e-09,1.0775216655292317e-07,-0.5221211121112111
0.1944794479447945,-0.0005347146703940098,0.0002659656639210084,0.00024659405378346655,0.038917705273180864,954.8595968394492,3.674565334511527e-09,1.0787413684310064e-07,-0.522041104110411
0.19451945194519454,-0.0005345810798758066,0.00026579131194637284,0.0002464752356605704,0.039038466522050855,955.2488573763121,3.674327112766036e-09,1.0799910152851011e-07,-0.521961096109611
0.19455945594559454,-0.0005345479692095978,0.0002658340624961397,0.0002464186993422768,0.03910768725309247,955.2916523079236,3.675007878791549e-09,1.081304921209537e-07,-0.521881088108811
0.1945994599459946,-0.0005344162559310917,0.00026596053036342937,0.00024630002003878104,0.0391928520449462,955.4047571792296,3.6748354144960068e-09,1.0826208196270575e-07,-0.5218010801080109
0.19463946394639464,-0.0005343324397983906,0.0002659703410898828,0.00024621047053408063,0.03928236915809478,955.554073148012,3.6750314741837273e-09,1.0839359610277871e-07,-0.5217210721072107
0.1946794679467947,-0.0005342845344955549,0.00026584555744335603,0.0002461383619989377,0.039387055123665235,955.7776460107273,3.6755159563225737e-09,1.0852611455485525e-07,-0.5216410641064106
0.19471947194719474,-0.0005341652313575196,0.000265833255703285,0.00024603650135390787,0.03946936891053075,955.9909669135643,3.6754623180341205e-09,1.0865079477147288e-07,-0.5215610561056105
0.19475947594759474,-0.000534039013984966,0.0002658094879492978,0.00024591314022570643,0.03958703896017084,956.2408484734133,3.6752505245227493e-09,1.0878803199097266e-07,-0.5214810481048106
0.1947994799479948,-0.0005340147407650875,0.0002659998073255565,0.00024584607310051965,0.039671696075756165,956.1503509531399,3.675824550799054e-09,1.089259595838765e-07,-0.5214010401040104
0.19483948394839484,-0.0005337765101245395,0.00026578198266236086,0.00024569043293976023,0.03976696084422235,956.7099045854523,3.6750656192032217e-09,1.0903762368382657e-07,-0.5213210321032103
0.1948794879487949,-0.0005337576827315615,0.0002659558383584226,0.000245630855421064,0.039845841293339464,956.6225470477107,3.6757604041460685e-09,1.0918160826405314e-07,-0.5212410241024102
0.19491949194919495,-0.0005336364121291126,0.00026579515336777604,0.00024551615724988096,0.03996466649760201,956.9856732845743,3.675648044899757e-09,1.093118611793318e-07,-0.5211610161016101
0.19495949594959494,-0.000533542694654443,0.00026595044447219607,0.0002454249961161281,0.04003827633526471,957.0127709264694,3.6758383677523037e-09,1.094390084990229e-07,-0.5210810081008102
0.194999499949995,-0.0005334220087718222,0.00026578504630947464,0.00024531278171835424,0.040152538292914146,957.3777009960315,3.6757185801531563e-09,1.095696552683319e-07,-0.52100100010001
0.19503950395039504,-0.0005333959932443122,0.0002659753574931756,0.00024524446572904424,0.04024345584871431,957.2897367977374,3.676313621725877e-09,1.0970960824839083e-07,-0.52092099209921
0.1950795079507951,-0.0005331462315183444,0.00026575339578727153,0.00024508116416099845,0.040340861528266644,957.8720299969993,3.675427983529275e-09,1.0981837801114585e-07,-0.5208409840984098
0.19511951195119515,-0.000533131094684336,0.00026579931028436476,0.00024502009831928184,0.04043859018098702,957.8998207773665,3.676118570154919e-09,1.0996741348361268e-07,-0.5207609760976097
0.19515951595159514,-0.0005330785684094508,0.0002658105161117419,0.0002449422231154408,0.04053690130138831,958.0092038665969,3.67652941219541e-09,1.1009204429571228e-07,-0.5206809680968097
0.1951995199519952,-0.0005329704946035463,0.0002659702898597516,0.00024483564046495765,0.0406321373840967,958.0595768569265,3.676562286466979e-09,1.1023198096842186e-07,-0.5206009600960096
0.19523952395239524,-0.0005328967890960712,0.00026581455463059456,0.00024474950892128255,0.040736107919816376,958.3493213591488,3.6768600559480946e-09,1.1035971894261852e-07,-0.5205209520952095
0.1952795279527953,-0.0005327613266530307,0.00026579517092528704,0.0002446353319989214,0.040831064482454375,958.5964648565711,3.6767155250779216e-09,1.1048550614765201e-07,-0.5204409440944094
0.19531953195319535,-0.0005326294256491337,0.00026578788111919494,0.0002445144315821324,0.04094149711691394,958.8355241558154,3.6765850241380915e-09,1.1062943740220788e-07,-0.5203609360936093
0.19535953595359534,-0.000532423779887381,0.0002657400871584059,0.0002443696808593909,0.04103367449949673,959.20174656188,3.6760059252214693e-09,1.107399847123376e-07,-0.5202809280928093
0.1953995399539954,-0.0005324720566193264,0.0002659598271108621,0.0002443226530435272,0.041157306897417874,958.9984648678698,3.676959870254452e-09,1.1089157146590379e-07,-0.5202009200920092
0.19543954395439544,-0.0005323308253508685,0.0002659424734972049,0.0002442060792584577,0.041253416150285466,959.2515890494765,3.6767944028038695e-09,1.1101645640875847e-07,-0.5201209120912091
0.1954795479547955,-0.0005322412341683957,0.0002658052682349421,0.00024412338477164397,0.04133368701968015,959.5364559138318,3.677143479585694e-09,1.1114723783201995e-07,-0.520040904090409
0.19551955195519555,-0.00053214296876547,0.0002659534676183739,0.00024401255520434262,0.041453605834815783,959.5925263786354,3.677123900567715e-09,1.1128663010865833e-07,-0.5199608960896089
0.19555955595559554,-0.0005319140644957088,0.00026576009225465214,0.00024386013260135897,0.04154388598464811,960.1220144393211,3.6765141585592318e-09,1.1140609479932105e-07,-0.519880888088809
0.1955995599559956,-0.0005319245102839432,0.00026579854918651336,0.00024379181258171734,0.04168081470880413,960.1399143054251,3.677158737454522e-09,1.1155437008045308e-07,-0.5198008800880088
0.19563956395639565,-0.0005318570565719938,0.00026596700730152634,0.00024371578736470667,0.041764556802035446,960.1168873290422,3.6776163855896374e-09,1.1169234606346829e-07,-0.5197208720872087
0.1956795679567957,-0.0005316597363247411,0.00026577422158169384,0.0002435614996678659,0.041884755419221466,960.6189851492462,3.6769499635466287e-09,1.118106233220068e-07,-0.5196408640864086
0.19571957195719575,-0.0005314822166866406,0.00026575916982807257,0.00024343672127757898,0.04196639826942648,960.9119212869892,3.676690507907813e-09,1.1193397752074278e-07,-0.5195608560856085
0.19575957595759574,-0.0005314562441469661,0.00026578292974477336,0.00024335787928375652,0.04209247736967621,960.986769036478,3.6772246256435226e-09,1.1208149948936912e-07,-0.5194808480848085
0.1957995799579958,-0.000531336526066184,0.00026579654351621684,0.00024324562328326138,0.04220113919283258,961.188466139727,3.677214066131072e-09,1.1221242564345623e-07,-0.5194008400840084
0.19583958395839585,-0.0005313139276239554,0.00026584537268092845,0.00024319061381250506,0.04228599861826498,961.2150550792126,3.6780089429712737e-09,1.1235207681960452e-07,-0.5193208320832083
0.1958795879587959,-0.0005311631227300495,0.0002659612556499269,0.00024305977261374068,0.04240691453962979,961.3682337350285,3.6777464753966047e-09,1.1248703574978495e-07,-0.5192408240824082
0.19591959195919595,-0.0005310378786305137,0.0002658021012607037,0.00024294143382697087,0.04251915353589179,961.7405993285333,3.6776455243261946e-09,1.1262186094086269e-07,-0.5191608160816081
0.19595959595959594,-0.000530928060825886,0.00026579863845199725,0.00024283214386899843,0.04263168899182434,961.9465089372605,3.6776767652212936e-09,1.1275560827991296e-07,-0.5190808080808081
0.195999599959996,-0.0005308707299889193,0.0002658202661507403,0.00024275916769322947,0.04272125472689592,962.0470848862828,3.6781447423869296e-09,1.1288371779474425e-07,-0.519000800080008
0.19603960396039605,-0.0005307805887042605,0.0002658324526692013,0.00024266298940345266,0.042826746318411574,962.2082780572226,3.6783651894246205e-09,1.1302312192588656e-07,-0.5189207920792079
0.1960796079607961,-0.0005306794089534606,0.00026597864122379633,0.00024254440992610427,0.04297179594887137,962.2763979028091,3.6783462950037715e-09,1.1316459164355448e-07,-0.5188407840784078
0.1961196119611961,-0.0005305309232284117,0.00026580790127894716,0.00024240828494193067,0.04309572029261936,962.6982264529892,3.6780468858152355e-09,1.1329520681869717e-07,-0.5187607760776078
0.19615961596159615,-0.0005303497830482229,0.0002658050176265192,0.00024228112822211045,0.0431836387275329,962.9867112382334,3.6777841182825814e-09,1.1342096255858442e-07,-0.5186807680768077
0.1961996199619962,-0.0005302716050010758,0.0002657986571890092,0.0002421785276740529,0.043311469164344356,963.1602846663149,3.677934746320946e-09,1.1355796208068988e-07,-0.5186007600760076
0.19623962396239625,-0.0005302169369514331,0.0002659754774185785,0.0002420988186213613,0.04342746714567895,963.1209127317258,3.678473476115664e-09,1.137015356739168e-07,-0.5185207520752075
0.1962796279627963,-0.0005301118126510573,0.0002659837363765405,0.00024199947342706807,0.043528730213262444,963.3029523977614,3.6786271737069046e-09,1.1383915092457331e-07,-0.5184407440744074
0.1963196319631963,-0.0005299704624093238,0.00026581596129915397,0.00024187081226489937,0.043642700762583704,963.7093688861017,3.6784353589152357e-09,1.1397240221237121e-07,-0.5183607360736074
0.19635963596359635,-0.0005297607184786557,0.00026576708444281394,0.00024172115268106253,0.04374838508320893,964.0887027156422,3.6778555770750903e-09,1.1408794266788377e-07,-0.5182807280728073
0.1963996399639964,-0.0005298061776812801,0.0002659817468355641,0.00024167276558539896,0.04389407582717227,963.8919426445436,3.6788594759778872e-09,1.1424513041022539e-07,-0.5182007200720072
0.19643964396439645,-0.0005296927376434724,0.00026597650624182734,0.00024156059961555343,0.04401264378625817,964.1064671112864,3.6789152017000903e-09,1.1437959075100905e-07,-0.5181207120712071
0.1964796479647965,-0.000529599494058175,0.00026584352827541124,0.00024147530206697354,0.044085744840105245,964.3961115048264,3.6792853449363297e-09,1.1451523447490969e-07,-0.518040704070407
0.1965196519651965,-0.0005295022971694152,0.00026599178256958567,0.0002413559630447537,0.04424543131287912,964.4596216779632,3.6793163755162825e-09,1.1466071047217929e-07,-0.517960696069607
0.19655965596559655,-0.000529334660512859,0.0002658113435458631,0.00024121356644934977,0.04436068516122158,964.9160662546429,3.6789243523268753e-09,1.1478942845444284e-07,-0.5178806880688069
0.1965996599659966,-0.0005292543796997506,0.0002658411094245139,0.00024113351153420837,0.04444936113377605,965.0376503307173,3.679338499278567e-09,1.1492049182466901e-07,-0.5178006800680068
0.19663966396639665,-0.0005291107141687235,0.0002658128196628695,0.00024099335188321191,0.04459470388523948,965.3284098269896,3.6790416116099103e-09,1.1506384900648024e-07,-0.5177206720672067
0.1966796679667967,-0.0005289451457457517,0.0002657970717123703,0.00024086917333798752,0.04469373143214174,965.6131719749299,3.678842338400387e-09,1.1519121322821563e-07,-0.5176406640664066
0.1967196719671967,-0.0005289138381812108,0.00026584020983477785,0.00024078046380404672,0.04484063064823265,965.6848599303748,3.6793482168058343e-09,1.1534268409149292e-07,-0.5175606560656066
0.19675967596759675,-0.000528723591060043,0.0002657961708791845,0.00024064502340648275,0.04493861819282288,966.0297704833861,3.6790580794682826e-09,1.1546911583151603e-07,-0.5174806480648065
0.1967996799679968,-0.0005287271472411703,0.00026599326800891276,0.0002405793024653491,0.04508949293859068,965.9038661834786,3.679845337484448e-09,1.156201885796045e-07,-0.5174006400640064
0.19683968396839685,-0.0005285028235419986,0.00026578993539772,0.00024041153265397242,0.04520216606206486,966.459700732237,3.6790581979991487e-09,1.1573920334360444e-07,-0.5173206320632063
0.1968796879687969,-0.0005284815667465637,0.0002659873003096891,0.0002403471855290107,0.045332412085180615,966.3553222833342,3.679845147894061e-09,1.1589330529214567e-07,-0.5172406240624062
0.1969196919691969,-0.0005283129452777757,0.00026597182061038893,0.00024021277313890366,0.04545112616216012,966.6528553953711,3.6795448885414386e-09,1.1602030946817471e-07,-0.5171606160616062
0.19695969596959695,-0.000528285022056707,0.0002660021349427666,0.0002401234223374793,0.04560221987464435,966.7341189037242,3.6800075036564907e-09,1.1616874260326126e-07,-0.5170806080608061
0.196999699969997,-0.0005281215239278936,0.0002659707938050815,0.0002399902729854908,0.04572082561917081,967.0407460444859,3.6797466676052307e-09,1.1629809458014485e-07,-0.517000600060006
0.19703970397039705,-0.0005279350975513353,0.000265804553713167,0.000239850001048314,0.045815116101524285,967.5019460211755,3.6793759198314415e-09,1.1642953130268038e-07,-0.5169205920592059
0.1970797079707971,-0.0005279270625067056,0.0002659913729345931,0.00023977915788098159,0.04597082190778025,967.400917308923,3.680160841100233e-09,1.1658386693224319e-07,-0.5168405840584058
0.1971197119711971,-0.0005277781429811057,0.0002658326726532323,0.00023964885699312433,0.04607619657774284,967.8109254541148,3.6799572574744203e-09,1.1671998550416931e-07,-0.5167605760576058
0.19715971597159715,-0.000527667414331745,0.0002658162635427175,0.000239528391032362,0.04621479142034332,968.0429010459101,3.680035447729781e-09,1.1686135457383167e-07,-0.5166805680568057
0.1971997199719972,-0.0005274179285095215,0.00026575787024540887,0.00023936481196518145,0.04632042461635459,968.4849095693995,3.6792616715236602e-09,1.1697316113680879e-07,-0.5166005600560056
0.19723972397239725,-0.0005273309558617711,0.00026577609666134094,0.00023926145578778701,0.046451136346491576,968.646362175597,3.6795219674318445e-09,1.1711910250425243e-07,-0.5165205520552055
0.1972797279727973,-0.0005272166911680642,0.00026577683942718977,0.0002391416522886658,0.04658919758965022,968.865335261482,3.6795420170662768e-09,1.1725670122540656e-07,-0.5164405440544054
0.1973197319731973,-0.0005271360278413795,0.0002657785620314712,0.00023903702798167004,0.04672491018371389,969.0376784127246,3.679742704771692e-09,1.1739906688779697e-07,-0.5163605360536054
0.19735973597359735,-0.0005270618089809886,0.00026581374896750276,0.00023894007682478957,0.04685705124701563,969.1653879810885,3.6801427497193448e-09,1.1754992474286778e-07,-0.5162805280528053
0.1973997399739974,-0.0005270047786325449,0.00026583533748691934,0.00023885929942268902,0.046969731686060834,969.2745628575399,3.6806661824847213e-09,1.1768719705490191e-07,-0.5162005200520052
0.19743974397439745,-0.0005267272637041742,0.00026576870759242865,0.0002386718657851894,0.04709955836978537,969.7742346483601,3.6796606295769168e-09,1.1781170008916763e-07,-0.5161205120512051
0.1974797479747975,-0.0005267595777951328,0.0002658351192010855,0.00023862739414770573,0.04722054758343858,969.723213445428,3.6807815038130237e-09,1.1796709169364515e-07,-0.516040504050405
0.1975197519751975,-0.0005266347204724298,0.00026597673311101744,0.0002384961045667211,0.04740157086656405,969.8309280110641,3.6806741314290218e-09,1.1811328884866741e-07,-0.515960496049605
0.19755975597559755,-0.0005264737806527364,0.0002659532638062956,0.00023835870293442696,0.04753521487564194,970.1337087059006,3.680490035032602e-09,1.1824538133798496e-07,-0.5158804880488049
0.1975997599759976,-0.0005264192452330008,0.0002659842479815211,0.00023825697124513212,0.0476928622255814,970.2516342511223,3.6808098040525127e-09,1.1839345745952626e-07,-0.5158004800480048
0.19763976397639765,-0.0005262210297161118,0.00026577821808615454,0.0002381054063298471,0.04778792219191748,970.775149873022,3.680367559969404e-09,1.1852816501241857e-07,-0.5157204720472047
0.1976797679767977,-0.0005261448460061047,0.0002659406219009952,0.00023801147894531027,0.047942199672883566,970.7824133016071,3.680732633191971e-09,1.1867087631255266e-07,-0.5156404640464046
0.1977197719771977,-0.0005260400763233974,0.0002659467653813863,0.00023789385827566178,0.04808770484723953,970.9862511444162,3.6808876260058683e-09,1.188146597784804e-07,-0.5155604560456046
0.19775977597759775,-0.0005259079909478714,0.00026578612260408363,0.00023777374053279843,0.04818147915244072,971.37564425365,3.680809742356396e-09,1.1894008696973729e-07,-0.5154804480448045
0.1977997799779978,-0.000525670934706568,0.00026573516677075304,0.00023760373491521491,0.04831502921804713,971.8080086637096,3.6801753429544347e-09,1.190769881621596e-07,-0.5154004400440044
0.19783978397839785,-0.0005256467448191415,0.00026578530619758567,0.0002375326255044108,0.04844241948677696,971.8506600060697,3.680918762678176e-09,1.192219540967882e-07,-0.5153204320432043
0.1978797879787979,-0.0005253982056672157,0.000265732946893138,0.00023734692243415623,0.04859754341749376,972.310469530756,3.680012078320213e-09,1.1935110001641395e-07,-0.5152404240424042
0.1979197919791979,-0.0005252821360386406,0.00026572271622171684,0.00023722383551882942,0.04874211884681912,972.546294307197,3.680015569285151e-09,1.194901664468501e-07,-0.5151604160416042
0.19795979597959795,-0.0005253094678892012,0.00026579407759186324,0.00023717336403406009,0.04887410017803473,972.5006860958706,3.681151897558114e-09,1.196491750574363e-07,-0.5150804080408041
0.197999799979998,-0.0005250055916832252,0.0002657031301396273,0.0002369677726261621,0.04901813049039245,973.0688649604141,3.6799670871330554e-09,1.1976992794215133e-07,-0.515000400040004
0.19803980398039805,-0.0005249947321743775,0.00026575010064533444,0.00023688659887932673,0.049174779383739105,973.1115350828126,3.6806001480088873e-09,1.199311626635263e-07,-0.5149203920392039
0.1980798079807981,-0.0005248354254661081,0.00026573651535954923,0.00023674949074248275,0.04931429105896138,973.4051770666989,3.680442986750898e-09,1.2006623021661557e-07,-0.5148403840384038
0.1981198119811981,-0.0005247733110707031,0.0002657621548110001,0.00023666154255730376,0.04944158553581764,973.5230844564693,3.68095358956402e-09,1.2020553627465117e-07,-0.5147603760376038
0.19815981598159815,-0.0005245732865972741,0.00026573868536416967,0.00023649898277211534,0.04959781126998077,973.8891033349794,3.680410530846917e-09,1.2034783037178352e-07,-0.5146803680368037
0.1981998199819982,-0.0005245544710987815,0.00026593416082931753,0.00023642039123972225,0.04978351013259597,973.7960982319427,3.6811717490144227e-09,1.205055298872848e-07,-0.5146003600360036
0.19823982398239826,-0.0005243587683310125,0.00026590390402247976,0.00023626997122283555,0.04991953698143223,974.1531418972796,3.6807857205287016e-09,1.2063453791756325e-07,-0.5145203520352035
0.1982798279827983,-0.0005242662242039842,0.0002657632535516541,0.00023616307140228443,0.05001757913151067,974.475989735634,3.6810012727779302e-09,1.2077215367757793e-07,-0.5144403440344034
0.1983198319831983,-0.0005241550074259749,0.00026592669104275046,0.00023603425248985843,0.05022592303216994,974.5487330801294,3.6810755847333926e-09,1.2092642104997325e-07,-0.5143603360336034
0.19835983598359835,-0.0005240024065216176,0.00026577041457898076,0.00023589351887753907,0.050340159947631705,974.9759361522144,3.6808759949713753e-09,1.2106903710869276e-07,-0.5142803280328033
0.1983998399839984,-0.0005238213612415166,0.0002657392060996244,0.00023574730297060142,0.05047906175505993,975.3168086927416,3.68060370801792e-09,1.2120074642532294e-07,-0.5142003200320032
0.19843984398439846,-0.0005236755595205977,0.0002657323897352626,0.00023561527716298158,0.05062321799590155,975.5876493586721,3.68051411343144e-09,1.2134091372206475e-07,-0.5141203120312031
0.1984798479847985,-0.0005236525047820351,0.00026592233689370914,0.00023553315824553778,0.05081659432407576,975.5069710477237,3.6812129282118634e-09,1.2149749532104279e-07,-0.514040304030403
0.1985198519851985,-0.0005235367850104922,0.00026593273292263575,0.00023540081912631905,0.05098857329924068,975.7331867650645,3.681246848819951e-09,1.216417243081404e-07,-0.513960296029603
0.19855985598559855,-0.0005233760940939192,0.00026594116782518995,0.00023527338780304774,0.05111978530173492,975.9995372504861,3.6811099115353197e-09,1.2178048325341942e-07,-0.5138802880288029
0.1985998599859986,-0.0005232634390210933,0.0002657785056214834,0.00023513704191779894,0.051249957641024725,976.3918349451995,3.68105520270957e-09,1.219283806781139e-07,-0.5138002800280028
0.19863986398639866,-0.0005231068328583888,0.0002659245154248424,0.00023500628873840412,0.05143228803846858,976.5266078583326,3.6810741347263925e-09,1.2206451171389268e-07,-0.5137202720272027
0.1986798679867987,-0.0005228857258146036,0.00026573351225067654,0.00023483697672110893,0.05154020110249155,977.0813695324673,3.6804339742377186e-09,1.2219320811722618e-07,-0.5136402640264026
0.1987198719871987,-0.0005227644281546873,0.00026574114157540407,0.00023471600078472932,0.051687000898797235,977.3054329736842,3.680559291277804e-09,1.2234162680344854e-07,-0.5135602560256026
0.19875987598759876,-0.0005226146014507549,0.00026573885246250484,0.00023457714753583048,0.05184511325418275,977.5834241183062,3.6804081416055697e-09,1.2247904515933134e-07,-0.5134802480248025
0.1987998799879988,-0.0005226483534670479,0.0002657967390717886,0.00023451672485474973,0.05200053262023272,977.5535929072204,3.6814776868991594e-09,1.2263961891037728e-07,-0.5134002400240024
0.19883988398839886,-0.0005223519944053123,0.0002657296435941703,0.00023431630983816731,0.052154396888207145,978.0927300519127,3.6804147625139295e-09,1.2276656436929637e-07,-0.5133202320232023
0.1988798879887989,-0.000522332305209261,0.0002659412001264627,0.00023423468285521665,0.05236419517358478,977.9872782918612,3.6812201437066005e-09,1.2292847257703026e-07,-0.5132402240224022
0.1989198919891989,-0.0005222307775909485,0.0002659597239329514,0.00023410998225870117,0.05253704938291464,978.1859794293676,3.6813842206152906e-09,1.2307858503795752e-07,-0.5131602160216022
0.19895989598959896,-0.0005220955034417329,0.00026594039704264105,0.00023397656559875912,0.052691056469008936,978.4616461993893,3.681301262024017e-09,1.2322006635227898e-07,-0.5130802080208021
0.198999899989999,-0.0005219474366668919,0.00026593579948297474,0.00023384537598847288,0.052837541295511395,978.7334798299672,3.6812939864305887e-09,1.233636507198463e-07,-0.513000200020002
0.19903990399039906,-0.0005219248201200344,0.0002659748012732166,0.00023374870507053558,0.0530180992659861,978.8103930647862,3.6818806061500493e-09,1.2352180720956842e-07,-0.5129201920192019
0.19907990799079905,-0.0005217020164707264,0.000265805877525338,0.00023358448425447875,0.053120489690522535,979.3433202520998,3.6813974124713505e-09,1.2365791299246255e-07,-0.5128401840184019
0.1991199119911991,-0.0005215909178417633,0.0002659362252614983,0.00023346704646165506,0.05331328576460425,979.4375033869067,3.6815905352849235e-09,1.238028578714513e-07,-0.5127601760176018
0.19915991599159916,-0.0005214939929629736,0.00026595689588049254,0.00023334816393516533,0.053480513482989475,979.6247334654004,3.6818385219480556e-09,1.2395393523628945e-07,-0.5126801680168017
0.1991999199919992,-0.0005213857400576671,0.0002659597341576614,0.00023322408755710455,0.05364388989702534,979.8450173874384,3.681986995541601e-09,1.241032694788253e-07,-0.5126001600160016
0.19923992399239926,-0.0005211113906824494,0.0002657412607405263,0.00023302912571043777,0.05375194373814864,980.5058021633691,3.680993702170257e-09,1.2422270498062423e-07,-0.5125201520152015
0.19927992799279926,-0.0005210920487570547,0.0002658012548408806,0.00023295523086286352,0.05389991627260882,980.537762432249,3.68186397943498e-09,1.2437916909526512e-07,-0.5124401440144015
0.1993199319931993,-0.0005208846974369408,0.0002657731416917386,0.00023278063586662512,0.054082389082208214,980.9321744547713,3.6813452517163154e-09,1.245262030010136e-07,-0.5123601360136014
0.19935993599359936,-0.000520780978419566,0.0002659323086504628,0.00023266686765843758,0.05428786587607185,980.9882950550192,3.681608659440594e-09,1.2467354770662339e-07,-0.5122801280128013
0.1993999399939994,-0.0005207061091283549,0.0002658040339227341,0.00023255910774455657,0.05439427145743763,981.2875810149731,3.6820378061649738e-09,1.2482255739342863e-07,-0.5122001200120012
0.19943994399439946,-0.0005205395083009989,0.0002659329967613644,0.00023240603954777228,0.05462296593674806,981.471251200643,3.681774142854845e-09,1.2496999960315584e-07,-0.5121201120112011
0.19947994799479946,-0.0005203845022947462,0.0002657996783170802,0.00023227048206431178,0.05472734679888446,981.8797405987167,3.68175331832199e-09,1.2510614604528485e-07,-0.5120401040104011
0.1995199519951995,-0.0005202816098091034,0.0002659459535152564,0.00023213284213019492,0.054976470991391996,981.9706212494,3.6818053301464294e-09,1.2526378344695208e-07,-0.511960096009601
0.19955995599559956,-0.0005201352341259735,0.00026579945035365427,0.00023198912520205894,0.05509635937399224,982.3917964083269,3.6817362246166855e-09,1.254163495481434e-07,-0.5118800880088009
0.1995999599959996,-0.0005199648686584624,0.0002657895550370881,0.00023184335550840984,0.05525766584557677,982.7065471607784,3.6815618332962808e-09,1.2555789067394138e-07,-0.5118000800080008
0.19963996399639966,-0.0005198855197932062,0.0002659537900413511,0.00023172995341003144,0.055485399511378784,982.7340861411557,3.6819345999675536e-09,1.2570716292532066e-07,-0.5117200720072007
0.19967996799679966,-0.0005196939916061183,0.0002659367492512388,0.00023157682219787645,0.05564551781247438,983.0835281999381,3.681634200578988e-09,1.258453668460946e-07,-0.5116400640064007
0.1997199719971997,-0.0005194804923718266,0.00026575490398528245,0.00023140273847266357,0.055764912289577605,983.6341621863727,3.681100298792523e-09,1.2598232125216242e-07,-0.5115600560056006
0.19975997599759976,-0.0005194687042120449,0.0002659577944399416,0.0002313194055028056,0.0559966226320154,983.5299025190441,3.6819209752257797e-09,1.2614934993980986e-07,-0.5114800480048005
0.1997999799979998,-0.0005192740077291091,0.0002659437864238612,0.00023115441665755299,0.056179347065437174,983.8915206098885,3.6815464371539956e-09,1.262830912792919e-07,-0.5114000400040004
0.19983998399839986,-0.0005191992774769005,0.00026596084213537097,0.0002310428640064366,0.05634964800129507,984.0553670084602,3.6819606739331713e-09,1.2644577484629475e-07,-0.5113200320032003
0.19987998799879986,-0.0005190170039952591,0.0002659425376023705,0.00023087798175103202,0.05653873557629503,984.409393249765,3.6816224370870016e-09,1.2658217198640502e-07,-0.5112400240024003
0.1999199919991999,-0.0005188398875333178,0.00026577667535576666,0.00023072639238641557,0.05664415786963452,984.888893751829,3.6813633290193906e-09,1.267291975257719e-07,-0.5111600160016002
0.19995999599959996,-0.0005186607050831071,0.00026574126595590997,0.00023056259723563954,0.056826048044835493,985.2560682979358,3.681055209058962e-09,1.2686552465675238e-07,-0.5110800080008001
0.2,-0.0005185260452549301,0.0002657588124037602,0.00023043461257232778,0.056990743026478136,985.4940496729929,3.6811813659298057e-09,1.2701954606427813e-07,-0.511
