slopeH,NADPH_flux,NAD_flux,Fd_flux,F_slip,F_yield,D_to_H1_flux,L1_to_D_flux,S_FAD_mid_pot
0.01299609960996101,-0.0011421313552801848,0.0005906222962863694,0.0005509817345241697,0.024544103358537055,437.8791019706492,4.135541013326106e-08,1.1977044328995265e-07,0.06599219921992203
0.013041704170417001,-0.0011408964196277793,0.0005901422307559301,0.0005503809337668031,0.02464441208896183,438.323580172277,4.126266649291291e-08,1.197084067719944e-07,0.06608340834083401
0.013087308730873048,-0.0011400352092181265,0.0005896511187231113,0.000549953442863238,0.024623930237634924,438.665798345457,4.118328454336364e-08,1.196819204102252e-07,0.0661746174617461
0.013132913291329096,-0.0011392812645709682,0.0005891360424996606,0.0005495753201094633,0.02455632196919618,438.9829835568395,4.1107925149922104e-08,1.196666047328693e-07,0.0662658265826582
0.013178517851785143,-0.0011381982642149069,0.0005885910490022184,0.0005490383045270164,0.024574722773283913,439.4005908897553,4.102049775836232e-08,1.1961962885037548e-07,0.0663570357035703
0.01322412241224119,-0.0011372507950540012,0.0005881731423684755,0.0005485701329621673,0.02462592774613622,439.7548845986441,4.093851304656039e-08,1.195825699850674e-07,0.06644824482448239
0.013269726972697238,-0.001136326947673183,0.0005876863568943236,0.0005481253669010755,0.02461986544203057,440.1139827234473,4.085826778017792e-08,1.195520680525447e-07,0.06653945394539448
0.013315331533153285,-0.0011353270000995508,0.0005871150470113662,0.0005476184307240395,0.024602144016036,440.5168980139852,4.0773488009221774e-08,1.195118064304106e-07,0.06663066306630658
0.013360936093609332,-0.0011344084935274168,0.0005866815309190088,0.0005471659235662951,0.024633604383103472,440.86735488388183,4.069310755722554e-08,1.1947836819372042e-07,0.06672187218721867
0.01340654065406538,-0.0011334914841398813,0.000586233190155383,0.000546711973393954,0.024656903637122304,441.2212452616163,4.061263536858912e-08,1.1944477333199178e-07,0.06681308130813077
0.013452145214521427,-0.0011324181080283324,0.0005857298185176774,0.0005461915320028599,0.02469052449635123,441.6298961821133,4.052727366669957e-08,1.1939941063106438e-07,0.06690429042904286
0.013497749774977474,-0.0011314929806616192,0.000585298276448043,0.0005457331096883067,0.024727242777489878,441.9841901704012,4.0446819228706536e-08,1.193644933269631e-07,0.06699549954995496
0.013543354335433522,-0.0011306207723862371,0.0005847683342565801,0.0005453051404600284,0.02468323247293873,442.3419935188197,4.0368559084601833e-08,1.1933840341802975e-07,0.06708670867086705
0.013588958895889569,-0.0011294600846412095,0.0005843624311765439,0.0005447386936254794,0.024807749821033953,442.75975157056473,4.0280293474512375e-08,1.192806376484315e-07,0.06717791779177915
0.013634563456345616,-0.0011286171071418494,0.0005837799567700586,0.000544319287725914,0.024725222755280506,443.12170613477656,4.020313797847073e-08,1.1925850420673205e-07,0.06726912691269124
0.013680168016801664,-0.0011277769036013296,0.0005833067253391278,0.0005439027013085518,0.024708558741267907,443.46166829737456,4.0126356545245854e-08,1.1923335898502536e-07,0.06736033603360334
0.013725772577257711,-0.0011266919220389582,0.000582933401091168,0.0005433711242712747,0.024830297274997644,443.8533408045969,4.0040936061945545e-08,1.1918095551801582e-07,0.06745154515451543
0.013771377137713758,-0.001125773665307861,0.000582387452375599,0.0005429122843458867,0.024796432409518284,444.2325155183737,3.996132323191899e-08,1.191497260007526e-07,0.06754275427542752
0.013816981698169806,-0.0011249233839549788,0.0005818427191499609,0.000542485966710915,0.024741776938641737,444.5922328669323,3.9884023617636876e-08,1.1912438002025698e-07,0.06763396339633962
0.013862586258625853,-0.0011239567840561904,0.0005814222709616956,0.0005420158707234446,0.02479360994408533,444.9596234939161,3.9803714214566805e-08,1.1908626275527025e-07,0.06772517251725171
0.0139081908190819,-0.0011229552445541913,0.0005809245753809478,0.0005415250104630065,0.024811312845946017,445.3539898293905,3.97220932189707e-08,1.1904672082713457e-07,0.06781638163816381
0.013953795379537948,-0.0011220112691319173,0.0005804381450644769,0.0005410596940389478,0.0248189454097768,445.73030540828137,3.9642146001829597e-08,1.1901098353160611e-07,0.0679075907590759
0.013999399939993995,-0.0011210740808280661,0.0005799671274289153,0.0005406023447538377,0.024831001002362584,446.1012539914608,3.9563240452806395e-08,1.1897718965318458e-07,0.067998799879988
0.014045004500450042,-0.001120020739449501,0.000579465860617745,0.0005400808217783659,0.02486690143652192,446.51480024473074,3.947962352861043e-08,1.1893102834484759e-07,0.06809000900090009
0.01409060906090609,-0.001119192585605333,0.0005790167072632357,0.0005396715692147502,0.0248603319575393,446.851312303134,3.940447121099876e-08,1.1890602553610492e-07,0.06818121812181219
0.014136213621362137,-0.0011182345478601974,0.0005785287435102759,0.0005392040019556177,0.02486871405372797,447.23373324144643,3.9325030306419105e-08,1.1887012525384623e-07,0.06827242724272428
0.014181818181818184,-0.0011173101585626455,0.000578064561338465,0.0005387388107940261,0.024889967747589718,447.60482681865034,3.924612966511136e-08,1.1883451361127803e-07,0.06836363636363638
0.014227422742274232,-0.0011163782790930554,0.0005776303630113944,0.0005382818187911198,0.024924861849405355,447.97037729526085,3.9167865346443355e-08,1.1879924444833522e-07,0.06845484548454847
0.014273027302730279,-0.0011155213654916452,0.0005770890497629466,0.000537847603941044,0.024877132286867977,448.3384091490892,3.9091398466525905e-08,1.1877216568963915e-07,0.06854605460546057
0.014318631863186326,-0.0011145788873392348,0.0005765944997619954,0.0005373836487103656,0.024878914196768038,448.72084668715695,3.9012800202910166e-08,1.1873719921864988e-07,0.06863726372637266
0.014364236423642374,-0.0011134608777041421,0.0005761346298669423,0.0005368476858746973,0.024951146477770542,449.14687378676746,3.892889564706973e-08,1.1868588628406273e-07,0.06872847284728476
0.014409840984098421,-0.0011125249413481697,0.0005756750038372616,0.0005363821245820688,0.024975827014758506,449.5226377979905,3.885063235790913e-08,1.1864985622849606e-07,0.06881968196819685
0.014455445544554468,-0.0011115283211751148,0.0005752308637880788,0.0005358983281740226,0.025022965267388782,449.9118708525315,3.8771017738282935e-08,1.1860911700812215e-07,0.06891089108910894
0.01450105010501046,-0.0011109037091188156,0.000574711424441432,0.0005355706725387321,0.0249168140860583,450.20997219331156,3.8703041937708025e-08,1.1860304621879735e-07,0.06900210021002093
0.014546654665466507,-0.001109894623340324,0.0005742149143657116,0.0005350777692960662,0.024936974280179974,450.61541080590405,3.8622893547385894e-08,1.1856180029285184e-07,0.06909330933093302
0.014592259225922555,-0.0011088551458016127,0.0005737418640237024,0.0005345675029515551,0.024983555959662628,451.02652249632024,3.854165608483875e-08,1.1851627823621438e-07,0.06918451845184512
0.014637863786378602,-0.0011081013478531077,0.0005732777998019856,0.0005341877455891098,0.024947626360702843,451.3517524788987,3.847023992034232e-08,1.1849761735269345e-07,0.06927572757275721
0.01468346834683465,-0.0011070848092771257,0.0005728458443172713,0.0005336901938062244,0.0250115843383034,451.7485463575506,3.839019731829027e-08,1.1845323909524981e-07,0.0693669366936693
0.014729072907290697,-0.0011062749477019906,0.0005723706671076911,0.0005332864484441924,0.02498489989326833,452.09345106600824,3.83172433128142e-08,1.1842986380103653e-07,0.0694581458145814
0.014774677467746744,-0.0011051578280074636,0.0005719093952691878,0.0005327403629586946,0.025063405040654067,452.52808716419133,3.823393138110836e-08,1.1837645485078692e-07,0.0695493549354935
0.014820282028202791,-0.0011043539583113215,0.0005713734466681331,0.0005323394086047539,0.024996474483038093,452.88484653087386,3.8161437955332056e-08,1.1835564793318313e-07,0.06964056405640559
0.014865886588658839,-0.0011033403155948918,0.0005709863744698396,0.0005318458279406357,0.025086437512321643,453.2737090316557,3.808227722889407e-08,1.1831059076102424e-07,0.06973177317731769
0.014911491149114886,-0.0011025106261968176,0.0005704529882990528,0.0005314351789356131,0.0250276664636372,453.6384264860476,3.800923726578923e-08,1.1828739957244427e-07,0.06982298229822978
0.014957095709570933,-0.0011017055719122482,0.0005699148942426291,0.0005310333786359145,0.024960024222994048,453.9978001377607,3.7937055135568515e-08,1.1826643852617751e-07,0.06991419141914187
0.01500270027002698,-0.0011008027443466517,0.0005694752492004795,0.0005305891642419791,0.02498319560246938,454.36636030525074,3.7861779304710684e-08,1.182329713942526e-07,0.07000540054005397
0.015048304830483028,-0.0010998069927694587,0.0005690386501129296,0.0005301005083493404,0.025038460037746624,454.7632962452741,3.778347069469696e-08,1.1819039274702024e-07,0.07009660966096606
0.015093909390939075,-0.0010988151295094895,0.000568578509714257,0.0005296086612407436,0.025081035668344537,455.1656590384908,3.770500824503153e-08,1.1814773891890532e-07,0.07018781878187816
0.015139513951395123,-0.0010979642081423435,0.0005680707782715899,0.0005291887345062474,0.025044779937625872,455.5344361807579,3.763187342228052e-08,1.1812149596252962e-07,0.07027902790279025
0.01518511851185117,-0.001096918734148744,0.0005675989152180705,0.0005286780638866784,0.02509296085269368,455.955660480729,3.755241448755904e-08,1.1807556481426766e-07,0.07037023702370235
0.015230723072307217,-0.001095990159129201,0.0005672106114786857,0.0005282207222394586,0.025157932720671464,456.324811663997,3.7476997417654874e-08,1.1803794064209794e-07,0.07046144614461444
0.015276327632763265,-0.0010950544178029986,0.000566730020381101,0.0005277584888161435,0.025167643728737157,456.7163254342028,3.740116251732405e-08,1.1800185008471612e-07,0.07055265526552654
0.015321932193219312,-0.001094130324958087,0.0005663011284582353,0.0005273090710469219,0.025201751981328336,457.0925979649013,3.732641757352583e-08,1.179667398422304e-07,0.07064386438643863
0.01536753675367536,-0.0010932372284599978,0.0005657579409614755,0.0005268620375571409,0.025161071439102397,457.4864253746213,3.72518408698444e-08,1.1793558230284548e-07,0.07073507350735073
0.015413141314131407,-0.0010922461514297765,0.0005654089174882415,0.0005263786602993648,0.025269454441238594,457.8683866564349,3.7175048301010425e-08,1.1789105969979325e-07,0.07082628262826282
0.015458745874587454,-0.0010913485399726142,0.0005649137860217479,0.0005259376286970152,0.025255494281243702,458.2531485486294,3.710133980961107e-08,1.1785997954777785e-07,0.07091749174917492
0.015504350435043501,-0.0010906423958658706,0.0005643737797953463,0.000525577083161366,0.025157434758411614,458.5907967724126,3.703337824792094e-08,1.1784663140877749e-07,0.07100870087008701
0.015549954995499549,-0.001089650590742508,0.0005639273932018796,0.000525086514126416,0.025208391436410068,458.9967849044655,3.695632968900216e-08,1.1780347251730489e-07,0.0710999099909991
0.015595559555955596,-0.0010887962516363814,0.00056346429119003,0.000524662320709135,0.02520326642077989,459.3640026251997,3.688429110315939e-08,1.1777496643504458e-07,0.0711911191119112
0.015641164116411643,-0.0010876279283706936,0.0005629883085802589,0.0005241021279351887,0.02528374625511667,459.82965709325566,3.680243902345236e-08,1.1771803874169101e-07,0.0712823282328233
0.01568676867686769,-0.0010869911169066881,0.0005625275562479715,0.0005237738961696436,0.025213927097234603,460.1313298148851,3.673731687182403e-08,1.1770877316209512e-07,0.07137353735373539
0.015732373237323738,-0.0010861373197883495,0.0005620649797961619,0.0005233505826733875,0.02520857093360018,460.4999529001742,3.6665473314949633e-08,1.1767966580220795e-07,0.07146474647464748
0.015777977797779785,-0.001085181057149498,0.000561647862618031,0.0005228824413570088,0.025263207527095006,460.89079769657053,3.65908271845339e-08,1.1764046210248672e-07,0.07155595559555958
0.015823582358235833,-0.001084286054648942,0.0005612060030344423,0.0005224451798300223,0.025280890650468967,461.26796601685106,3.6518242932971164e-08,1.1760770160198402e-07,0.07164716471647167
0.01586918691869188,-0.0010832660951081152,0.0005607083111414113,0.0005219387957506871,0.02531019958026507,461.69901872175825,3.644095548989503e-08,1.1756270840274064e-07,0.07173837383738377
0.015914791479147927,-0.0010823977876412982,0.0005601987520478247,0.0005215144075672029,0.025275592840505456,462.08351806907433,3.636943978728083e-08,1.1753459175064054e-07,0.07182958295829586
0.015960396039603975,-0.0010815853675012477,0.0005597745789955866,0.0005211057434866273,0.02528468042129169,462.43508261518264,3.629955263046277e-08,1.1750795912227334e-07,0.07192079207920796
0.016006000600059966,-0.0010804790166645262,0.0005593410813204969,0.0005205656284061888,0.025378902847649414,462.880303171803,3.622001898095503e-08,1.1745292206608916e-07,0.07201200120011994
0.016051605160516014,-0.0010797217165787742,0.0005588040608728306,0.0005201878450216135,0.02529416951550275,463.23884260956726,3.615237024277601e-08,1.1743594177990703e-07,0.07210321032103204
0.01609720972097206,-0.0010788778310057978,0.0005583808682771974,0.0005197724535712656,0.02530877685507543,463.6001657541034,3.6082107785405824e-08,1.1740701907379868e-07,0.07219441944194413
0.01614281428142811,-0.0010778913271991541,0.0005578820107317028,0.0005192856621458741,0.025324015250063857,464.0244188044944,3.600702792611758e-08,1.1736607973816403e-07,0.07228562856285622
0.016188418841884156,-0.0010770709851044558,0.0005574011229754205,0.0005188789373267166,0.025295491036492816,464.3924650061789,3.5937551674589235e-08,1.1734067134437772e-07,0.07237683768376832
0.016234023402340203,-0.0010760462189836062,0.0005570699383738997,0.0005183807426032416,0.025427005878117418,464.792675284935,3.5861821359363065e-08,1.1729126314592503e-07,0.07246804680468041
0.01627962796279625,-0.0010751006600884239,0.000556590885935293,0.0005179152611269888,0.025440434015939112,465.20135527738466,3.578855516735634e-08,1.1725378421575516e-07,0.07255925592559251
0.016325232523252298,-0.001074419040477892,0.0005561020212567769,0.0005175723419692524,0.025362251197924592,465.52910514771696,3.572387328870052e-08,1.1724172217526113e-07,0.0726504650465046
0.016370837083708345,-0.001073449522067449,0.0005556119889718047,0.0005170967462921894,0.02537560051024719,465.9488630831032,3.5650195006362115e-08,1.1720261434202415e-07,0.0727416741674167
0.016416441644164392,-0.0010724807696504968,0.0005551718992151677,0.0005166195699417564,0.025422339704618192,466.3586935939485,3.5576424291286984e-08,1.1716110358308261e-07,0.07283288328832879
0.01646204620462044,-0.0010715930678060204,0.000554778463083494,0.0005161802989972486,0.02547301727346213,466.7331665217413,3.550543432483811e-08,1.1712587296531596e-07,0.07292409240924089
0.016507650765076487,-0.0010706143972214477,0.0005543242168144502,0.0005156994559960548,0.025513410204433998,467.1504323872336,3.543157106020003e-08,1.1708375258320976e-07,0.07301530153015298
0.016553255325532534,-0.0010699468710697602,0.0005538003409242265,0.0005153543345897127,0.025413600566548417,467.4859880294475,3.5367457705667e-08,1.1707276840219709e-07,0.07310651065106508
0.01659885988598858,-0.00106903311356632,0.0005533525373735415,0.0005149147677483423,0.02542952224840709,467.8799439031426,3.529682565691288e-08,1.1703930354064573e-07,0.07319771977197717
0.01664446444644463,-0.0010679789426717434,0.0005529295731179218,0.0005143958339881571,0.025516782836604884,468.3173150956442,3.522067484102482e-08,1.169880464538817e-07,0.07328892889288927
0.016690069006900676,-0.0010672618891334196,0.000552420733463066,0.000514032368246875,0.025439582838000723,468.6661547073564,3.515549813111362e-08,1.16972264240211e-07,0.07338013801380136
0.016735673567356724,-0.001066426410972099,0.0005520043445486067,0.0005136219955124144,0.025455403835824175,469.03154695184446,3.5087261218630416e-08,1.1694374522753874e-07,0.07347134713471346
0.01678127812781277,-0.0010653239697688832,0.0005515996742957441,0.0005130923934939524,0.025562576331194197,469.48003318613416,3.501081423352518e-08,1.1688971632755956e-07,0.07356255625562555
0.01682688268826882,-0.001064517141614374,0.0005511412465466492,0.0005126934154775498,0.025543040889450194,469.8471363100907,3.494342745347342e-08,1.1686443380782945e-07,0.07365376537653764
0.016872487248724866,-0.0010636634327738648,0.0005506389414620116,0.0005122611160761625,0.025518023543307473,470.2422497873628,3.4874016892471444e-08,1.1683415588123339e-07,0.07374497449744974
0.016918091809180913,-0.001062762615404722,0.0005502202804166245,0.0005118215552890604,0.025553008342899686,470.63154422394376,3.480417316619946e-08,1.1679931048914514e-07,0.07383618361836183
0.01696369636963696,-0.0010618936393740341,0.0005497736596495884,0.000511386260238389,0.025566541886618648,471.01967618170085,3.4734694872119365e-08,1.1676614782813268e-07,0.07392739273927393
0.017009300930093008,-0.00106110922455116,0.0005492204443413584,0.0005109956928424086,0.025479334902890265,471.40340564360645,3.466842669325795e-08,1.167460059768382e-07,0.07401860186018602
0.017054905490549055,-0.0010601066263831171,0.0005488831987960907,0.0005105079158960191,0.02560132949688335,471.80989185329224,3.459557150923966e-08,1.1669803382484412e-07,0.07410981098109812
0.017100510051005102,-0.0010592382288336921,0.0005483715353662433,0.000510080982472072,0.025566684109215202,472.2124803026691,3.452714551924052e-08,1.1666913323101196e-07,0.07420102010201021
0.01714611461146115,-0.001058347394177872,0.0005479996279689203,0.0005096419048571388,0.025632035659859005,472.5922651286833,3.445774560476883e-08,1.1663206273969558e-07,0.0742922292229223
0.017191719171917197,-0.0010573859746330072,0.000547482086069806,0.0005091729527855193,0.025623167752230374,473.0277197176615,3.4386622896536644e-08,1.1659435334557592e-07,0.0743834383438344
0.017237323732373244,-0.0010564635321657079,0.000547165255703419,0.0005087271959953732,0.02573000529926083,473.40505465869734,3.431710079786123e-08,1.165543180794309e-07,0.0744746474647465
0.01728292829282929,-0.0010556004609867387,0.0005466456940013131,0.0005082906748765659,0.025696425952772026,473.81310093704735,3.4248440333123696e-08,1.1652339877845719e-07,0.07456585658565859
0.01732853285328534,-0.0010547552642776736,0.0005461903932157952,0.0005078741677271292,0.02569132905705359,474.19888035972565,3.4181201267567975e-08,1.1649424613889917e-07,0.07465706570657069
0.017374137413741386,-0.001053878333621583,0.0005457730351636769,0.000507440333783471,0.025723454263115363,474.5877926342322,3.411286516602728e-08,1.1646001815923636e-07,0.07474827482748278
0.017419741974197434,-0.0010529415503839346,0.0005453252192495484,0.0005069774489614431,0.025756160287885323,475.0042732179624,3.4042589812039886e-08,1.1642047966509421e-07,0.07483948394839487
0.017465346534653425,-0.0010522221979556434,0.0005448521766382441,0.0005066225021332915,0.025695741227543627,475.35365530215904,3.3979927921269115e-08,1.1640488313053232e-07,0.07493069306930686
0.017510951095109473,-0.0010513200932109612,0.0005443606963950742,0.000506172369773461,0.02569051889077077,475.7706291410088,3.391089168045312e-08,1.1636989160983789e-07,0.07502190219021895
0.01755655565556552,-0.0010506243077941235,0.0005439250955845409,0.0005058202359009556,0.025652720993149775,476.10667251073846,3.384855762143954e-08,1.1635330082656594e-07,0.07511311131113105
0.017602160216021567,-0.0010496941883815225,0.0005434575752545356,0.0005053636111043147,0.025668021373152116,476.5273640769582,3.377918295860176e-08,1.1631567831897182e-07,0.07520432043204314
0.017647764776477615,-0.001048602072586391,0.0005430752058472876,0.0005048362202841883,0.025790008015797092,476.9823808010561,3.3705199234449115e-08,1.1626039088697706e-07,0.07529552955295524
0.017693369336933662,-0.0010477464826976757,0.0005426501837675346,0.0005044213177589629,0.025804050930059386,477.3684432398814,3.3638812062063e-08,1.1622974457182024e-07,0.07538673867386733
0.01773897389738971,-0.0010469350594490834,0.0005421477003366704,0.0005040138330225652,0.025761161416425316,477.76103761092776,3.357336181491513e-08,1.1620429757661479e-07,0.07547794779477943
0.017784578457845757,-0.0010460349432008798,0.0005417832303891146,0.0005035714816288284,0.0258347656181253,478.15097368613965,3.350536633705851e-08,1.1616577505268533e-07,0.07556915691569152
0.017830183018301804,-0.0010453130958296697,0.0005413093373221045,0.0005032136374871765,0.025775550893793152,478.5064312217838,3.34433978989388e-08,1.1614945020902746e-07,0.07566036603660362
0.01787578757875785,-0.001044323845221129,0.0005408039339940274,0.0005027230078571421,0.025790061772084334,478.9614306692176,3.337235864363854e-08,1.1610552597216689e-07,0.07575157515751571
0.0179213921392139,-0.0010435479137100856,0.0005403922247708692,0.0005023305042761717,0.025796635391989557,479.3241967295492,3.3308243551576286e-08,1.1607959710100194e-07,0.0758427842784278
0.017966996699669946,-0.0010425648396505949,0.0005400132125146229,0.0005018593414121142,0.02588165326377626,479.7457592543905,3.323869229252716e-08,1.1603513117128435e-07,0.0759339933993399
0.018012601260125993,-0.0010419193089603596,0.0005394701712404526,0.0005015255826770204,0.025759021815312456,480.0963888649223,3.317874974891248e-08,1.1602610419046136e-07,0.076025202520252
0.01805820582058204,-0.0010409950855034822,0.0005391586699943218,0.0005010789207984256,0.025871184398152915,480.48447988987186,3.3111309756743404e-08,1.1598513301373336e-07,0.07611641164116409
0.018103810381038088,-0.001040051629004779,0.0005387458862031735,0.0005006184397440272,0.02592617061835764,480.9042643048746,3.3042894733807895e-08,1.1594420903308488e-07,0.07620762076207618
0.018149414941494135,-0.0010392120666722349,0.0005381928308736406,0.0005001939724453841,0.025861503518529685,481.32486710690546,3.2977085130502434e-08,1.1591596468671578e-07,0.07629882988298828
0.018195019501950183,-0.0010383822395425568,0.0005377768727683474,0.0004997922128004983,0.02587232659626611,481.7068627301927,3.291299723994755e-08,1.1588801887454751e-07,0.07639003900390037
0.01824062406240623,-0.0010375731506968577,0.0005372719542577897,0.0004993876584191703,0.025825677690585264,482.105970775171,3.284856161055402e-08,1.1586167533754943e-07,0.07648124812481247
0.018286228622862277,-0.0010365975594055499,0.000536925079337891,0.0004989139498703388,0.025934151888111167,482.5238106169918,3.277989067421743e-08,1.1581606249459254e-07,0.07657245724572456
0.018331833183318325,-0.0010357383943073728,0.0005364557650295865,0.0004984876628730817,0.025926804329156027,482.9327177522131,3.2714288070036704e-08,1.1578402304702725e-07,0.07666366636663666
0.018377437743774372,-0.0010349622579468587,0.0005360314533575661,0.0004980945007904136,0.025925577010499558,483.3046721519692,3.265114643400185e-08,1.1575783055120959e-07,0.07675487548754875
0.01842304230423042,-0.0010340047998766977,0.0005356056815983834,0.0004976333741610883,0.025972737327458476,483.73586757729754,3.258348842278795e-08,1.1571697008095597e-07,0.07684608460846085
0.018468646864686467,-0.0010332617830925983,0.0005350828519326001,0.0004972581378137608,0.02589279521863396,484.12018668313584,3.252165924558892e-08,1.1569764132071106e-07,0.07693729372937294
0.018514251425142514,-0.0010323708448964908,0.0005347303001244086,0.0004968176829771576,0.025973788744562108,484.5151788115484,3.245570474480767e-08,1.1565886928844118e-07,0.07702850285028504
0.01855985598559856,-0.0010315747360181149,0.0005342748544379106,0.0004964238196731863,0.02595244946270299,484.901757006771,3.239287744772859e-08,1.1563327090063826e-07,0.07711971197119713
0.01860546054605461,-0.001030559110049012,0.0005338418830476144,0.0004959269585158577,0.0260205581471259,485.35962404303905,3.2323316142027466e-08,1.1558497315064292e-07,0.07721092109210922
0.018651065106510656,-0.001029943332795824,0.0005333222470440546,0.0004956188595774957,0.025894374445106963,485.6999163503228,3.2266387499737825e-08,1.1557974297286117e-07,0.07730213021302132
0.018696669666966703,-0.001028839373063306,0.0005330062225041843,0.0004950854195036047,0.02606749888504353,486.1611753982115,3.2194710422317245e-08,1.1551977017616711e-07,0.07739333933393341
0.01874227422742275,-0.0010281454882772323,0.0005325498650350369,0.0004947373441634983,0.026012249311981595,486.51556493583,3.213525869160019e-08,1.1550352728735146e-07,0.07748454845484551
0.018787878787878798,-0.0010271658978808773,0.0005321021548994054,0.0004942552103519571,0.026059994178035707,486.9679433164539,3.2067117986467805e-08,1.154586690634452e-07,0.0775757575757576
0.018833483348334845,-0.0010264715800616386,0.0005315985244891408,0.0004939102317540467,0.025970852888130017,487.33410467313945,3.2008239030924536e-08,1.1544521030644136e-07,0.0776669666966697
0.018879087908790892,-0.0010256246546731518,0.0005311935913283605,0.0004934825451277103,0.026007730895508077,487.7333142173937,3.194383057003651e-08,1.1541012393236831e-07,0.07775817581758179
0.018924692469246884,-0.00102475152945658,0.0005308611011116682,0.0004930576787738339,0.026091730893053236,488.1214880890932,3.187986643657521e-08,1.1537352750259715e-07,0.07784938493849378
0.01897029702970293,-0.001023974305695674,0.000530382488001635,0.0004926756702865465,0.02604617619084593,488.5120375931111,3.181867735594034e-08,1.1535064956184437e-07,0.07794059405940587
0.01901590159015898,-0.0010231899571948588,0.0005298719169957167,0.0004922768943935729,0.025991153796611575,488.9165625566435,3.175660848995279e-08,1.1532567106522411e-07,0.07803180318031797
0.019061506150615026,-0.0010221529598055668,0.0005295488656571479,0.0004917825033967649,0.026132262333529523,489.3602490008452,3.1688299123841635e-08,1.1527349329316559e-07,0.07812301230123006
0.019107110711071074,-0.0010213217967560695,0.0005290572009002403,0.0004913717067205337,0.026098676322167128,489.7757585469804,3.1625658404348315e-08,1.1524522994951444e-07,0.07821422142214216
0.01915271527152712,-0.0010204185434616875,0.0005287301606031747,0.0004909307484914915,0.026198650750120865,490.1769873457302,3.1561101500291596e-08,1.1520456730568945e-07,0.07830543054305425
0.01919831983198317,-0.0010196327624214518,0.0005283310571968514,0.0004905489778823657,0.026206755028015553,490.55370230005724,3.150048107144803e-08,1.1517886183264742e-07,0.07839663966396634
0.019243924392439216,-0.001018855582174183,0.000527808493487214,0.0004901478795167336,0.02614469188093219,490.9633397711201,3.1438790360229004e-08,1.151536579159756e-07,0.07848784878487844
0.019289528952895263,-0.0010179508863501496,0.0005274244785056226,0.0004897102284056043,0.026203863519127058,491.3798236846763,3.137482017245349e-08,1.151157399269687e-07,0.07857905790579053
0.01933513351335131,-0.0010172024650643152,0.0005270336828075983,0.0004893422257528091,0.02620745970751946,491.74401782094304,3.131537061030699e-08,1.1509247570563592e-07,0.07867026702670263
0.019380738073807358,-0.0010163271693528486,0.0005265142180377325,0.0004888953617623315,0.026180998690993024,492.1897487048594,3.12510338716697e-08,1.1505734915967687e-07,0.07876147614761472
0.019426342634263405,-0.0010154495828231802,0.0005261180887643491,0.0004884740589166103,0.026220162277017022,492.6007110955598,3.1188238374932825e-08,1.1502255392148008e-07,0.07885268526852682
0.019471947194719452,-0.0010146806409068176,0.0005256769440578068,0.00048809443075170655,0.026198022809543347,492.98676638740125,3.112850675594047e-08,1.1499903591498167e-07,0.07894389438943891
0.0195175517551755,-0.0010138604966698495,0.000525267700787424,0.00048768063418602736,0.026222438867668084,493.38644295782825,3.106650152771245e-08,1.14966532048955e-07,0.079035103510351
0.019563156315631547,-0.0010130904577465571,0.0005247964063670452,0.00048730131276908395,0.026179622949601834,493.7812749525682,3.1006921311798227e-08,1.1494384384694344e-07,0.0791263126312631
0.019608760876087594,-0.0010122687909159822,0.0005243704093018664,0.0004868916156477443,0.026189752333133857,494.18570360255984,3.0945398243875626e-08,1.1491277192928091e-07,0.0792175217521752
0.01965436543654364,-0.001011283846409583,0.0005239800146341622,0.0004864197693896788,0.026270032938582825,494.6372345042,3.0879872261386355e-08,1.1486681983187484e-07,0.07930873087308729
0.01969996999699969,-0.0010105359714316364,0.0005235856530987348,0.0004860420448238312,0.026278240840735066,495.0093970948779,3.0820757277543574e-08,1.1484183373521419e-07,0.07939993999399939
0.019745574557455736,-0.0010097173615690735,0.0005231885154017846,0.0004856378467597011,0.026304198646470576,495.4066579008039,3.075986078511099e-08,1.1481068030799128e-07,0.07949114911491148
0.019791179117911784,-0.0010087846989108584,0.0005227338819651095,0.0004851840727262413,0.026327517900958233,495.85892011091096,3.0695937486581454e-08,1.1477111060896562e-07,0.07958235823582357
0.01983678367836783,-0.0010080137783603504,0.0005222500544519448,0.0004847981746596286,0.026280670205246576,496.26264417271693,3.063660901467366e-08,1.1474746807244225e-07,0.07967356735673567
0.019882388238823878,-0.0010071054506539667,0.0005218620152191988,0.0004843525271234217,0.026343511166466365,496.6920328008162,3.0573313219983267e-08,1.1470684366869893e-07,0.07976477647764776
0.019927992799279926,-0.0010064140975032387,0.0005214605269898698,0.0004840054698951324,0.02632436151161338,497.0475143072944,3.051656944149331e-08,1.1468817265515184e-07,0.07985598559855986
0.019973597359735973,-0.0010055269262920774,0.0005210284601631088,0.0004835719346505396,0.026348240206917662,497.4809254619367,3.0454293047981836e-08,1.1465173862433781e-07,0.07994719471947195
0.02001920192019202,-0.0010047180266781197,0.0005206029144630975,0.00048316810728321613,0.026354533272854874,497.8867078137437,3.0394157599633544e-08,1.1462185167191428e-07,0.08003840384038405
0.020064806480648067,-0.001003891933351042,0.0005202084705402399,0.00048276289816540086,0.026383336104578853,498.2900424633683,3.03338774023396e-08,1.1459000288102997e-07,0.08012961296129614
0.020110411041104115,-0.001003137482214811,0.000519702946441214,0.00048238180881288173,0.026317953904487507,498.6978407252509,3.027529383530734e-08,1.145674067023583e-07,0.08022082208220824
0.020156015601560162,-0.0010022543740859646,0.0005193325597190324,0.00048195801266914806,0.026377117591524037,499.11533143282276,3.021409735265431e-08,1.1453088160875329e-07,0.08031203120312033
0.02020162016201621,-0.0010014237944062643,0.0005188664636861517,0.00048154399135436066,0.026363163107755865,499.54185781183344,3.0153695295707995e-08,1.1450001327238321e-07,0.08040324032403243
0.020247224722472257,-0.001000657620977563,0.0005184730034173413,0.0004811677560736527,0.026371248871996714,499.92541601006366,3.0095690953862087e-08,1.1447429073573371e-07,0.08049444944494452
0.020292829282928304,-0.000999885091687247,0.0005180744588741959,0.00048077844323879404,0.026385395305558248,500.31570075809776,3.003699697074955e-08,1.1444606303685529e-07,0.08058565856585662
0.02033843384338435,-0.0009989783050485812,0.0005175928305050093,0.0004803415226715124,0.02637794422421685,500.77302874569415,2.997532186172652e-08,1.1441031785196709e-07,0.08067686768676871
0.020384038403840343,-0.0009982453144061765,0.0005171977549096596,0.0004799793855734258,0.026374476835962522,501.14701152618636,2.9918539208345164e-08,1.143876920707272e-07,0.0807680768076807
0.02042964296429639,-0.0009974416294795674,0.0005168153198766845,0.00047957384038999074,0.02641178763702413,501.5470746779225,2.985919538985391e-08,1.1435556776574784e-07,0.08085928592859279
0.020475247524752438,-0.0009965829210756283,0.0005164447642798109,0.0004791548496527742,0.026467558959359254,501.9620353191567,2.9798925599840656e-08,1.1431949297705662e-07,0.08095049504950488
0.020520852085208485,-0.000995671078783289,0.0005159975942703454,0.000478709122785137,0.02649042232687242,502.4171803416782,2.9737135856725238e-08,1.1428057477603799e-07,0.08104170417041698
0.020566456645664533,-0.0009949111371980734,0.0005155243383256902,0.0004783309717875106,0.026444850585926334,502.82425136041314,2.967973873772693e-08,1.14257173213395e-07,0.08113291329132907
0.02061206120612058,-0.0009942279588130987,0.0005151550925432957,0.00047799255878722136,0.026441602403715913,503.17614591623976,2.9624989504297128e-08,1.1423875164202489e-07,0.08122412241224117
0.020657665766576627,-0.0009933473134253745,0.0005147299913872416,0.00047756054662717595,0.026469480137819214,503.61650754939876,2.9564180682437138e-08,1.1420124723874182e-07,0.08131533153315326
0.020703270327032675,-0.000992568181956699,0.0005143215748546481,0.0004771734285944351,0.026475425682475115,504.01620641707495,2.9506532649928014e-08,1.1417357896999691e-07,0.08140654065406536
0.020748874887488722,-0.0009918174493463994,0.0005139371353450883,0.00047680184317688834,0.026486414509265237,504.39926245892,2.9450053495763596e-08,1.1414871478466061e-07,0.08149774977497745
0.02079447944794477,-0.0009909622871759893,0.0005134669015092186,0.0004763808925187796,0.026474879438401294,504.84395727235704,2.939032852762897e-08,1.1411537876527731e-07,0.08158895889588955
0.020840084008400817,-0.0009902059250492812,0.0005130922328007159,0.0004760071192480009,0.02649429366306837,505.22777439676815,2.933374116251056e-08,1.140890479185675e-07,0.08168016801680164
0.020885688568856864,-0.0009893343104039332,0.0005126820982113145,0.000475574256405098,0.026533270985089553,505.66581734431475,2.9273443876874225e-08,1.1405084385251747e-07,0.08177137713771374
0.02093129312931291,-0.0009884992638973245,0.0005122940741912885,0.0004751701266876296,0.02656632852974027,506.08223169411673,2.92152527322093e-08,1.1401872462675424e-07,0.08186258625862583
0.02097689768976896,-0.0009875828549752441,0.000511844841675213,0.0004747176908623807,0.026592980891880152,506.548305066765,2.9153987188207697e-08,1.1397777941178936e-07,0.08195379537953792
0.021022502250225006,-0.0009869750359143836,0.0005114146059739255,0.00047440492520101074,0.026528075445456482,506.8951510118003,2.910167004342389e-08,1.1396672204222404e-07,0.08204500450045002
0.021068106810681053,-0.0009861743155141767,0.0005110040659843662,0.0004740064786454834,0.026541133484910644,507.3090912066635,2.904396870244358e-08,1.1393597380067889e-07,0.08213621362136211
0.0211137113711371,-0.0009854369539255003,0.0005105115633341484,0.0004736402713394483,0.026473304032638752,507.7201930618557,2.8988446832564044e-08,1.1391536025224017e-07,0.08222742274227421
0.021159315931593148,-0.0009845349276815796,0.0005100860881697145,0.0004731993290465475,0.026507782568125946,508.1764717967252,2.892830981800808e-08,1.1387595166386841e-07,0.0823186318631863
0.021204920492049195,-0.000983682915943973,0.0005097176343511478,0.000472783451215264,0.026563212265865353,508.59939824137473,2.8869780347710667e-08,1.1383969419635396e-07,0.0824098409840984
0.021250525052505242,-0.0009829663794107546,0.000509383214946979,0.00047243231218296877,0.026593893840271082,508.9623416578852,2.881546822465388e-08,1.1381652986926227e-07,0.08250105010501049
0.02129612961296129,-0.0009820547923595768,0.0005089983974926326,0.00047198356709765577,0.026662900130960322,509.41481175002747,2.8755213966581857e-08,1.1377406999429083e-07,0.08259225922592259
0.021341734173417337,-0.0009813798506996818,0.0005085460614608905,0.000471645180105007,0.02660172419388763,509.79544098247186,2.8701850340370482e-08,1.1375773321522045e-07,0.08268346834683468
0.021387338733873384,-0.0009804375250013209,0.0005081814531280315,0.000471187271165574,0.026691911805208562,510.25452151699534,2.864122288097793e-08,1.1371245248846117e-07,0.08277467746774678
0.021432943294329432,-0.000979691090563506,0.0005077824898407357,0.0004708188509414679,0.026690654171285126,510.648963348551,2.8586081609178404e-08,1.1368725580143918e-07,0.08286588658865887
0.02147854785478548,-0.0009789454490203298,0.0005073728372479991,0.0004704504831707368,0.02668187641246428,511.04658640206304,2.8531152701944066e-08,1.1366282297154795e-07,0.08295709570957097
0.021524152415241526,-0.0009781156588246631,0.0005068843423288172,0.0004700285692167405,0.026658238471514085,511.50147632401683,2.8472959337502756e-08,1.1362937734095131e-07,0.08304830483048306
0.021569756975697574,-0.000977384946210691,0.0005065174362997027,0.0004696754718078733,0.026667932252773845,511.88131447618525,2.841924036930745e-08,1.1360694626352938e-07,0.08313951395139516
0.02161536153615362,-0.0009764581131861405,0.0005060642689471706,0.0004692188079511439,0.02669538028984864,512.3630146662675,2.8359069206696446e-08,1.135644776739577e-07,0.08323072307230725
0.02166096609660967,-0.0009757446687075344,0.0005057249604902836,0.00046886622476072226,0.026724021395253695,512.7322035178346,2.8305436986146837e-08,1.1354064152481165e-07,0.08332193219321934
0.021706570657065716,-0.0009747965178803497,0.0005053285793579221,0.0004684086259556519,0.02679235369142821,513.206411619532,2.8245428667233885e-08,1.1349593154793419e-07,0.08341314131413144
0.021752175217521763,-0.0009742417218205901,0.0005049701284320918,0.00046812227944714735,0.026757255837556844,513.5225561697234,2.819610108228436e-08,1.1348729608948345e-07,0.08350435043504353
0.02179777977797781,-0.0009733946907886093,0.000504524539557849,0.00046770646712568364,0.026759247101304437,513.9734745995861,2.8138847398853576e-08,1.1345336282058251e-07,0.08359555955595563
0.021843384338433858,-0.000972580698558545,0.000504185265384649,0.00046730765402225316,0.026823224885636175,514.3838128139104,2.8082688335205236e-08,1.1341909843097129e-07,0.08368676867686772
0.02188898889888985,-0.0009716662742107474,0.0005037379868468861,0.00046685792439671303,0.026849880194574988,514.8635480261248,2.8023594706659477e-08,1.1337790550023166e-07,0.0837779777977797
0.021934593459345897,-0.0009709619798172753,0.0005032840426508756,0.00046650792912794614,0.026795896031780755,515.2636681108336,2.7970730044944977e-08,1.1335875539286917e-07,0.0838691869186918
0.021980198019801944,-0.0009701895769183011,0.0005028565788833816,0.00046612598255757476,0.026784943843488302,515.6839767954301,2.7915904208722685e-08,1.1333129945929215e-07,0.0839603960396039
0.02202580258025799,-0.0009694055509754662,0.0005025659725532705,0.00046574270242283333,0.02687165673388992,516.0719710920847,2.786115690359298e-08,1.132988315549234e-07,0.08405160516051599
0.02207140714071404,-0.0009687180023263409,0.0005021158277855875,0.000465396166279497,0.02681763110801492,516.4675693815879,2.780875604871271e-08,1.1328013598276053e-07,0.08414281428142809
0.022117011701170086,-0.0009679991649278463,0.0005017014137749243,0.0004650323675758905,0.026802053022851414,516.8671996429471,2.775533065370295e-08,1.1325615335519047e-07,0.08423402340234018
0.022162616261626134,-0.0009670657270817173,0.000501367513322748,0.000464584208909935,0.026907839683106546,517.3259043029739,2.7696806555818356e-08,1.1321058260806345e-07,0.08432523252325227
0.02220822082208218,-0.0009664901963901684,0.0005008871287515149,0.00046428571429757426,0.026795787910421937,517.6886338780339,2.764765596434411e-08,1.1320360925469084e-07,0.08441644164416437
0.022253825382538228,-0.0009655997594251176,0.0005005035380847289,0.00046385282453198506,0.02685468536571669,518.1464949275801,2.7590073488507523e-08,1.131624648118034e-07,0.08450765076507646
0.022299429942994275,-0.0009647450442713534,0.000500065348063572,0.00046342995209314175,0.02686741494673064,518.6075495669647,2.75335142902204e-08,1.131265743138459e-07,0.08459885988598856
0.022345034503450323,-0.0009638991025724408,0.0004996915905408628,0.0004630232765407971,0.026913534692912695,519.0453384803067,2.747793153616081e-08,1.1309150068524701e-07,0.08469006900690065
0.02239063906390637,-0.0009632535591777014,0.0004992966668950771,0.00046269429638101656,0.026885110297301628,519.4145410295536,2.7427200057101584e-08,1.1307435321175597e-07,0.08478127812781275
0.022436243624362417,-0.0009624429279568858,0.0004989128399657261,0.0004623009958708568,0.026913873633182407,519.8432583305511,2.737260181722144e-08,1.1304246804681034e-07,0.08487248724872484
0.022481848184818465,-0.0009617380683977217,0.0004985101383780943,0.00046194749385719547,0.026898740589692955,520.2383917884548,2.7320417844367394e-08,1.1301964463351216e-07,0.08496369636963694
0.022527452745274512,-0.0009609866514495025,0.0004980504645857309,0.0004615732370520931,0.02685915940698612,520.6678170783201,2.726730720187264e-08,1.1299517416505462e-07,0.08505490549054903
0.02257305730573056,-0.0009602626872720066,0.0004977071587717319,0.0004612179675274053,0.026887521358866705,521.0537462403131,2.72152265758997e-08,1.1296987027315181e-07,0.08514611461146113
0.022618661866186607,-0.0009593491246420172,0.0004972524171478199,0.0004607668019178668,0.026910285502172747,521.5481956201769,2.7157417843798863e-08,1.1292738354905197e-07,0.08523732373237322
0.022664266426642654,-0.0009587012906990822,0.0004968463756256369,0.00046044149562907144,0.026871281030875487,521.9236203717721,2.7107493116050655e-08,1.129114919009471e-07,0.08532853285328532
0.0227098709870987,-0.0009579003337023551,0.0004964615964624386,0.00046004864181115046,0.026899043476788346,522.3539895978832,2.7053428290764926e-08,1.1287936205414966e-07,0.08541974197419741
0.02275547554755475,-0.0009570965264344977,0.0004961042571167695,0.0004596518001112049,0.02694942538393448,522.7794386984776,2.6999298564427715e-08,1.128456327137027e-07,0.0855109510951095
0.022801080108010796,-0.0009563257044788998,0.0004956598659049405,0.0004592749745719882,0.026922620660116553,523.2149026668216,2.694629356585406e-08,1.1281881760535494e-07,0.0856021602160216
0.022846684668466843,-0.0009554145083114918,0.0004953239838556556,0.0004588270781935577,0.027027712368841224,523.679320323683,2.688923212374884e-08,1.1277279064281307e-07,0.0856933693369337
0.02289228922892289,-0.0009547185491527443,0.0004950283155125135,0.0004584834355898515,0.02708150811836598,524.045761073132,2.6838500116550234e-08,1.1274815937898763e-07,0.08578457845784579
0.022937893789378938,-0.0009539915057530379,0.0004945952458399461,0.00045812610014195343,0.02704763686996303,524.4628204451917,2.6787033930557e-08,1.1272547816007831e-07,0.08587578757875788
0.022983498349834985,-0.0009532756188548319,0.0004942178562217237,0.000457769385213469,0.02705309651572939,524.8619604371951,2.6735755272249306e-08,1.1270112712852471e-07,0.08596699669966998
0.023029102910291033,-0.0009524507531750714,0.0004937244637588378,0.00045736755580660926,0.027010491400646576,525.3362384709151,2.6681696923885794e-08,1.1267037704703426e-07,0.08605820582058207
0.02307470747074708,-0.0009516969040390677,0.0004933749900217776,0.0004569919106374165,0.02705053018239134,525.7447187260036,2.6629424767006316e-08,1.1264060231633895e-07,0.08614941494149417
0.023120312031203127,-0.0009508465344367778,0.0004929350329518911,0.0004565750927634227,0.027057700589663343,526.2170101900592,2.6574775052745492e-08,1.126049619044119e-07,0.08624062406240626
0.023165916591659175,-0.0009502680778155081,0.0004925617261193338,0.00045628410337794634,0.02701538621158661,526.5613590366372,2.652771907434238e-08,1.1259466863519098e-07,0.08633183318331836
0.023211521152115222,-0.0009493732492131812,0.0004921801841604179,0.0004558416882296523,0.027084140903597488,527.0383530632381,2.6471718126983133e-08,1.1255113496121084e-07,0.08642304230423045
0.02325712571257127,-0.0009486602623098861,0.0004918195370038347,0.00045549189425453385,0.027096342033695854,527.4340346917211,2.6421241587984497e-08,1.1252698463724473e-07,0.08651425142514255
0.023302730273027317,-0.0009479667442349182,0.000491351586873634,0.00045513822566034534,0.027034704571686254,527.8558626361728,2.637059585682484e-08,1.1250578397912657e-07,0.08660546054605464
0.02334833483348331,-0.0009472424397642953,0.0004909278956333196,0.0004547771361176345,0.027010564403564773,528.2766770065358,2.631975892307136e-08,1.1248189886551305e-07,0.08669666966696662
0.023393939393939356,-0.0009463251461028221,0.0004906526471657457,0.0004543431499341999,0.02714911820750962,528.730992798397,2.6264513381959142e-08,1.1243576181348917e-07,0.08678787878787872
0.023439543954395403,-0.0009455572829750736,0.0004902727162559017,0.00045396033849920414,0.027173178164633056,529.1592300133657,2.6212470613101745e-08,1.1240502672805975e-07,0.08687908790879081
0.02348514851485145,-0.0009448959672653245,0.0004898414414924446,0.0004536236804153493,0.027124470023085327,529.559736076686,2.6163260114029998e-08,1.1238641631962517e-07,0.08697029702970291
0.023530753075307498,-0.0009440738310075858,0.0004894466155676014,0.00045322951934778644,0.027146624665925576,530.0119348409862,2.6110719709353692e-08,1.1235364107069321e-07,0.087061506150615
0.023576357635763545,-0.0009433077574385607,0.0004891648412481686,0.00045285560611674214,0.027234629866455966,530.411626714215,2.605948889736011e-08,1.1232127776407853e-07,0.0871527152715271
0.023621962196219592,-0.0009425751868263887,0.0004887487909215338,0.00045249423223081564,0.027216019743158508,530.8367838801636,2.6008879827252494e-08,1.1229579387553312e-07,0.08724392439243919
0.02366756675667564,-0.000941921275781965,0.0004883355900631159,0.0004521637059800021,0.027175456551108926,531.2309135202764,2.5960395680065617e-08,1.1227787180453355e-07,0.08733513351335129
0.023713171317131687,-0.0009412071561314406,0.0004879293693491604,0.00045180653098242374,0.027160738256193973,531.6482051723706,2.591039046788126e-08,1.1225361741187692e-07,0.08742634263426338
0.023758775877587734,-0.0009404232065577389,0.0004875309142420292,0.0004514161077944223,0.027177496699002907,532.09313672486,2.585841454314878e-08,1.1222126840865362e-07,0.08751755175517548
0.023804380438043782,-0.0009396680647455469,0.0004871624121562945,0.0004510468946434809,0.027199339478130035,532.5161350536382,2.580784774018792e-08,1.1219278236345234e-07,0.08760876087608757
0.02384998499849983,-0.0009387971037995158,0.0004867909824000094,0.0004506221175151204,0.027262511258119005,532.9893196509291,2.5754008714293163e-08,1.121516348031584e-07,0.08769996999699967
0.023895589558955876,-0.000938072737397988,0.00048641492494994054,0.0004502706292941472,0.027265148377113795,533.4020947970382,2.570468569128651e-08,1.1212742128823049e-07,0.08779117911791176
0.023941194119411924,-0.0009372813325114748,0.00048599930423876003,0.0004498697696464493,0.027277774491643935,533.8599594485667,2.5652543645866095e-08,1.1209358088869951e-07,0.08788238823882386
0.02398679867986797,-0.0009365262515075301,0.00048560555336507605,0.0004495049494426251,0.027278043643226422,534.2917089517545,2.5602499120426287e-08,1.1206654707216217e-07,0.08797359735973595
0.02403240324032402,-0.0009357415788997514,0.00048526118192881995,0.0004491231135546059,0.027327512852462172,534.7233647199441,2.555170139584588e-08,1.1203446201993642e-07,0.08806480648064804
0.024078007800780066,-0.0009350422345164588,0.00048489969667997457,0.0004487784433564457,0.027335438679914455,535.1255402452953,2.550296327574145e-08,1.1201049825656259e-07,0.08815601560156014
0.024123612361236113,-0.0009343620455410928,0.0004845021135508887,0.00044843142953054915,0.027318980967188447,535.5338523225889,2.5454194809152555e-08,1.1198742389640455e-07,0.08824722472247223
0.02416921692169216,-0.0009336569151372487,0.0004840843241282755,0.00044808141634278265,0.02729024606033226,535.9566178458552,2.540542536966376e-08,1.1196472434217282e-07,0.08833843384338433
0.024214821482148208,-0.0009329463562721685,0.00048367543703875526,0.0004477316849476054,0.027267767934643996,536.3789708666665,2.5356732065011553e-08,1.1194165370917658e-07,0.08842964296429642
0.024260426042604255,-0.0009320765274623,0.00048339771211658444,0.00044730447189289535,0.027401473490809996,536.8324180653218,2.530366809632769e-08,1.1189658842133076e-07,0.08852085208520852
0.024306030603060302,-0.0009314119527061848,0.00048287705546101733,0.0004469747340742902,0.02728194949714462,537.2693709681976,2.5256130594654388e-08,1.1188137528862947e-07,0.08861206120612061
0.02435163516351635,-0.0009306332448062449,0.00048266766422955243,0.0004465973889089536,0.027426355417523564,537.6638072657161,2.520614416159435e-08,1.1184488303805614e-07,0.08870327032703271
0.024397239723972397,-0.0009300248179329174,0.0004821941149941722,0.0004462897768287011,0.027323541488915266,538.065813063314,2.5160123613929624e-08,1.1183309611529995e-07,0.0887944794479448
0.024442844284428444,-0.000929160367007853,0.0004818747080221897,0.0004458645962657215,0.027425635452121552,538.5320572016632,2.51074653722964e-08,1.1178962275114985e-07,0.0888856885688569
0.02448844884488449,-0.0009283543923288562,0.00048147031979794974,0.0004454636711099802,0.027446790171750245,538.9997636137693,2.5056338094314e-08,1.1175482887002181e-07,0.08897689768976899
0.02453405340534054,-0.0009278125804428328,0.0004810377698731827,0.00044519487089234033,0.02734320277048006,539.3611701381586,2.5012728241044133e-08,1.1174984369021813e-07,0.08906810681068109
0.024579657965796586,-0.0009270296901604524,0.00048061702536728035,0.00044480767450028047,0.027341578889668258,539.8243570168968,2.4962614372453833e-08,1.1171885929079153e-07,0.08915931593159318
0.024625262526252634,-0.0009261848196899791,0.00048035076451924397,0.0004443947864807285,0.027473001182181628,540.2688376803935,2.4910865199659447e-08,1.1167542916256409e-07,0.08925052505250528
0.02467086708670868,-0.0009254930610609335,0.000479866834083964,0.00044404844163614676,0.027392953647657706,540.7134704175351,2.4863125321201937e-08,1.1165528321968035e-07,0.08934173417341737
0.02471647164716473,-0.0009247020821021579,0.0004795715343064444,0.00044366447455534974,0.027480504881397312,541.14366974186,2.481339164424391e-08,1.116200284110051e-07,0.08943294329432946
0.024762076207620776,-0.0009241505837707109,0.00047917985495615767,0.000443390210996375,0.02741086311686098,541.5004159670082,2.4769876352915215e-08,1.1161225799225655e-07,0.08952415241524156
0.024807680768076767,-0.0009232653128208312,0.0004788742984089822,0.000442955925198385,0.027530969493472616,541.977355782799,2.4717410439423313e-08,1.1156598651843497e-07,0.08961536153615354
0.024853285328532815,-0.0009225119551956595,0.000478430920075823,0.00044258319919299183,0.02750130630192527,542.4387611607228,2.4668447202645992e-08,1.1153814703676558e-07,0.08970657065706564
0.024898889888988862,-0.0009218550831917582,0.00047806830065155737,0.00044226102769284736,0.027490807424327756,542.8338193167745,2.4622464734652278e-08,1.1151863575824066e-07,0.08979777977797773
0.02494449444944491,-0.0009212071579725034,0.0004776506320851581,0.0004419299374729402,0.027447158755951655,543.2456904422597,2.4576186435621803e-08,1.114996730178187e-07,0.08988898889888983
0.024990099009900957,-0.0009204663437429872,0.0004772765086471509,0.0004415660929908416,0.02746126133846804,543.6824534079934,2.45279606980766e-08,1.114710922243251e-07,0.08998019801980192
0.025035703570357004,-0.0009197877537729937,0.0004769008584659673,0.00044122200666985023,0.027458737321138123,544.0961000561124,2.4481040930548873e-08,1.1144735723964431e-07,0.09007140714071402
0.02508130813081305,-0.0009189506062909913,0.0004765750825441728,0.0004408211365047876,0.027537647921471817,544.5594406246631,2.443080420470132e-08,1.1140833630466935e-07,0.09016261626162611
0.0251269126912691,-0.0009182940823535546,0.0004761808365500997,0.00044049058150630316,0.027510676258108737,544.969373961846,2.4384806172254368e-08,1.1138822431536557e-07,0.0902538253825382
0.025172517251725146,-0.000917493771950717,0.0004757622447328913,0.0004401019540769546,0.027511846272576017,545.4472154094124,2.433554506519686e-08,1.1135577053126644e-07,0.0903450345034503
0.025218121812181193,-0.0009169052070348016,0.00047544871429039404,0.0004398013697015646,0.0275204396169875,545.8052627403591,2.4291322860724665e-08,1.1133898990357068e-07,0.0904362436243624
0.02526372637263724,-0.0009161547568226069,0.00047502308932934056,0.00043943328771489654,0.027500188685842246,546.265660412365,2.424334713005981e-08,1.1131118420870385e-07,0.09052745274527449
0.025309330933093288,-0.0009153631729788003,0.00047467117326505104,0.0004390503454201333,0.027545858188992793,546.7215403187612,2.4194597638058097e-08,1.1127719314071405e-07,0.09061866186618658
0.025354935493549335,-0.0009147664859625593,0.00047429801188059173,0.00043874902616902745,0.027511191140883646,547.1017622218541,2.4150479810679794e-08,1.1126204161224468e-07,0.09070987098709868
0.025400540054005383,-0.0009140118268220476,0.00047389570583078466,0.00043837269358903974,0.027514738684942138,547.5610947493007,2.4102411267117602e-08,1.1123192672938078e-07,0.09080108010801077
0.02544614461446143,-0.0009132743258248865,0.000473572032383629,0.000438012780449748,0.027562970204759823,547.9875015094342,2.405515760609973e-08,1.1120174905329466e-07,0.09089228922892287
0.025491749174917477,-0.0009124469173116267,0.0004732203403889912,0.00043761649932516633,0.027619630675204794,548.4609820861024,2.4006024962040915e-08,1.1116476256932363e-07,0.09098349834983496
0.025537353735373525,-0.0009119285998480109,0.00047274213546444344,0.0004373406592306228,0.027487487929044388,548.8439880206015,2.3963790527087336e-08,1.1115973182204762e-07,0.09107470747074706
0.025582958295829572,-0.0009111926288767336,0.0004724802332205513,0.00043698278120340994,0.027579533098731106,549.2526847015861,2.391680542029185e-08,1.1112726516337296e-07,0.09116591659165915
0.02562856285628562,-0.0009104586717825214,0.0004720179152926107,0.00043661595772737094,0.027531394927715808,549.7246431234036,2.386962525797422e-08,1.1110117379754293e-07,0.09125712571257125
0.025674167416741667,-0.0009097863103022519,0.0004717066395585334,0.00043628275194973476,0.027567657201189675,550.1228776487613,2.3824324389500083e-08,1.1107659906385613e-07,0.09134833483348334
0.025719771977197714,-0.0009089905887549321,0.00047140063963269085,0.000435894925125746,0.027651468461806526,550.5740370621834,2.3775995089695352e-08,1.1103930272571912e-07,0.09143954395439544
0.02576537653765376,-0.0009083462423831179,0.00047090842920027853,0.00043557212448885885,0.027546041334826608,551.0167703960803,2.373147775931801e-08,1.1102398871686904e-07,0.09153075307530753
0.02581098109810981,-0.0009075683898771558,0.00047055658968986336,0.00043519568959293764,0.02758677825102979,551.4744396881895,2.3683937049640252e-08,1.1099086435795462e-07,0.09162196219621963
0.025856585658565856,-0.0009068484886967099,0.0004703120923181814,0.0004348385591086412,0.027691825294007384,551.8766415815326,2.3637490044578334e-08,1.1095774967662879e-07,0.09171317131713172
0.025902190219021903,-0.0009062017179246595,0.0004699353515746907,0.00043451596324683983,0.02767138290585224,552.2869273763152,2.3593243522157103e-08,1.1093817277638791e-07,0.09180438043804381
0.02594779477947795,-0.000905369879006912,0.00046950197962303264,0.0004341090290371774,0.02767651129492004,552.7974379483959,2.3544270424040012e-08,1.1090122929404344e-07,0.09189558955895591
0.025993399339933998,-0.0009046585643801563,0.00046911201518184953,0.0004337610433138295,0.027666543884325632,553.2406666329692,2.3498645183654746e-08,1.1087584182736484e-07,0.091986798679868
0.026039003900390045,-0.0009039995043593763,0.0004687171939252721,0.00043343237560522496,0.027637627720938515,553.6641545574732,2.3454104070816487e-08,1.1085471968462013e-07,0.0920780078007801
0.026084608460846093,-0.0009033210195639185,0.00046834440544074596,0.00043309502747423956,0.0276319918401728,554.0901556361475,2.340928344479129e-08,1.1083128238152358e-07,0.09216921692169219
0.02613021302130214,-0.0009025645805280647,0.00046804643921660727,0.0004327261378107572,0.027706990877923478,554.5274746934077,2.336270951253974e-08,1.1079752536922853e-07,0.09226042604260429
0.026175817581758187,-0.0009017932463422085,0.00046771516137766866,0.00043234571958894463,0.02776684478284852,554.9838829037512,2.331551398616201e-08,1.1076212571388064e-07,0.09235163516351638
0.026221422142214235,-0.0009012904102547736,0.00046736602012487083,0.0004320870094820517,0.02771563658177063,555.3261935397103,2.32752533934184e-08,1.1075539368363705e-07,0.09244284428442848
0.026267026702670226,-0.0009004226549649275,0.00046703302151485104,0.00043166876288425193,0.027804604794602162,555.8259218320043,2.3226203192750196e-08,1.1071174780557407e-07,0.09253405340534046
0.026312631263126274,-0.0008996761047228574,0.0004667016639530175,0.00043130062175689154,0.027854782156462858,556.2730271009508,2.3180004019238224e-08,1.1067935878943591e-07,0.09262526252625256
0.02635823582358232,-0.000899084933465133,0.00046635901635028176,0.00043100684535590794,0.027836410313508676,556.6531533665706,2.3138004026230866e-08,1.106642664592183e-07,0.09271647164716465
0.02640384038403837,-0.0008983706840268724,0.000465928475051669,0.0004306589473688227,0.027796075585247253,557.1160666135158,2.3093032755873525e-08,1.1063995565386924e-07,0.09280768076807674
0.026449444944494416,-0.0008976729911012171,0.000465517665602988,0.00043030538331256807,0.027775350328747308,557.570230258578,2.3047767575239213e-08,1.10613346131314e-07,0.09289888988898884
0.026495049504950463,-0.0008969285096469548,0.00046523839611722906,0.0004299471859134929,0.027856254334192098,558.0001879589352,2.3002512681723606e-08,1.105814427545366e-07,0.09299009900990093
0.02654065406540651,-0.0008962425692828901,0.0004648057789253812,0.0004296015189397817,0.027812754742684045,558.4564678703426,2.2957782931688265e-08,1.1055717119375541e-07,0.09308130813081303
0.026586258625862558,-0.0008956039617942224,0.00046442866312190745,0.00042928171863221287,0.027789834310242144,558.8732933403563,2.2914754819255694e-08,1.1053747849069364e-07,0.09317251725172512
0.026631863186318605,-0.0008948479050161495,0.0004641465125416744,0.0004289197215334717,0.027871710559476723,559.3109748034368,2.286938207203778e-08,1.1050414704263196e-07,0.09326372637263722
0.026677467746774652,-0.0008942079013678494,0.00046380520568334305,0.00042860403856614937,0.02787210459793979,559.717006216496,2.2826567520966354e-08,1.1048328870232201e-07,0.09335493549354931
0.0267230723072307,-0.0008935824044584706,0.0004633928671253784,0.0004282843696026273,0.027822819158563394,560.1426128332818,2.2783730759673917e-08,1.1046472421982409e-07,0.09344614461446141
0.026768676867686747,-0.0008928917828114891,0.00046304686545539653,0.0004279450954434161,0.027838790170989888,560.5746470451594,2.273973016691415e-08,1.1043847264520664e-07,0.0935373537353735
0.026814281428142794,-0.0008920945417685289,0.0004627643429060413,0.00042755839118635564,0.027940842957193613,561.0358548151918,2.269339782510727e-08,1.1039973828527597e-07,0.0936285628562856
0.02685988598859884,-0.0008913266227494887,0.000462305183305034,0.00042717969980676784,0.027904009059859704,561.5417447094433,2.264743317205959e-08,1.1036888417621338e-07,0.09371977197719769
0.02690549054905489,-0.0008907054875209042,0.00046194466631277464,0.00042686239993550146,0.027891601448143396,561.9516411288603,2.2605021044448017e-08,1.1034874304011286e-07,0.09381098109810979
0.026951095109510936,-0.0008900624889776054,0.0004616951657254731,0.00042655410594916177,0.027954821188198788,562.331095214275,2.2562943554394317e-08,1.1032545294115104e-07,0.09390219021902188
0.026996699669966984,-0.000889461241527556,0.00046121099094165174,0.0004262449623886333,0.027843081735216504,562.772425689765,2.2521136494411468e-08,1.1031190697019261e-07,0.09399339933993398
0.02704230423042303,-0.0008887430234238991,0.00046092284651422233,0.00042589215570298933,0.027913499354135594,563.2032214992942,2.247687080666254e-08,1.1028024043499454e-07,0.09408460846084607
0.02708790879087908,-0.0008880614436037604,0.00046049772011258483,0.00042555489743656416,0.02786868361764882,563.6616167452893,2.2433736246363916e-08,1.1025820248532301e-07,0.09417581758175816
0.027133513351335126,-0.0008873612602116054,0.0004602306981240645,0.00042521441349729905,0.02794498416989312,564.0773949644955,2.2390187389926748e-08,1.1022805034826958e-07,0.09426702670267026
0.027179117911791173,-0.0008866150477757628,0.00045994007834337935,0.00042485490460997255,0.028019289027374245,564.5220376156494,2.234585929177529e-08,1.1019516593880003e-07,0.09435823582358235
0.02722472247224722,-0.0008859029150585229,0.0004594836061144747,0.0004244944528652983,0.027969743971454245,565.0097462307442,2.2301555910110985e-08,1.1016835766510013e-07,0.09444944494449445
0.027270327032703268,-0.0008852436154569432,0.0004591249057241953,0.0004241699940588095,0.027964319420106833,565.4386327369999,2.2259151585990693e-08,1.1014547681410477e-07,0.09454065406540654
0.027315931593159315,-0.0008846504124022658,0.0004587453401470043,0.0004238726585981123,0.027921258520680354,565.8450033352656,2.2218355476408753e-08,1.1012986626937398e-07,0.09463186318631864
0.027361536153615362,-0.0008837530970140506,0.0004584827442073447,0.0004234467660162444,0.02807086386794833,566.3532029487857,2.2170714088852524e-08,1.1008046097576996e-07,0.09472307230723073
0.02740714071407141,-0.0008832465031645143,0.0004579924720715667,0.0004231810169321726,0.027918619057067162,566.7584840563521,2.2131782104083606e-08,1.1007632174902106e-07,0.09481428142814283
0.027452745274527457,-0.0008825157111544968,0.0004577540419319348,0.0004228221667492704,0.02803191934248184,567.1854023885422,2.2087795903263067e-08,1.1004075850136181e-07,0.09490549054905492
0.027498349834983504,-0.0008818745386776072,0.00045738132902783946,0.00042250317636893797,0.028011569336544622,567.6145119637474,2.204617248640987e-08,1.1002004586367501e-07,0.09499669966996702
0.02754395439543955,-0.0008811469428593455,0.0004571024166963866,0.0004221533953203682,0.02808707822797166,568.051826339241,2.2002899968759195e-08,1.099883807311906e-07,0.09508790879087911
0.0275895589558956,-0.0008805350096849907,0.0004566305100297541,0.0004218435318421587,0.027984395799111147,568.5019068633544,2.1961865210245008e-08,1.0997330184467336e-07,0.0951791179117912
0.027635163516351646,-0.0008797692808002466,0.0004563463443787441,0.000421463354695506,0.028081098088847813,568.9644741150732,2.1917070728191382e-08,1.0993463877483024e-07,0.0952703270327033
0.027680768076807694,-0.000879191902569687,0.00045594165409568177,0.0004211745816202761,0.028011867015942472,569.3761693640575,2.187733881817953e-08,1.0992188593630437e-07,0.0953615361536154
0.02772637263726374,-0.0008786107247829023,0.000455669436377093,0.00042088757381208985,0.028041231154941386,569.7461160405301,2.1837638459081445e-08,1.0990388220476926e-07,0.09545274527452749
0.027771977197719733,-0.0008778598655823089,0.0004553821864163865,0.0004205199678251059,0.02812538766562865,570.2027918819163,2.1793754088512224e-08,1.0986816868465603e-07,0.09554395439543947
0.02781758175817578,-0.0008771319516966969,0.00045499808521043406,0.000420161369551586,0.02812887262664297,570.681335486855,2.1750467965078486e-08,1.0983838348739821e-07,0.09563516351635157
0.027863186318631827,-0.00087650137727735,0.0004545315714565845,0.0004198482666644132,0.0280326297359584,571.1409724459734,2.170964620436759e-08,1.0982203458559229e-07,0.09572637263726366
0.027908790879087875,-0.0008758036891265419,0.00045432950469148636,0.00041951168702980546,0.028155844525210513,571.5445522381806,2.16675039436312e-08,1.0978948709655569e-07,0.09581758175817576
0.027954395439543922,-0.0008751505464772436,0.00045396345470294364,0.0004191851116672751,0.028146828892818918,571.984503481956,2.1626024845370184e-08,1.0976575434628005e-07,0.09590879087908785
0.02799999999999997,-0.0008744637201232308,0.0004535561060876603,0.0004188495080226229,0.02811366804161774,572.4526616862142,2.158422367294964e-08,1.0974188941980626e-07,0.09599999999999995
0.028045604560456017,-0.0008737835591432486,0.00045327079065060616,0.00041851156401429,0.02817538269766055,572.8801141736261,2.1542407570839607e-08,1.0971290948899224e-07,0.09609120912091204
0.028091209120912064,-0.0008731339239744784,0.0004528487732926578,0.00041819290454148117,0.02811712724890049,573.3367666438248,2.1501504644004295e-08,1.0969282074124254e-07,0.09618241824182414
0.02813681368136811,-0.0008724978268901395,0.00045247476293042155,0.00041786942712240815,0.028099793271688062,573.775471487685,2.1460536271970124e-08,1.0967027758845968e-07,0.09627362736273623
