slopeL,slopeH,F_slip,F_yield,fluxD,fluxHR,fluxLR,potential_H1,dG
0.0828282828282828,-0.13535353535353536,0.17985292823524313,0.0776854978188282,-6.436207709824117,4.036630019619352,2.3995776901258132,0.16464646464646462,0.038687898376430566
0.08686868686868687,-0.13535353535353536,0.15463412535606347,0.07279755492798409,-6.868362549761784,4.185187533147957,2.6831750171195488,0.16464646464646462,0.04114271441953733
0.09090909090909088,-0.13535353535353536,0.13477180805452219,0.0685743541605696,-7.291355581946718,4.340529828430345,2.9508257538937634,0.16464646464646462,0.041672013171432085
0.09494949494949495,-0.13535353535353536,0.11900484988794255,0.06488187882047056,-7.7063119791147585,4.501635487325,3.2046764923549595,0.16464646464646462,0.04064751604216109
0.09898989898989896,-0.13535353535353536,0.10640468197646444,0.06162211172442432,-8.113970553882481,4.6674761386627885,3.4464944152185453,0.16464646464646462,0.03837660255384125
0.10303030303030303,-0.13535353535353536,0.09627500213615169,0.05872145084971618,-8.514775993243191,4.837045906250442,3.677730087552227,0.16464646464646462,0.035110838053888184
0.10707070707070704,-0.13535353535353536,0.08808587791152649,0.05612332522425827,-8.908951812542568,5.009379962488662,3.899571850674974,0.16464646464646462,0.03105429856132208
0.1111111111111111,-0.13535353535353536,0.08142903747274431,0.05378337328611671,-9.296553366868636,5.183563158191955,4.11299020850559,0.16464646464646462,0.026371294700413897
0.11515151515151512,-0.13535353535353536,0.07598668177699254,0.05166614005705921,-9.67751799185632,5.358738792736137,4.31877920020565,0.16464646464646462,0.021193271042094033
0.11919191919191918,-0.13535353535353536,0.07150919566752699,0.049742832395324565,-10.051699429398994,5.534110249230217,4.5175891799768415,0.16464646464646462,0.01562479262217734
0.1232323232323232,-0.13535353535353536,0.06779888740124422,0.047989703325471644,-10.418901667712433,5.708943951084429,4.709957716178682,0.16464646464646462,0.00974862028931019
0.12727272727272726,-0.13535353535353536,0.06469790817681423,0.0463868427650536,-10.778918550685617,5.882576794194819,4.896341757009342,0.16464646464646462,0.003629934703612144
0.13131313131313133,-0.13535353535353536,0.06207913508167653,0.04491741159538928,-11.131540804284668,6.05440694455649,5.077133859865093,0.16464646464646462,-0.0026802027954106215
0.13535353535353534,-0.13535353535353536,0.059839190631693615,0.04356697656737801,-11.476582480401532,6.223896402820252,5.25268607770823,0.16464646464646462,-0.009142052997276013
0.1393939393939394,-0.13535353535353536,0.05789302576330404,0.04232314096304715,-11.813867984041252,6.390553002270519,5.423314981420685,0.16464646464646462,-0.015724967369694295
0.14343434343434341,-0.13535353535353536,0.05616965885471121,0.04117496041564302,-12.143302505831983,6.5539582944525705,5.589344211728626,0.16464646464646462,-0.022405632350421735
0.14747474747474748,-0.13535353535353536,0.054608774689259926,0.04011290790248175,-12.464815595330123,6.7137271150641915,5.751088480420723,0.16464646464646462,-0.029166710883618035
0.1515151515151515,-0.13535353535353536,0.05315796579991976,0.03912842746476189,-12.778433287016853,6.869536970145678,5.908896317671729,0.16464646464646462,-0.03599581557567725
0.15555555555555556,-0.13535353535353536,0.051770452314367915,0.038213936187846395,-13.08423182453349,7.021093499107359,6.063138324917844,0.16464646464646462,-0.042884760366772696
0.15959595959595957,-0.13535353535353536,0.050403154395752665,0.03736253377963558,-13.382390041404747,7.168148919577558,6.2142411232059125,0.16464646464646462,-0.04982904939287727
0.16363636363636364,-0.13535353535353536,0.049015023062133824,0.036567928454341446,-13.673183610326575,7.310488695711971,6.362694914313998,0.16464646464646462,-0.05682757269624822
0.16767676767676765,-0.13535353535353536,0.04756555233016024,0.0358243782926826,-13.956976333879965,7.447916056453533,6.509060277039314,0.16464646464646462,-0.06388248785300668
0.1717171717171717,-0.13535353535353536,0.04601341727800119,0.03512650637303681,-14.234264992727446,7.580264227585484,6.654000766136342,0.16464646464646462,-0.07099927554681235
0.17575757575757572,-0.13535353535353536,0.044315194181473706,0.03446925579701526,-14.505680161414361,7.707383899588546,6.798296262204058,0.16464646464646462,-0.07818696477693149
0.1797979797979798,-0.13535353535353536,0.04242413221900193,0.033847801674496324,-14.772008085206835,7.829140525473857,6.9428675596067,0.16464646464646462,-0.08545853067088975
0.1838383838383838,-0.13535353535353536,0.0402889601900588,0.03325753201859036,-15.034188337056563,7.945397100848684,7.088791236618228,0.16464646464646462,-0.09283147447006146
0.18787878787878787,-0.13535353535353536,0.03785272514058967,0.03269389772434464,-15.293373834304006,8.056028116863182,7.237345717507896,0.16464646464646462,-0.10032860143981061
0.19191919191919193,-0.13535353535353536,0.0350516778005544,0.03215240675954372,-15.550935384803125,8.160901966142568,7.39003341968246,0.16464646464646462,-0.10797901802522022
0.19595959595959594,-0.13535353535353536,0.031814236789368004,0.03162856894899815,-15.808492656939379,8.259875169090403,7.548617489130223,0.16464646464646462,-0.11581937503275756
0.2,-0.13535353535353536,0.02806009321171665,0.031117823214695375,-16.06796196991624,8.352793166215857,7.715168803680971,0.16464646464646462,-0.12389538741811591
-0.2,-0.13131313131313133,2.5346137745169877,0.013292597725127097,37.04168743428297,0.5732325643546581,-37.61491999792621,0.16868686868686866,-48.46043918978515
-0.19595959595959597,-0.13131313131313133,2.534943279400322,0.013305422409287775,37.018691919227805,0.5599722241237401,-37.57866414274299,0.16868686868686866,-49.01620005208133
-0.19191919191919193,-0.13131313131313133,2.535288688161509,0.013319209973852754,36.99367693315702,0.5460871359994073,-37.539764068257355,0.16868686868686866,-49.65315921286952
-0.1878787878787879,-0.13131313131313133,2.5356470865817204,0.013334030480389062,36.966347542397976,0.5316918343874093,-37.49803937605259,0.16868686868686866,-50.36896741683825
-0.18383838383838386,-0.13131313131313133,2.536015199543016,0.013349949833982024,36.93640939999893,0.5169148609634,-37.453324261005925,0.16868686868686866,-51.15953373302504
-0.17979797979797982,-0.13131313131313133,2.536389358656251,0.013367066149886595,36.903467429728835,0.5018984445814176,-37.405365873918875,0.16868686868686866,-52.01833646101849
-0.17575757575757578,-0.13131313131313133,2.53676546750671,0.01338545542864991,36.86717565016724,0.4868017819883512,-37.353977432019136,0.16868686868686866,-52.93556467146855
-0.1717171717171717,-0.13131313131313133,2.5371389649453318,0.01340522650539177,36.827084735658865,0.4718001287045297,-37.29888486356966,0.16868686868686866,-53.89707747277793
-0.1676767676767677,-0.13131313131313133,2.5375047859787774,0.013426495312514955,36.78271294337622,0.45708704609243256,-37.23979998982685,0.16868686868686866,-54.88318997652699
-0.16363636363636364,-0.13131313131313133,2.5378573203841923,0.013449387676449287,36.73353811637447,0.4428755632232182,-37.17641368004948,0.16868686868686866,-55.86733115411708
-0.15959595959595962,-0.13131313131313133,2.538190368837027,0.01347404600329605,36.678979339253914,0.4293992334972607,-37.10837857320023,0.16868686868686866,-56.81468793427226
-0.15555555555555556,-0.13131313131313133,2.5384970965525584,0.013500629985460496,36.61839533380001,0.41691342894952044,-37.035308762280785,0.16868686868686866,-57.681039149763734
-0.15151515151515152,-0.13131313131313133,2.538769984163703,0.013529325835615339,36.55106009926923,0.4056963630483814,-36.956756461404375,0.16868686868686866,-58.41211086710563
-0.14747474747474748,-0.13131313131313133,2.5390007759285456,0.013560347055818213,36.476162259673494,0.39605037229426543,-36.87221263117028,0.16868686868686866,-58.94391742095811
-0.14343434343434344,-0.13131313131313133,2.5391804248172916,0.013593919957471175,36.392845764881386,0.3883035703409057,-36.78114933422097,0.16868686868686866,-59.20465402353095
-0.1393939393939394,-0.13131313131313133,2.5392990345385877,0.013630313467141613,36.30013200627117,0.3828101148715639,-36.68294211994127,0.16868686868686866,-59.11869648265029
-0.13535353535353536,-0.13131313131313133,2.539345798237056,0.01366984194710565,36.19691647943806,0.37995119338983585,-36.576867671693236,0.16868686868686866,-58.6130324908645
-0.13131313131313133,-0.13131313131313133,2.539308933733611,0.01371285329373959,36.08200549265649,0.38013621424778776,-36.46214170656562,0.16868686868686866,-57.62592045948945
-0.1272727272727273,-0.13131313131313133,2.539175615380444,0.013759739953477602,35.95409294179317,0.38380310091918446,-36.337896042098265,0.16868686868686866,-56.11675966737817
-0.12323232323232325,-0.13131313131313133,2.53893190212818,0.01381097553295564,35.811673153550785,0.39141755592650185,-36.20309070861357,0.16868686868686866,-54.075273637248735
-0.11919191919191921,-0.13131313131313133,2.538562662400537,0.013867089922216367,35.65311818152277,0.40347356295681536,-36.056591743132124,0.16868686868686866,-51.52757551128564
-0.11515151515151516,-0.13131313131313133,2.5380514956862337,0.013928692169078567,35.47663275334557,0.4204919689264841,-35.89712472061399,0.16868686868686866,-48.536942323112534
-0.11111111111111112,-0.13131313131313133,2.5373806515100528,0.013996499233193562,35.280200417934054,0.4430180583222523,-35.72321847480915,0.16868686868686866,-45.19834536593266
-0.10707070707070708,-0.13131313131313133,2.536530946197826,0.014071322832145412,35.06164257031966,0.4716193668941031,-35.53326193753789,0.16868686868686866,-41.62760496312346
-0.10303030303030304,-0.13131313131313133,2.5354816785158985,0.01415413410435298,34.81848853883905,0.5068797471242661,-35.32536828523102,0.16868686868686866,-37.94767183121141
-0.098989898989899,-0.13131313131313133,2.5342105444687624,0.01424603517626363,34.548089803506116,0.5493947820694451,-35.09748458494663,0.16868686868686866,-34.27522237513036
-0.09494949494949496,-0.13131313131313133,2.532693552696197,0.014348306985332501,34.24755400499964,0.5997628601811869,-34.84731686563117,0.16868686868686866,-30.71025530917307
-0.09090909090909093,-0.13131313131313133,2.530904939811857,0.014462474104554644,33.91365845124898,0.6585728546787131,-34.57223130611403,0.16868686868686866,-27.330081482288787
-0.08686868686868687,-0.13131313131313133,2.528817084831173,0.014590290869097817,33.54297255058539,0.7263922265866967,-34.269364777424826,0.16868686868686866,-24.187688758227832
-0.08282828282828283,-0.13131313131313133,2.5264004197814915,0.01473382521403571,33.1317705534278,0.803748073261275,-33.93551862759991,0.16868686868686866,-21.313484818734768
-0.0787878787878788,-0.13131313131313133,2.5236233300230353,0.014895508092997315,32.6760604601174,0.8911060224486071,-33.56716648255927,0.16868686868686866,-18.719052056794567
-0.07474747474747476,-0.13131313131313133,2.520452033210066,0.015078178423378967,32.171657943856076,0.9888463273263675,-33.16050426984153,0.16868686868686866,-16.401663724124063
-0.07070707070707072,-0.13131313131313133,2.516850419949135,0.015285193836195346,31.614161022039482,1.0972331131063378,-32.71139413411378,0.16868686868686866,-14.348668688560442
-0.06666666666666668,-0.13131313131313133,2.5127798304817808,0.015520523671103332,30.99902606979795,1.216381772943702,-32.215407843061264,0.16868686868686866,-12.541244913905334
-0.06262626262626264,-0.13131313131313133,2.508198732095683,0.015788841186472,30.321709529314575,1.3462256972922972,-31.66793522706567,0.16868686868686866,-10.957334658051707
-0.0585858585858586,-0.13131313131313133,2.5030622511586413,0.016095718727158193,29.5776853834995,1.4864757443792627,-31.06416112670357,0.16868686868686866,-9.573774480604953
-0.054545454545454564,-0.13131313131313133,2.4973215024643864,0.016447761831832823,28.762685268591156,1.6365875998586645,-30.399272868308767,0.16868686868686866,-8.367735039301849
-0.050505050505050525,-0.13131313131313133,2.4909226486203053,0.01685283664844437,27.872867264809656,1.795728618577435,-29.66859588203044,0.16868686868686866,-7.317619703696469
-0.046464646464646486,-0.13131313131313133,2.4838056129392587,0.01732036179881429,26.905008172776547,1.9627490834708787,-28.86775725641464,0.16868686868686866,-6.403566339113443
-0.04242424242424245,-0.13131313131313133,2.4759023654792527,0.01786161733470806,25.856817725525715,2.1361680509911416,-27.992985776956946,0.16868686868686866,-5.607673901532066
-0.03838383838383841,-0.13131313131313133,2.4671346946688737,0.018490191070420346,24.727197963537307,2.3141667312282763,-27.041364693561196,0.16868686868686866,-4.914048318278806
-0.03434343434343434,-0.13131313131313133,2.457411372064955,0.01922245597157204,23.516636633983197,2.494607753040629,-26.011244387505982,0.16868686868686866,-4.308736424516121
-0.030303030303030304,-0.13131313131313133,2.4466245995648315,0.020078288608194456,22.227458346991142,2.6750624687164226,-24.902520814776558,0.16868686868686866,-3.7795956115492846
-0.026262626262626265,-0.13131313131313133,2.4346455890191736,0.021081847874338283,20.864209072363977,2.852876971779697,-23.717086043647658,0.16868686868686866,-3.3161308162790135
-0.022222222222222227,-0.13131313131313133,2.4213190524853574,0.02226272966219302,19.433814140307675,3.025246701752671,-22.459060842641172,0.16868686868686866,-2.9093188739372007
-0.018181818181818188,-0.13131313131313133,2.4064562525684035,0.023657328852348315,17.94576530342742,3.1893342307599255,-21.13509953356312,0.16868686868686866,-2.5514325826202158
-0.01414141414141415,-0.13131313131313133,2.389826075858725,0.025310739771410157,16.412057544912003,3.342402598456726,-19.754460142302012,0.16868686868686866,-2.235871947116205
-0.01010101010101011,-0.13131313131313133,2.371143337813468,0.027279303529088708,14.84694197645831,3.4819717169562523,-18.32891369333199,0.16868686868686866,-1.95700722071778
-0.006060606060606072,-0.13131313131313133,2.350053233464027,0.029634098998255583,13.266464601903166,3.605990337420394,-16.872454938276068,0.16868686868686866,-1.7100368778596882
-0.002020202020202033,-0.13131313131313133,2.326110590645686,0.03246585648138187,11.6877856692103,3.71300932556996,-15.400794994797494,0.16868686868686866,-1.4908627438457722
0.0020202020202020055,-0.13131313131313133,2.2987525587950377,0.03589213795649492,10.128298006650255,3.8023293808379606,-13.93062738680542,0.16868686868686866,-1.295983721578128
0.006060606060606044,-0.13131313131313133,2.267264071978409,0.040067925322295604,8.604689808522707,3.874119513319112,-12.478809320907192,0.16868686868686866,-1.1224085574311395
0.010101010101010083,-0.13131313131313133,2.2307381834366806,0.04520193731387386,7.132001159327103,3.9294716382411785,-11.061472797798253,0.16868686868686866,-0.9675866767365378
0.014141414141414121,-0.13131313131313133,2.188041823032072,0.05158274551585527,5.72279400306806,3.9703697676693572,-9.69316376959532,0.16868686868686866,-0.8293544702742415
0.01818181818181816,-0.13131313131313133,2.137822356394525,0.05962173160297551,4.38659874998379,3.9996051819682314,-8.386203931996928,0.16868686868686866,-0.705892794801156
0.0222222222222222,-0.13131313131313133,2.07866447990313,0.06992832333417043,3.129590121806899,4.0205884637364875,-7.1501785847729025,0.16868686868686866,-0.595690310863858
0.026262626262626265,-0.13131313131313133,2.0097389931621894,0.08344835340631683,1.954600947933514,4.037129021410273,-5.9917299694152035,0.16868686868686866,-0.49750711268764947
0.030303030303030304,-0.13131313131313133,1.933057910576866,0.10173836227061046,0.8613869667251919,4.053180054174604,-4.914567021381458,0.16868686868686866,-0.41033416930496064
0.03434343434343434,-0.13131313131313133,1.820739852798049,0.12277215929887085,-0.15290572603748842,4.072584557659145,-3.9196788304642283,0.16868686868686866,-0.333346459324724
0.03838383838383838,-0.13131313131313133,1.5194644295306297,0.12198453929769754,-1.0931563436444804,4.09888009442157,-3.005723751522787,0.16868686868686866,-0.2658508513064718
0.04242424242424242,-0.13131313131313133,1.2550463257170086,0.12091591732811982,-1.965654087371263,4.135104881673168,-2.16945079404557,0.16868686868686866,-0.20723289537985212
0.04646464646464646,-0.13131313131313133,1.0305625590226364,0.11951129085319112,-2.777503356450069,4.183705124943909,-1.4062017679724192,0.16868686868686866,-0.1569086691154506
0.0505050505050505,-0.13131313131313133,0.8504442665985656,0.11774447250442951,-3.5361059377320743,4.246483842754991,-0.7103779039397367,0.16868686868686866,-0.11428783585211998
0.05454545454545451,-0.13131313131313133,0.7198317315458851,0.11561758455324755,-4.248738389273797,4.3246016770084665,-0.07586328685863464,0.16868686868686866,-0.07875207146651875
0.058585858585858575,-0.13131313131313133,0.5624120126764148,0.10157999545717321,-4.922229005083551,4.4186128575273464,0.5036161480375334,0.16868686868686866,-0.04964971289777902
0.06262626262626264,-0.13131313131313133,0.44418071453575936,0.08988379371473726,-5.56273805683071,4.528531572154968,1.0342064849140513,0.16868686868686866,-0.026304148325176434
0.06666666666666665,-0.13131313131313133,0.35863504527974355,0.08096328567984801,-6.175638696220915,4.653919774573332,1.5217189212113844,0.16868686868686866,-0.008031210058884436
0.07070707070707072,-0.13131313131313133,0.2949971001630651,0.07390471175252072,-6.765468508460117,4.793973436600297,1.971495072170999,0.16868686868686866,0.005839825722203387
0.07474747474747473,-0.13131313131313133,0.2466869275912623,0.0681576655329109,-7.335932005136669,4.9476019613548665,2.388330044419103,0.16868686868686866,0.015946270890275602
0.0787878787878788,-0.13131313131313133,0.20945026465787583,0.0633715311682306,-7.889978208997917,5.113524089774028,2.7764541195971866,0.16868686868686866,0.022876166588966712
0.0828282828282828,-0.13131313131313133,0.18041050718781457,0.05931288457347387,-8.429871579745125,5.290330233967321,3.139541346498376,0.16868686868686866,0.02715791426744336
0.08686868686868687,-0.13131313131313133,0.1575525279800757,0.055820518334903854,-8.95727977694348,5.47653872760754,3.4807410486287793,0.16868686868686866,0.029255406686773688
0.09090909090909088,-0.13131313131313133,0.13942442800304272,0.052779418767454,-9.473389659790215,5.670656976541476,3.8027326831981014,0.16868686868686866,0.029567809638661128
0.09494949494949495,-0.13131313131313133,0.12495638608170678,0.05010526480061117,-9.97899126947354,5.871214435172455,4.107776834302733,0.16868686868686866,0.028432771521901965
0.09898989898989896,-0.13131313131313133,0.11334582322606357,0.04773472343831233,-10.474555292184618,6.0767881159109045,4.397767175781681,0.16868686868686866,0.026131818635239595
0.10303030303030303,-0.13131313131313133,0.10398186790929982,0.04561912122300979,-10.960316345411897,6.28602950407689,4.674286841164861,0.16868686868686866,0.02289687155586955
0.10707070707070704,-0.13131313131313133,0.09639404914170673,0.04372031291238912,-11.436331688541685,6.497676342788129,4.938655346077713,0.16868686868686866,0.01891708160063993
0.1111111111111111,-0.13131313131313133,0.0902164723646279,0.042007858895494445,-11.902534743014726,6.710561954620484,5.191972789190146,0.16868686868686866,0.014345441366507537
0.11515151515151512,-0.13131313131313133,0.08516220067627944,0.0404570776706999,-12.358776975023062,6.923618830859446,5.435158144491588,0.16868686868686866,0.00930484525864968
0.11919191919191918,-0.13131313131313133,0.08100456076876114,0.0390476736439997,-12.804860144826307,7.135878046337055,5.6689820988869,0.16868686868686866,0.0038934383539504566
0.1232323232323232,-0.13131313131313133,0.07756325953573247,0.037762696564685005,-13.240579870755909,7.346476248569601,5.894103622195228,0.16868686868686866,-0.0018107927399507694
0.12727272727272726,-0.13131313131313133,0.07469392167451405,0.036587910373728286,-13.6657162131293,7.554634480130122,6.1110817330658485,0.16868686868686866,-0.007746164822495702
0.13131313131313133,-0.13131313131313133,0.07228009966576471,0.03551113017745949,-14.08009256491502,7.759676274443663,6.320416291407579,0.16868686868686866,-0.013864115645050367
0.13535353535353534,-0.13131313131313133,0.07022710039830303,0.03452189361791292,-14.483562388676575,7.961006789011101,6.522555600227584,0.16868686868686866,-0.020126614404107648
0.1393939393939394,-0.13131313131313133,0.06845716060296914,0.03361108700115501,-14.876043729397807,8.158119409298227,6.7179243188038065,0.16868686868686866,-0.026504081339508406
0.14343434343434341,-0.13131313131313133,0.06690563438223529,0.03277083670424643,-15.257468233465318,8.350556208123056,6.906912025396018,0.16868686868686866,-0.03297373752776276
0.14747474747474748,-0.13131313131313133,0.06551794231002656,0.0319940598815155,-15.627900986955794,8.53796272371958,7.08993826329505,0.16868686868686866,-0.03951831418680366
0.1515151515151515,-0.13131313131313133,0.06424709605368073,0.031274610572525445,-15.987409302179572,8.720005578263585,7.267403724604286,0.16868686868686866,-0.04612506155942281
0.15555555555555556,-0.13131313131313133,0.06305165541661333,0.030606869032461098,-16.336202160227785,8.896438451890894,7.439763707951368,0.16868686868686866,-0.05278500799173061
0.15959595959595957,-0.13131313131313133,0.06189400923095354,0.029985816061897343,-16.674550359602463,9.067048109037763,7.607502250705853,0.16868686868686866,-0.059492430208532066
0.16363636363636364,-0.13131313131313133,0.06073889441407199,0.029406911332745884,-17.002805712498542,9.23165438870177,7.771151324113035,0.16868686868686866,-0.06624450499620106
0.16767676767676765,-0.13131313131313133,0.05955208517651934,0.028865941312786005,-17.321451414982675,9.390126540314633,7.93132487486454,0.16868686868686866,-0.0730411209016251
0.1717171717171717,-0.13131313131313133,0.058299201143483304,0.028359024018622194,-17.631072200543443,9.542355197104232,8.088717002785195,0.16868686868686866,-0.07988483615113362
0.17575757575757572,-0.13131313131313133,0.056944592225387954,0.027882549150800674,-17.93236326019627,9.688244507334012,8.244118753404909,0.16868686868686866,-0.08678097549517398
0.1797979797979798,-0.13131313131313133,0.05545026945904361,0.02743303191724108,-18.226202686057746,9.827737290656778,8.398465394181471,0.16868686868686866,-0.09373786478288756
0.1838383838383838,-0.13131313131313133,0.05377486192020902,0.02700721695750152,-18.51356993911031,9.960755496662514,8.552814442193768,0.16868686868686866,-0.1007672074178362
0.18787878787878787,-0.13131313131313133,0.05187258765539979,0.026601876258286694,-18.795666709387632,10.087248231713751,8.708418478040137,0.16868686868686866,-0.10788461183001635
0.19191919191919193,-0.13131313131313133,0.04969224187850916,0.0262138357116073,-19.073896910933456,10.207161727281907,8.86673518339645,0.16868686868686866,-0.11511028339103566
0.19595959595959594,-0.13131313131313133,0.04717621654765082,0.02583996159255112,-19.349873962066496,10.320422124482768,9.029451837544773,0.16868686868686866,-0.12246989819435991
0.2,-0.13131313131313133,0.0442595860857884,0.02547707443080481,-19.625487273126964,10.42694786048499,9.198539412777922,0.16868686868686866,-0.12999567899195852
-0.2,-0.1272727272727273,2.48847035661129,0.013107036158033332,35.74051816131664,2.406931343916657,-38.14744950495199,0.1727272727272727,-11.905616520282647
-0.19595959595959597,-0.1272727272727273,2.4886285163200066,0.013118537434819999,35.715502786823464,2.3985021080734903,-38.11400489419285,0.1727272727272727,-11.808333120061032
-0.19191919191919193,-0.1272727272727273,2.48879585791509,0.013130930534149075,35.68847319772591,2.389559329912135,-38.07803252802125,0.1727272727272727,-11.712315404805961
-0.1878787878787879,-0.1272727272727273,2.488969408385078,0.013144274371814542,35.6591621444032,2.380214230114021,-38.039376374612424,0.1727272727272727,-11.616955350789768
-0.18383838383838386,-0.1272727272727273,2.4891458380427176,0.013158639241686585,35.627259946796485,2.37059004530294,-37.99784999122398,0.1727272727272727,-11.52158927709261
-0.17979797979797982,-0.1272727272727273,2.4893214270034307,0.013174095027927329,35.59244572204534,2.360825371083724,-37.95327109289077,0.1727272727272727,-11.42549286830971
-0.17575757575757578,-0.1272727272727273,2.4894920290805382,0.013190734497867269,35.554323631118265,2.3510712565789014,-37.90539488763216,0.1727272727272727,-11.327876713401514
-0.1717171717171717,-0.1272727272727273,2.4896530327580964,0.013208649749878685,35.51248596417828,2.34149680294534,-37.85398276577912,0.1727272727272727,-11.227882711686432
-0.1676767676767677,-0.1272727272727273,2.489799319650014,0.013227943273359782,35.46648253227218,2.3322885749472952,-37.79877110585721,0.1727272727272727,-11.124581806157938
-0.16363636363636364,-0.1272727272727273,2.489925219869453,0.01324872832770377,35.41581909417975,2.3236520181780946,-37.73947111253092,0.1727272727272727,-11.016973440083403
-0.15959595959595962,-0.1272727272727273,2.490024464348987,0.013271152490030172,35.35989414318975,2.31580888125481,-37.675703023465786,0.1727272727272727,-10.903987415424496
-0.15555555555555556,-0.1272727272727273,2.4900901338163757,0.013295354610847,35.298113923289065,2.309006356188089,-37.6071202782099,0.1727272727272727,-10.784488842577456
-0.15151515151515152,-0.1272727272727273,2.4901146044852296,0.013321506466244802,35.229781194519646,2.3035114003075705,-37.53329259460969,0.1727272727272727,-10.657286821057525
-0.14747474747474748,-0.1272727272727273,2.490089490154936,0.013349808737042364,35.15410698667094,2.2996131266287207,-37.453720112810196,0.1727272727272727,-10.521147730035736
-0.14343434343434344,-0.1272727272727273,2.4900055804977015,0.013380465616194645,35.0702785701189,2.2976288213427374,-37.367907391372235,0.1727272727272727,-10.374813857153757
-0.1393939393939394,-0.1272727272727273,2.4898527755094317,0.01341373065081196,34.9773401571335,2.297897658974051,-37.27523781458271,0.1727272727272727,-10.217027948603073
-0.13535353535353536,-0.1272727272727273,2.4896200159410844,0.013449893311934972,34.87423148004281,2.3007845894343255,-37.1750160688919,0.1727272727272727,-10.046564256121297
-0.13131313131313133,-0.1272727272727273,2.4892952098406327,0.013489277667547957,34.75979496818606,2.306682001704907,-37.06647696920437,0.1727272727272727,-9.862266066635785
-0.1272727272727273,-0.1272727272727273,2.4888651548172303,0.013532246350439647,34.63277020381403,2.316010290843014,-36.94878049435873,0.1727272727272727,-9.663089484177444
-0.12323232323232325,-0.1272727272727273,2.488315456650048,0.013579235212805478,34.49171197480655,2.3292129276033187,-36.82092490198713,0.1727272727272727,-9.44815241349695
-0.11919191919191921,-0.1272727272727273,2.4876304440886723,0.013630738468400256,34.33503875086657,2.34675960975704,-36.681798359999476,0.1727272727272727,-9.216787081030455
-0.11515151515151516,-0.1272727272727273,2.4867930806799383,0.013687320871002636,34.16101415358382,2.3691442839002264,-36.53015843713213,0.1727272727272727,-8.968593580930259
-0.11111111111111112,-0.1272727272727273,2.4857848740126887,0.013749644246649316,33.96769721529894,2.396880008528452,-36.36457722274619,0.1727272727272727,-8.70349110681676
-0.10707070707070708,-0.1272727272727273,2.48458578312953,0.013818455352518116,33.75299462553055,2.4304996399910372,-36.18349426462346,0.1727272727272727,-8.421762904416148
-0.10303030303030304,-0.1272727272727273,2.48317412524561,0.013894650981413785,33.51452889548669,2.470541954395859,-35.9850708498012,0.1727272727272727,-8.124090541925876
-0.098989898989899,-0.1272727272727273,2.481526482191702,0.013979244267296957,33.249758962419236,2.51755366432371,-35.7673126275993,0.1727272727272727,-7.811573134593631
-0.09494949494949496,-0.1272727272727273,2.479617607093783,0.014073437503069079,32.955851641186584,2.5720710784113265,-35.527922718442646,0.1727272727272727,-7.485727683104999
-0.09090909090909093,-0.1272727272727273,2.4774203305591076,0.014178606070604076,32.62978177546249,2.6346156916532664,-35.26439746663018,0.1727272727272727,-7.148467841039938
-0.08686868686868687,-0.1272727272727273,2.47490546448735,0.014296383387999838,32.26821075460984,2.70566945216963,-34.973880206485916,0.1727272727272727,-6.802059993482567
-0.08282828282828283,-0.1272727272727273,2.4720416981659588,0.01442867138581082,31.867563997451626,2.785661281407542,-34.65322527787066,0.1727272727272727,-6.449057726412526
-0.0787878787878788,-0.1272727272727273,2.4687954781870274,0.014577693878799761,31.424034092891546,2.874943794417362,-34.298977887732654,0.1727272727272727,-6.0922178030999
-0.07474747474747476,-0.1272727272727273,2.4651308584750304,0.014746069373788483,30.933576370469908,2.9737644495526325,-33.90734081829429,0.1727272727272727,-5.7344028839766175
-0.07070707070707072,-0.1272727272727273,2.461009298733509,0.01493687131306137,30.39197407007559,3.082238135268586,-33.474212203023185,0.1727272727272727,-5.37847774200214
-0.06666666666666668,-0.1272727272727273,2.456389382888623,0.015153738061316936,29.79484912047232,3.2003100918801195,-32.99515921295463,0.1727272727272727,-5.027206460942398
-0.06262626262626264,-0.1272727272727273,2.4512264185169057,0.015400951355269626,29.1377994337999,3.3277274332929494,-32.46552686666482,0.1727272727272727,-4.683158112712976
-0.0585858585858586,-0.1272727272727273,2.4454718685774566,0.015683602216649408,28.416433830358784,3.4639972780633315,-31.880431108449173,0.1727272727272727,-4.3486274176572195
-0.054545454545454564,-0.1272727272727273,2.439072559383438,0.016007745590158294,27.626524160400123,3.6083550539371316,-31.23487921403313,0.1727272727272727,-4.025575208236918
-0.050505050505050525,-0.1272727272727273,2.4319695996045496,0.016380553163819405,26.764253260736837,3.7597464480042646,-30.523999708565086,0.1727272727272727,-3.7155914802774985
-0.046464646464646486,-0.1272727272727273,2.424096941790779,0.016810631937603196,25.826291586653028,3.9167901642350884,-29.743081750385745,0.1727272727272727,-3.41988148829683
-0.04242424242424245,-0.1272727272727273,2.4153795143049916,0.017308285314739,24.810121746817686,4.077777366941497,-28.887899113257717,0.1727272727272727,-3.139273287615212
-0.03838383838383841,-0.1272727272727273,2.405730846999751,0.017885888921035528,23.714321588213096,4.24067702676415,-27.954998613279255,0.1727272727272727,-2.874243346789539
-0.03434343434343434,-0.1272727272727273,2.3950501037191394,0.01855839162391784,22.53883737983358,4.403152536756441,-26.941989916619853,0.1727272727272727,-2.624955711077284
-0.030303030303030304,-0.1272727272727273,2.3832184082121786,0.01934393152000225,21.285296756614926,4.562602854554292,-25.847899609685527,0.1727272727272727,-2.3913095674541642
-0.026262626262626265,-0.1272727272727273,2.3700942969212795,0.02026454203780931,19.957391555786074,4.71624770468166,-24.673639258544114,0.1727272727272727,-2.172990139746751
-0.022222222222222227,-0.1272727272727273,2.3555080430278847,0.02134725069174782,18.56101756306859,4.861202338879799,-23.422219901560773,0.1727272727272727,-1.9695183822300075
-0.018181818181818188,-0.1272727272727273,2.339254459560711,0.022625340267487613,17.104496223627365,4.99461893187236,-22.099115155183824,0.1727272727272727,-1.7802960258158091
-0.01414141414141415,-0.1272727272727273,2.3210836160249855,0.024140133772072,15.598556382886173,5.1138391953930125,-20.712395578301376,0.1727272727272727,-1.6046438861325514
-0.01010101010101011,-0.1272727272727273,2.3006887222550603,0.02594342783727818,14.056132022346802,5.21657176758271,-19.272703789677117,0.1727272727272727,-1.4418328378884575
-0.006060606060606072,-0.1272727272727273,2.277690337788597,0.028100819864267334,12.49197822946924,5.301096934604779,-17.793075162863165,0.1727272727272727,-1.291108296743371
-0.002020202020202033,-0.1272727272727273,2.2516162657769216,0.03069661926404612,10.921996687562483,5.366441974501264,-16.28843866107734,0.1727272727272727,-1.1517100972842444
0.0020202020202020055,-0.1272727272727273,2.221877494058193,0.03384083668019973,9.36248093242402,5.412567472261248,-14.775048404389782,0.1727272727272727,-1.02289016850103
0.006060606060606044,-0.1272727272727273,2.187743567861386,0.037679973271329666,7.829179165484305,5.440469313810873,-13.269648478245145,0.1727272727272727,-0.903930156607691
0.010101010101010083,-0.1272727272727273,2.1483289804748327,0.04241384211002436,6.3363931614954225,5.4522111038262615,-11.788604264995676,0.1727272727272727,-0.7941601634329905
0.014141414141414121,-0.1272727272727273,2.1026241294278742,0.04832271398278589,4.896218661534704,5.450882293657916,-10.347100954829077,0.1727272727272727,-0.6929781873947415
0.01818181818181816,-0.1272727272727273,2.049664848860469,0.0558136551599685,3.517954256595587,5.440426960370939,-8.958381215701294,0.1727272727272727,-0.599868077788908
0.0222222222222222,-0.1272727272727273,1.9891090447721758,0.06550309083510034,2.2078178910918638,5.42540969556871,-7.633227587453778,0.1727272727272727,-0.5144123350989659
0.026262626262626265,-0.1272727272727273,1.9230221966970207,0.07837424901413105,0.9689379263394642,5.410708530286293,-6.379646456276003,0.1727272727272727,-0.4362955250729945
0.030303030303030304,-0.1272727272727273,1.8218245845671144,0.09257179299980331,-0.19839031416951514,5.401213304702026,-5.202822990734312,0.1727272727272727,-0.36529489317973285
0.03434343434343434,-0.1272727272727273,1.5541127315133152,0.09256691091008241,-1.2962708076688472,5.401498172040434,-4.105227362810773,0.1727272727272727,-0.301257072824455
0.03838383838383838,-0.1272727272727273,1.3114233877863493,0.09232594298443801,-2.3286545624172135,5.415595918720296,-3.086941355901782,0.1727272727272727,-0.2440631701988984
0.04242424242424242,-0.1272727272727273,1.097484573882287,0.09179709143814668,-3.300757349986185,5.446795668868976,-2.1460383175741065,0.1727272727272727,-0.19358791821468316
0.04646464646464646,-0.1272727272727273,0.9170140558687117,0.09094962311090926,-4.21850788407167,5.497548894994839,-1.2790410101848195,0.1727272727272727,-0.14966075647065358
0.0505050505050505,-0.1272727272727273,0.7754813033729752,0.08977552541994659,-5.088075401425428,5.569446657794021,-0.4813712563279644,0.1727272727272727,-0.1120365990000329
0.05454545454545451,-0.1272727272727273,0.6468044704618854,0.08452399319452761,-5.9154801034273845,5.663243009364681,0.2522370939571772,0.1727272727272727,-0.08038161104376841
0.058585858585858575,-0.1272727272727273,0.5115438514637538,0.07455656218797874,-6.706317798076142,5.778942194796045,0.9273756042293755,0.1727272727272727,-0.0542754097477498
0.06262626262626264,-0.1272727272727273,0.4135507431343059,0.06697405618331452,-7.465577396511264,5.915906695782375,1.5496707008833255,0.1727272727272727,-0.03322721110093409
0.06666666666666665,-0.1272727272727273,0.3405838626939168,0.06099382038236119,-8.197551765618996,6.072985379882688,2.1245663868094375,0.1727272727272727,-0.016700844221247263
0.07070707070707072,-0.1272727272727273,0.2851562004005808,0.0561431991560658,-8.905798164399542,6.248627559124667,2.657170605716292,0.1727272727272727,-0.004142811615820467
0.07474747474747473,-0.1272727272727273,0.24241858660162904,0.05212042589539265,-9.593167964716656,6.441004797376152,3.15216316706924,0.1727272727272727,0.004991570563671527
0.0787878787878788,-0.1272727272727273,0.20908666685269572,0.04872407098943009,-10.261868309307133,6.648116493970974,3.6137518158753714,0.1727272727272727,0.011217174699695513
0.0828282828282828,-0.1272727272727273,0.18285605776949793,0.04581459252234057,-10.913553356275457,6.867885577411293,4.045667779362592,0.1727272727272727,0.015004568464563522
0.08686868686868687,-0.1272727272727273,0.16206409120620094,0.04329228625870046,-11.549401595725655,7.0982231592829415,4.451178436495979,0.1727272727272727,0.016771909641582948
0.09090909090909088,-0.1272727272727273,0.14548414574955323,0.04108402536608279,-12.170180393190833,7.337071047148761,4.833109346837727,0.1727272727272727,0.01688221075491376
0.09494949494949495,-0.1272727272727273,0.13219511169873902,0.0391346955525186,-12.776386603460779,7.582479581774663,5.193907022313962,0.1727272727272727,0.015644587692553683
0.09898989898989896,-0.1272727272727273,0.12149541093309402,0.03740200529309219,-13.36826718468319,7.8326044868672895,5.535662697762891,0.1727272727272727,0.01331811216579282
0.10303030303030303,-0.1272727272727273,0.1128445151757586,0.035852870021925776,-13.945884937260274,8.085728165541614,5.860156771923659,0.1727272727272727,0.010117102549367173
0.10707070707070704,-0.1272727272727273,0.10582205144715258,0.03446084694591383,-14.509219717659747,8.340298354881892,6.168921363073402,0.1727272727272727,0.006216976593695769
0.1111111111111111,-0.1272727272727273,0.10009852253604569,0.033204574236634324,-15.05816627653627,8.594905328510052,6.463260948217034,0.1727272727272727,0.0017600696997562108
0.11515151515151512,-0.1272727272727273,0.09541391792316388,0.032066565273238555,-15.592564895705848,8.848278940120768,6.744285955250792,0.1727272727272727,-0.0031389435597789853
0.11919191919191918,-0.1272727272727273,0.09156182248115927,0.031032226142761916,-16.112282685669967,9.099314741318675,7.012967945780922,0.1727272727272727,-0.008388213462208612
0.1232323232323232,-0.1272727272727273,0.0883774392293457,0.030089344717146818,-16.617178097344294,9.347034504624258,7.270143592905196,0.1727272727272727,-0.013914534020731827
0.12727272727272726,-0.1272727272727273,0.08572845060614243,0.029227551025556107,-17.107146594222144,9.590594304117761,7.516552291178979,0.1727272727272727,-0.019659811261390832
0.13131313131313133,-0.1272727272727273,0.08350797117868736,0.02843796712093744,-17.582128774398385,9.829272435754358,7.752856338473176,0.1727272727272727,-0.025578133635566252
0.13535353535353534,-0.1272727272727273,0.08162905886895137,0.027712906525007883,-18.04213497216884,10.062467835501032,7.979667137007667,0.1727272727272727,-0.03163337668395954
0.1393939393939394,-0.1272727272727273,0.08002040118376598,0.027045718235796986,-18.487214709411205,10.28966883892355,8.197545870826566,0.1727272727272727,-0.03779726907982037
0.14343434343434341,-0.1272727272727273,0.07862289172897202,0.02643055963151199,-18.91749576867568,10.510461898089897,8.407033871126195,0.1727272727272727,-0.044047849007835066
0.14747474747474748,-0.1272727272727273,0.07738688411421053,0.02586229190313557,-19.333166675812166,10.724509502597193,8.608657174620316,0.1727272727272727,-0.050368247033706924
0.1515151515151515,-0.1272727272727273,0.07626996335045248,0.025336308415277533,-19.734524533125835,10.931565072672889,8.802959460442128,0.1727272727272727,-0.056745740673527514
0.15555555555555556,-0.1272727272727273,0.07523510974093686,0.024848548829856983,-20.12189940856443,11.131419787653442,8.990479620654746,0.1727272727272727,-0.06317103480681269
0.15959595959595957,-0.1272727272727273,0.0742491583619693,0.02439531823941724,-20.495735906724732,11.323936788952462,9.171799118132942,0.1727272727272727,-0.0696377312322683
0.16363636363636364,-0.1272727272727273,0.07328148060041706,0.02397327720835253,-20.856556058098278,11.509019544531814,9.347536514205988,0.1727272727272727,-0.07614195903555529
0.16767676767676765,-0.1272727272727273,0.07230282477700735,0.0235793602093352,-21.204985867327707,11.68661517543945,9.518370691923696,0.1727272727272727,-0.08268214435006163
0.1717171717171717,-0.1272727272727273,0.07128426963119702,0.023210754489533022,-21.54173834490365,11.856693212949455,9.685045131840624,0.1727272727272727,-0.08925890502760722
0.17575757575757572,-0.1272727272727273,0.07019625239323384,0.02286482826957767,-21.867647292164705,12.01925156850865,9.848395724089812,0.1727272727272727,-0.09587506125029331
0.1797979797979798,-0.1272727272727273,0.06900764120929774,0.02253909130953648,-22.183680482976044,12.174310036003348,10.009370448092582,0.1727272727272727,-0.1025357582424108
0.1838383838383838,-0.1272727272727273,0.06768483004475892,0.022231195594154183,-22.49091812779193,12.321883454173378,10.169034674423695,0.1727272727272727,-0.10924870182660751
0.18787878787878787,-0.1272727272727273,0.06619084223122486,0.02193883796821286,-22.790632790750465,12.462009022449084,10.328623769275609,0.1727272727272727,-0.11602451158525467
0.19191919191919193,-0.1272727272727273,0.06448443647535068,0.021659777459148512,-23.08426302770124,12.594713481064797,10.48954954770213,0.1727272727272727,-0.1228772000021311
0.19595959595959594,-0.1272727272727273,0.06251922101546926,0.021391784638818356,-23.37345894405486,12.720017855619087,10.65344108885796,0.1727272727272727,-0.12982478894068225
0.2,-0.1272727272727273,0.060242792189121916,0.021132620904605732,-23.66010360267036,12.83792695011303,10.822176652658687,0.1727272727272727,-0.13689007732413483
-0.2,-0.12323232323232325,2.443308591701853,0.012920013734737248,34.40496395045707,4.294685312050309,-38.699649262335626,0.17676767676767674,-6.897219872776716
-0.19595959595959597,-0.12323232323232325,2.4433147622227933,0.012930234209676445,34.37802507258864,4.291034736558331,-38.66905980910727,0.17676767676767674,-6.82480388167393
-0.19191919191919193,-0.12323232323232325,2.4433235506725235,0.012941268594704491,34.34907679867841,4.287011798908495,-38.63608859910581,0.17676767676767674,-6.752547413031504
-0.1878787878787879,-0.12323232323232325,2.443331960088096,0.012953177204059136,34.31784584660676,4.282722347911658,-38.60056819436926,0.17676767676767674,-6.680254575637411
-0.18383838383838386,-0.12323232323232325,2.4433366458704118,0.01296600594905304,34.28408509746647,4.278291162828847,-38.56237626020109,0.17676767676767674,-6.607715970122472
-0.17979797979797982,-0.12323232323232325,2.443333882137841,0.012979843491192557,34.24742136088099,4.273844349218759,-38.521265710140234,0.17676767676767674,-6.53470787742626
-0.17575757575757578,-0.12323232323232325,2.4433195249674564,0.012994751458322207,34.20753920488954,4.2695337583705,-38.477072963060984,0.17676767676767674,-6.460991594166583
-0.1717171717171717,-0.12323232323232325,2.443288972571676,0.013010823830506087,34.16402307308273,4.265518861160114,-38.42954193524511,0.17676767676767674,-6.3863129444400215
-0.1676767676767677,-0.12323232323232325,2.443237122573436,0.013028164391042962,34.11641623747802,4.2619757592268,-38.378391997171825,0.17676767676767674,-6.310402052406735
-0.16363636363636364,-0.12323232323232325,2.44315832542894,0.013046870865803466,34.064261427867365,4.259104009300337,-38.32336543690361,0.17676767676767674,-6.2329734359620685
-0.15959595959595962,-0.12323232323232325,2.443046334663236,0.013067069109785723,34.00701046006752,4.257117157135781,-38.26412761725595,0.17676767676767674,-6.153726522520207
-0.15555555555555556,-0.12323232323232325,2.442894253059155,0.013088900312352833,33.944057446780434,4.256248772669398,-38.20030621826857,0.17676767676767674,-6.072346665426137
-0.15151515151515152,-0.12323232323232325,2.4426944748414527,0.013112509858411807,33.87476723633064,4.2567579561767666,-38.13152519204502,0.17676767676767674,-5.988506797942788
-0.14747474747474748,-0.12323232323232325,2.4424386238131532,0.013138093815119267,33.79835504528097,4.25891620222589,-38.0572712479352,0.17676767676767674,-5.901869807852602
-0.14343434343434344,-0.12323232323232325,2.4421174869214908,0.013165834717679428,33.71405289582198,4.263030268460657,-37.97708316420498,0.17676767676767674,-5.81209177648458
-0.1393939393939394,-0.12323232323232325,2.441720943282505,0.013195966048241964,33.620943982284516,4.269423284373097,-37.890367265712996,0.17676767676767674,-5.718826184927492
-0.13535353535353536,-0.12323232323232325,2.4412378886427786,0.013228752854431805,33.51801478705589,4.278443088363986,-37.796457874380906,0.17676767676767674,-5.621729194745544
-0.13131313131313133,-0.12323232323232325,2.4406561549961654,0.013264488659693372,33.40416538238114,4.290465207902422,-37.69463059086449,0.17676767676767674,-5.520466080305111
-0.1272727272727273,-0.12323232323232325,2.4399624256637593,0.013303514306666864,33.27816535085395,4.305888642170917,-37.58405399321337,0.17676767676767674,-5.414718865761463
-0.12323232323232325,-0.12323232323232325,2.4391421456604343,0.013346232963840054,33.13862215762211,4.325132698497452,-37.46375485462613,0.17676767676767674,-5.30419516075154
-0.11919191919191921,-0.12323232323232325,2.4381794279734885,0.013393079879830313,32.9840642420087,4.348648209595876,-37.33271245233991,0.17676767676767674,-5.188638109597889
-0.11515151515151516,-0.12323232323232325,2.437056956113664,0.01344459627805282,32.812768019636835,4.376894627282038,-37.18966264620401,0.17676767676767674,-5.067837274196778
-0.11111111111111112,-0.12323232323232325,2.435755883189706,0.013501377908728593,32.62289996995085,4.410357182573016,-37.03325715143497,0.17676767676767674,-4.941640216354234
-0.10707070707070708,-0.12323232323232325,2.4342557287055593,0.013564111137464906,32.41244544076068,4.4495350413222035,-36.861980481193115,0.17676767676767674,-4.809964320761549
-0.10303030303030304,-0.12323232323232325,2.432534273135165,0.013633617459919352,32.17912662737585,4.494925689914556,-36.67405231743619,0.17676767676767674,-4.67280836651536
-0.098989898989899,-0.12323232323232325,2.4305674507676427,0.013710823312471577,31.920507431927447,4.54703274390258,-36.467540177104325,0.17676767676767674,-4.530263166621527
-0.09494949494949496,-0.12323232323232325,2.428329240366874,0.013796830356058377,31.63386830923507,4.6063395565430305,-36.240207866875046,0.17676767676767674,-4.38252051408395
-0.09090909090909093,-0.12323232323232325,2.425791551663593,0.013892912408183371,31.3162684850346,4.673305573040835,-35.98957405855473,0.17676767676767674,-4.229879585493433
-0.08686868686868687,-0.12323232323232325,2.422924104331007,0.0140005507535217,30.964532061389903,4.748348724636234,-35.7128807861363,0.17676767676767674,-4.0727499658775566
-0.08282828282828283,-0.12323232323232325,2.419694292201641,0.014121480914715802,30.575228692929997,4.831822664974869,-35.40705135832753,0.17676767676767674,-3.911650515206636
-0.0787878787878788,-0.12323232323232325,2.416067021673498,0.014257754206869673,30.14464861814467,4.923987911053008,-35.068636528727524,0.17676767676767674,-3.747203482603158
-0.07474747474747476,-0.12323232323232325,2.4120045077182564,0.014411743138162103,29.66892738968592,5.025002082150593,-34.693929471611725,0.17676767676767674,-3.5801235675677687
-0.07070707070707072,-0.12323232323232325,2.4074660038661064,0.01458626881285332,29.143945127314765,5.1348691753104525,-34.27881430208051,0.17676767676767674,-3.41120198033854
-0.06666666666666668,-0.12323232323232325,2.4024074349153244,0.014784651970506416,28.565437487053117,5.253417430498672,-33.81885491795048,0.17676767676767674,-3.241286044636646
-0.06262626262626264,-0.12323232323232325,2.396780893303022,0.015010798874706391,27.929082784274144,5.380270314058972,-33.30935309757945,0.17676767676767674,-3.071255326515037
-0.0585858585858586,-0.12323232323232325,2.3905339520569577,0.015269348904837323,27.230535054893664,5.514803539580175,-32.74533859368056,0.17676767676767674,-2.9019957298968047
-0.054545454545454564,-0.12323232323232325,2.3836087424802344,0.015565813870714375,26.46555738902724,5.656116694484613,-32.12167408355102,0.17676767676767674,-2.734373295269193
-0.050505050505050525,-0.12323232323232325,2.375940739770649,0.015906756899956333,25.630175413210097,5.803007550802928,-31.43318296396223,0.17676767676767674,-2.5692095743874885
-0.046464646464646486,-0.12323232323232325,2.3674571991272497,0.016300011073221283,24.72087093269718,5.953954854447517,-30.67482578719472,0.17676767676767674,-2.4072603432441118
-0.04242424242424245,-0.12323232323232325,2.3580751831685682,0.016754954818220234,23.73480806138791,6.107110667734528,-29.841918729665966,0.17676767676767674,-2.2491990537152677
-0.03838383838383841,-0.12323232323232325,2.3476991168529033,0.01728288076640059,22.670064278768564,6.260297895713375,-28.930362175597843,0.17676767676767674,-2.0956058725375173
-0.03434343434343434,-0.12323232323232325,2.3362177907260766,0.017897404628812272,21.52596746008146,6.411044099981005,-27.93701155891773,0.17676767676767674,-1.946962449928801
-0.030303030303030304,-0.12323232323232325,2.323500700135711,0.018615042990083507,20.30337754215293,6.556619518319007,-26.85999706109491,0.17676767676767674,-1.8036518699148205
-0.026262626262626265,-0.12323232323232325,2.3093935484519665,0.019455926834565398,19.00499854300496,6.694111258427331,-25.699109800391057,0.17676767676767674,-1.66596264924265
-0.022222222222222227,-0.12323232323232325,2.293712649736659,0.02044471342298934,17.635663601955997,6.82053637729393,-24.456199980122264,0.17676767676767674,-1.5340953557251324
-0.018181818181818188,-0.12323232323232325,2.276237855211305,0.02161188313506833,16.2024566318363,6.932963676937991,-23.13542030933727,0.17676767676767674,-1.4081704141851623
-0.01414141414141415,-0.12323232323232325,2.256703525157698,0.02299534945249337,14.71481263312458,7.0287142924644925,-21.743526927013747,0.17676767676767674,-1.2882360770285877
-0.01010101010101011,-0.12323232323232325,2.2347870757238244,0.024642853020854612,13.184311662849396,7.105546803298253,-20.289858466535666,0.17676767676767674,-1.1742761772065369
-0.006060606060606072,-0.12323232323232325,2.210094948988118,0.026615184844440132,11.624363252370088,7.16190492226157,-18.78626817425259,0.17676767676767674,-1.0662180815001434
-0.002020202020202033,-0.12323232323232325,2.182146962934895,0.028991021486045376,10.049594727471913,7.19712423445279,-17.24671896268734,0.17676767676767674,-0.9639419236682343
0.0020202020202020055,-0.12323232323232325,2.1503629725879914,0.031874023744173294,8.475120657075223,7.2116343016407285,-15.686754957263961,0.17676767676767674,-0.867292510092707
0.006060606060606044,-0.12323232323232325,2.114063241279883,0.03540370622083828,6.915709704850883,7.207105485010672,-14.12281519025412,0.17676767676767674,-0.776095023775857
0.010101010101010083,-0.12323232323232325,2.072512604784216,0.03977302602842822,5.384889522340316,7.1864446189827085,-12.57133414057332,0.17676767676767674,-0.6901747224353487
0.014141414141414121,-0.12323232323232325,2.0250865801423363,0.045257022384632806,3.89425434656728,7.153754861023362,-11.048009206991441,0.17676767676767674,-0.6093793496502029
0.01818181818181816,-0.12323232323232325,1.9717669100094786,0.05226300569707711,2.4528968315394337,7.114099810195704,-9.566996642082568,0.17676767676767674,-0.5336012357535631
0.0222222222222222,-0.12323232323232325,1.9145401944338305,0.061422420264519634,1.0671450776382159,7.073204941769507,-8.140350019656761,0.17676767676767674,-0.4627946269355896
0.026262626262626265,-0.12323232323232325,1.821642077723234,0.07105232147772522,-0.25944064044266213,7.0370677498639225,-6.777627108749535,0.17676767676767674,-0.3969832520583471
0.030303030303030304,-0.12323232323232325,1.5832359839633927,0.07131059762351026,-1.525827472919076,7.011580559807669,-5.485753086740747,0.17676767676767674,-0.3362540929245425
0.03434343434343434,-0.12323232323232325,1.3612806386309027,0.07140686187804338,-2.7331000508506946,7.002128182832745,-4.269028131873021,0.17676767676767674,-0.28073593618218523
0.03838383838383838,-0.12323232323232325,1.1594806119279042,0.07129306802572777,-3.883951931220281,7.013304572388183,-3.129352642166083,0.17676767676767674,-0.2305650814586384
0.04242424242424242,-0.12323232323232325,0.9823897658027014,0.0709351013061165,-4.982157622704094,7.048696495456344,-2.066538873280507,0.17676767676767674,-0.1858444007939861
0.04646464646464646,-0.12323232323232325,0.8352986029688667,0.07031578652640903,-6.032082562636447,7.110778741203873,-1.0786961784815539,0.17676767676767674,-0.14660431821176975
0.0505050505050505,-0.12323232323232325,0.7236060302048989,0.06943578402503225,-7.0382622922008125,7.200898023722118,-0.1626357326316672,0.17676767676767674,-0.11277411091244234
0.05454545454545451,-0.12323232323232325,0.5859616360525336,0.06246020810428094,-8.00509660758992,7.319359590033102,0.6857370173986439,0.17676767676767674,-0.08416916736752596
0.058585858585858575,-0.12323232323232325,0.47431004018294626,0.05594961321426912,-8.936612271261254,7.465537273612586,1.4710749968279941,0.17676767676767674,-0.06049554136322499
0.06262626262626264,-0.12323232323232325,0.39104837615742993,0.05083189469634134,-9.836343952816733,7.638048544016382,2.1982954085416893,0.17676767676767674,-0.04136896527486749
0.06666666666666665,-0.12323232323232325,0.32772779711259786,0.04669722894121675,-10.707273458109952,7.83492473009089,2.8723487276090154,0.17676767676767674,-0.0263428105900895
0.07070707070707072,-0.12323232323232325,0.2788641437625796,0.043283320279853175,-11.55179401118518,8.053757458771528,3.4980365527362736,0.17676767676767674,-0.014938834785108525
0.07474747474747473,-0.12323232323232325,0.24073498196758544,0.040414429353450826,-12.37181887757049,8.291906491561544,4.0799123859465,0.17676767676767674,-0.00667558412459654
0.0787878787878788,-0.12323232323232325,0.21072310674139139,0.037968690051889846,-13.16874507137598,8.546564772861547,4.622180299176733,0.17676767676767674,-0.0010912161347468377
0.0828282828282828,-0.12323232323232325,0.1869364161716648,0.03585873719246373,-13.943603125602621,8.814922903374924,5.128680222395008,0.17676767676767674,0.0022405409304036353
0.08686868686868687,-0.12323232323232325,0.16797650782595866,0.034020327940383975,-14.69709524523337,9.094229321326623,5.602865923089748,0.17676767676767674,0.003701073412999495
0.09090909090909088,-0.12323232323232325,0.15279161159948956,0.03240509375949532,-15.429672992695956,9.381858129742763,6.047814862541827,0.17676767676767674,0.0036231074064506028
0.09494949494949495,-0.12323232323232325,0.1405795656046274,0.030975863953330032,-16.14159981937459,9.675351832690765,6.466247987068385,0.17676767676767674,0.0022910324579484415
0.09898989898989896,-0.12323232323232325,0.13072170497494484,0.029703526597861067,-16.833018071442083,9.972455662431603,6.8605624085151895,0.17676767676767674,-5.6082688819923676e-05
0.10303030303030303,-0.12323232323232325,0.12273654560640798,0.028564935129546973,-17.503978137609494,10.271121587155704,7.232856549765977,0.17676767676767674,-0.003219955802052931
0.10707070707070704,-0.12323232323232325,0.11624655940719023,0.02754137908786189,-18.154501210237044,10.569527557134979,7.584973654395689,0.17676767676767674,-0.00703791448181517
0.1111111111111111,-0.12323232323232325,0.11095386177714571,0.026617560188600845,-18.784591692772437,10.866064056250817,7.918527636471897,0.17676767676767674,-0.011377671031909332
0.11515151515151512,-0.12323232323232325,0.10662212046076834,0.025780821290863627,-19.39426189604039,11.15932688687652,8.234935008386291,0.17676767676767674,-0.016132410967555744
0.11919191919191918,-0.12323232323232325,0.1030629055732594,0.025020562511535154,-19.98356350995701,11.448113509678613,8.535449999949691,0.17676767676767674,-0.021216387128538714
0.1232323232323232,-0.12323232323232325,0.10012526983202118,0.02432784891652583,-20.552577488882775,11.73139596578012,8.821181523535902,0.17676767676767674,-0.026561094601817895
0.12727272727272726,-0.12323232323232325,0.09768771335799692,0.02369504558362294,-21.10145761226653,12.00832559158097,9.093132020386534,0.17676767676767674,-0.03211202833276885
0.13131313131313133,-0.12323232323232325,0.09565193447605305,0.023115598362976417,-21.630415624431578,12.27820544788485,9.352210176666986,0.17676767676767674,-0.03782598488714013
0.13535353535353534,-0.12323232323232325,0.09393792996728108,0.022583852788838562,-22.139712150665687,12.540467576290986,9.599244574561183,0.17676767676767674,-0.04366884906799515
0.1393939393939394,-0.12323232323232325,0.09248012281763338,0.022094885167930282,-22.629671808355425,12.794665319092761,9.835006489845401,0.17676767676767674,-0.04961379976544456
0.14343434343434341,-0.12323232323232325,0.09122427835621735,0.021644358095459216,-23.10070817560799,13.04047233313166,10.060235841407994,0.17676767676767674,-0.05563987141583499
0.14747474747474748,-0.12323232323232325,0.09012502490976493,0.021228468390802002,-23.553277174488628,13.277642218265889,10.275634956370649,0.17676767676767674,-0.06173081264233763
0.1515151515151515,-0.12323232323232325,0.08914384023050577,0.02084383550513276,-23.987907593899564,13.506012695929513,10.481894898011554,0.17676767676767674,-0.06787419192362337
0.15555555555555556,-0.12323232323232325,0.08824739427761683,0.02048743920422082,-24.4051974978035,13.725491148670123,10.679706348815984,0.17676767676767674,-0.07406070791990874
0.15959595959595957,-0.12323232323232325,0.08740616387463063,0.020156544407351082,-24.80583922995858,13.936056693034292,10.869782536897336,0.17676767676767674,-0.08028367031375022
0.16363636363636364,-0.12323232323232325,0.08659325148776842,0.01984873661424765,-25.19052016832049,14.13769264618755,11.052827522446634,0.17676767676767674,-0.08653862410414438
0.16767676767676765,-0.12323232323232325,0.08578335447963559,0.019561725955839458,-25.56011678761847,14.330483744950602,11.229633042806501,0.17676767676767674,-0.09282309688066107
0.1717171717171717,-0.12323232323232325,0.08495184163368637,0.019293477275879056,-25.91549428056753,14.51449148562256,11.401002795431843,0.17676767676767674,-0.09913645429220798
0.17575757575757572,-0.12323232323232325,0.08407390156140557,0.01904206181227428,-26.25766079984905,14.689828008997104,11.567832791224067,0.17676767676767674,-0.10547985391981393
0.1797979797979798,-0.12323232323232325,0.08312373596034267,0.018805675655397095,-26.5877179398191,14.856614769397002,11.731103171121816,0.17676767676767674,-0.11185629221779914
0.1838383838383838,-0.12323232323232325,0.08207377509712808,0.018582616462143355,-26.906867556770237,15.014971763019481,11.891895793196515,0.17676767676767674,-0.11827074300765862
0.18787878787878787,-0.12323232323232325,0.08089390058858173,0.018371239260420058,-27.21645463917676,15.165025553453365,12.051429086084209,0.17676767676767674,-0.12473038949605779
0.19191919191919193,-0.12323232323232325,0.07955066623764835,0.018169938961229266,-27.517979067723246,15.306898298728612,12.211080769334096,0.17676767676767674,-0.13124495474416395
0.19595959595959594,-0.12323232323232325,0.07800651495575966,0.017977105806061374,-27.8131533183345,15.440720594504377,12.372432723395537,0.17676767676767674,-0.13782713810403283
0.2,-0.12323232323232325,0.07621900000697905,0.017791167506200578,-28.10383297382333,15.566571771188151,12.537261202233406,0.17676767676767674,-0.14449316706764187
-0.2,-0.11919191919191921,2.400383099388079,0.01273622516545349,33.07249231602283,6.185607592917254,-39.2580999076634,0.18080808080808078,-4.956969820298015
-0.19595959595959597,-0.11919191919191921,2.400260993120003,0.012745249878242949,33.043811249802786,6.186490610655923,-39.23030185881959,0.18080808080808078,-4.9016149703450775
-0.19191919191919193,-0.11919191919191921,2.400135391586126,0.012755018471801051,33.01309437614715,6.18716245749761,-39.200256831687206,0.18080808080808078,-4.846239006652372
-0.1878787878787879,-0.11919191919191921,2.400003308986378,0.01276556135693796,32.98014462649566,6.187737303751092,-39.16788192995431,0.18080808080808078,-4.790749069005515
