slopeL,slopeH,F_sc,F_yield,fluxD,fluxHR,fluxLR,D_H1_flux,L1_D_flux,potential_H1
0.08686868686868687,0.026262626262626265,1.9127217321595782,0.09468862882088973,-5.280465101559532,4.804046848073597,0.47641825341766286,1.889092767805459,0.023628964354119143,0.5017626262626262
0.09090909090909088,0.026262626262626265,1.8391946394887146,0.0946432173402002,-5.282998761626446,4.752119293861082,0.5308794676677289,1.8151912379829456,0.0240034015057691,0.5017626262626262
0.09494949494949495,0.026262626262626265,1.7571570224666122,0.09459186381738031,-5.285866879337248,4.691423070963015,0.5944438082247482,1.732801266834315,0.02435575563229734,0.5017626262626262
0.09898989898989896,0.026262626262626265,1.6665126736914142,0.09453372326700157,-5.289117816627078,4.62124111933689,0.6678766972141994,1.6418879073304995,0.024624766360914666,0.5017626262626262
0.10303030303030303,0.026262626262626265,1.5676326990916887,0.09446649245814856,-5.292882026083126,4.541289674581353,0.7515923515260842,1.5428909191145501,0.024741779977138632,0.5017626262626262
0.10707070707070704,0.026262626262626265,1.4613816778306163,0.09438931215648323,-5.297209912576071,4.451701083876191,0.8455088287727677,1.4367441193181454,0.02463755851247088,0.5017626262626262
0.1111111111111111,0.026262626262626265,1.3491757382180427,0.09430162047800705,-5.302135821976067,4.353183395982899,0.948952425848249,1.3249231473199754,0.02425259089806725,0.5017626262626262
0.11515151515151512,0.026262626262626265,1.2329533928690772,0.09420306144545723,-5.307683129685307,4.247073200634844,1.060609929076753,1.2094057184138864,0.023547674455190723,0.5017626262626262
0.11919191919191918,0.026262626262626265,1.1150531685101108,0.09409458594285762,-5.313802010959999,4.135257246495026,1.1785447643883415,1.0925410686008978,0.022512099909213087,0.5017626262626262
0.1232323232323232,0.026262626262626265,0.9980389882749745,0.09397827658114259,-5.320378476692946,4.0200661385349505,1.3003123381791113,0.9768713943820214,0.021167593892953036,0.5017626262626262
0.12727272727272726,0.026262626262626265,0.8844806677535404,0.09385652399404479,-5.327280179561773,3.90411277076759,1.4231674088785942,0.8649142575066016,0.01956641024693885,0.5017626262626262
0.13131313131313133,0.026262626262626265,0.7767019599416517,0.09373330791117972,-5.334283096539547,3.7899898879659233,1.5442932091424164,0.7589186644865515,0.01778329545510021,0.5017626262626262
0.13535353535353534,0.026262626262626265,0.6766176011269983,0.0936094358093089,-5.341341881265222,3.680210882794153,1.6611309991148047,0.6607125963930355,0.01590500473396285,0.5017626262626262
0.1393939393939394,0.026262626262626265,0.5855468128604191,0.09348864957727318,-5.348242831876456,3.5767486111517677,1.7714942215063634,0.5715298794197712,0.014016933440647892,0.5017626262626262
0.14343434343434341,0.026262626262626265,0.5042055172118516,0.09337407228725587,-5.354805544067758,3.4810526679327367,1.8737528770778666,0.4920117346065625,0.01219378260528909,0.5017626262626262
0.14747474747474748,0.026262626262626265,0.43274952391555044,0.09326714363433117,-5.3609447065684055,3.3940434935475636,1.9669012138094835,0.4222562587323411,0.010493265183209291,0.5017626262626262
0.1515151515151515,0.026262626262626265,0.37086093701242606,0.09316967536021496,-5.366552990854753,3.3160693388051676,2.0504836528797274,0.36190745493715426,0.00895348207527179,0.5017626262626262
0.15555555555555556,0.026262626262626265,0.31788439400248636,0.09308239993695673,-5.371584749734532,3.247049808758039,2.1245349416200683,0.31029024347806927,0.007594150524417092,0.5017626262626262
0.15959595959595957,0.026262626262626265,0.2729571435377768,0.09300439518975348,-5.376090011079811,3.1866083122266637,2.189481699581007,0.2665373876539646,0.006419755883812187,0.5017626262626262
0.16363636363636364,0.026262626262626265,0.23511243896966175,0.0929360961635163,-5.380040916295693,3.1340840258091767,2.245956891336373,0.2296890896185511,0.0054233493511106285,0.5017626262626262
0.16767676767676765,0.026262626262626265,0.2033750254038434,0.09287732932871637,-5.383445062138778,3.0887050176568813,2.2947400453579943,0.19878430369385924,0.0045907217099841425,0.5017626262626262
0.1717171717171717,0.026262626262626265,0.17682188233000096,0.09282645718422038,-5.386395378423366,3.049696598559077,2.3366987804568122,0.17291809416545106,0.003903788164549881,0.5017626262626262
0.17575757575757572,0.026262626262626265,0.15461280957496326,0.09278248904377769,-5.3889479051615075,3.0162688713427563,2.372679034505599,0.15126978802470756,0.0033430215502556902,0.5017626262626262
0.1797979797979798,0.026262626262626265,0.13600824170795361,0.0927452309403506,-5.3911127817085065,2.9876516521577727,2.4034611303048115,0.13311902068572765,0.0028892210222259684,0.5017626262626262
0.1838383838383838,0.026262626262626265,0.12037569338814494,0.09271365122556789,-5.392949078678937,2.963169618046198,2.429779461541199,0.11785105715248656,0.002524636235658378,0.5017626262626262
0.18787878787878787,0.026262626262626265,0.10718294052682184,0.0926868956985884,-5.394505838217514,2.9422187074837503,2.452287131331629,0.10494946961604963,0.0022334709107722076,0.5017626262626262
0.19191919191919193,0.026262626262626265,0.09598892040056878,0.09266400086646294,-5.395838678344335,2.9242770375543117,2.471561641536944,0.09398683723888103,0.002002083161687746,0.5017626262626262
0.19595959595959594,0.026262626262626265,0.08643139820174657,0.09264462047728686,-5.396967437279081,2.90887856224186,2.4880888760087645,0.08461246349041882,0.0018189347113277488,0.5017626262626262
0.2,0.026262626262626265,0.07821622061778039,0.09262796044677862,-5.397938134066989,2.895640550892068,2.502297583682002,0.07654176931135186,0.0016744513064285223,0.5017626262626262
-0.2,0.030303030303030304,2.8305732991281793,0.10036243438921225,-4.274115219108866,4.981943722685255,-0.7078285036013637,2.807386938671125,0.02318636045705439,0.5058030303030303
-0.19595959595959597,0.030303030303030304,2.830587804049118,0.10036170955774368,-4.274152360088246,4.981979703210282,-0.7078273431984721,2.8073995532699074,0.02318825077921055,0.5058030303030303
-0.19191919191919193,0.030303030303030304,2.8306062306591726,0.10036081857186935,-4.2741975944709045,4.982023932521855,-0.7078263378011121,2.807415713454913,0.023190517204259558,0.5058030303030303
-0.1878787878787879,0.030303030303030304,2.8306192993741814,0.10036008657476743,-4.27423724966009,4.98206026999366,-0.7078230199893515,2.807426154180341,0.023193145193840654,0.5058030303030303
-0.18383838383838386,0.030303030303030304,2.830655209770844,0.10035850926502464,-4.274314304374174,4.982138571426582,-0.7078242674479646,2.8074587719609343,0.023196437809909785,0.5058030303030303
-0.17979797979797982,0.030303030303030304,2.830673930106586,0.1003575007251038,-4.274368775504909,4.982188639583626,-0.7078198638870491,2.8074737787910373,0.023200151315548426,0.5058030303030303
-0.17575757575757578,0.030303030303030304,2.8307006111376216,0.10035616319276712,-4.274439187304439,4.982255041441231,-0.707815854000023,2.807496020678118,0.023204590459503696,0.5058030303030303
-0.1717171717171717,0.030303030303030304,2.8307412237515974,0.10035427790270836,-4.274535199441872,4.982348639834829,-0.7078134401903677,2.8075313040776506,0.023209919673946918,0.5058030303030303
-0.1676767676767677,0.030303030303030304,2.8308235615586583,0.10035085131828117,-4.274699541457791,4.982518767187123,-0.7078192257982793,2.807607059507824,0.023216502050834295,0.5058030303030303
-0.16363636363636364,0.030303030303030304,2.830843098885998,0.10034957910205164,-4.274775272567481,4.982581934937851,-0.7078066621212521,2.807619460495926,0.02322363839007152,0.5058030303030303
-0.15959595959595962,0.030303030303030304,2.8309278253256536,0.10034591262818182,-4.274956732926104,4.982763990234449,-0.7078072570907655,2.8076952619922952,0.023232563333358467,0.5058030303030303
-0.15555555555555556,0.030303030303030304,2.831001796092458,0.10034253042214274,-4.275130513437303,4.982931942343473,-0.7078014285859308,2.807758926083056,0.023242870009401447,0.5058030303030303
-0.15151515151515152,0.030303030303030304,2.8311035167058316,0.10033805145605447,-4.27535628439624,4.983154374159426,-0.7077980896062896,2.8078483896003323,0.02325512710549924,0.5058030303030303
-0.14747474747474748,0.030303030303030304,2.831196042291912,0.10033376578718213,-4.275580084478176,4.983367225264541,-0.7077871405628688,2.807926715917478,0.023269326374434032,0.5058030303030303
-0.14343434343434344,0.030303030303030304,2.831339970405766,0.10032750268829238,-4.275895635652275,4.983678319543962,-0.7077826838591662,2.8080536597865047,0.023286310619261275,0.5058030303030303
-0.1393939393939394,0.030303030303030304,2.8314825635169574,0.10032110305326125,-4.276225975715895,4.983996236015006,-0.7077702600932205,2.8081765145777218,0.02330604893923577,0.5058030303030303
-0.13535353535353536,0.030303030303030304,2.8316914404652556,0.10031213715051578,-4.276676495093237,4.984441705625322,-0.7077652106629141,2.808361872734028,0.023329567731227945,0.5058030303030303
-0.13131313131313133,0.030303030303030304,2.831897898092379,0.10030299758599097,-4.277147443027485,4.984895885857622,-0.707748442718609,2.8085410488022857,0.023356849290092855,0.5058030303030303
-0.1272727272727273,0.030303030303030304,2.83214047124465,0.10029226820497815,-4.277701960778608,4.98542917569533,-0.707727214801874,2.808751621805318,0.023388849439332084,0.5058030303030303
-0.12323232323232325,0.030303030303030304,2.832437549910296,0.10027923496289927,-4.278373958045336,4.98607712926335,-0.7077031714466209,2.8090110861753534,0.023426463734942424,0.5058030303030303
-0.11919191919191921,0.030303030303030304,2.832805769804764,0.10026323111590894,-4.279196219523458,4.986872998618754,-0.7076767789716616,2.809335074469675,0.023470695335089123,0.5058030303030303
-0.11515151515151516,0.030303030303030304,2.8331981191587707,0.10024582294365811,-4.280107337623231,4.987738993189005,-0.707631655557701,2.809675959310883,0.023522159847887854,0.5058030303030303
-0.11111111111111112,0.030303030303030304,2.833660213776512,0.10022527266162129,-4.281188348529083,4.988761683811596,-0.7075733352053641,2.8100778129936117,0.023582400782900574,0.5058030303030303
-0.10707070707070708,0.030303030303030304,2.834195589669061,0.10020129940714285,-4.28246000153697,4.989955249475464,-0.7074952483190233,2.810542791949953,0.02365279771910786,0.5058030303030303
-0.10303030303030304,0.030303030303030304,2.834793553611497,0.10017408228889091,-4.28392580766688,4.991311011519837,-0.7073852039041592,2.8110587328353653,0.023734820776131434,0.5058030303030303
-0.098989898989899,0.030303030303030304,2.8355213356905287,0.10014099129982501,-4.2857126134227155,4.992960360312651,-0.7072477468411975,2.8116905051724506,0.023830830518078293,0.5058030303030303
-0.09494949494949496,0.030303030303030304,2.8363589462420538,0.10010240709294216,-4.287822784534761,4.994884883592764,-0.7070620990622801,2.8124162194008377,0.02394272684121597,0.5058030303030303
-0.09090909090909093,0.030303030303030304,2.837329064574509,0.10005710785642606,-4.290332776560042,4.997146236866698,-0.7068134603765198,2.8132559986815653,0.024073065892943557,0.5058030303030303
-0.08686868686868687,0.030303030303030304,2.8384083722189137,0.10000536927358503,-4.293262117543586,4.999731550557538,-0.7064694333679247,2.8141840303897707,0.02422434182914293,0.5058030303030303
-0.08282828282828283,0.030303030303030304,2.839625618225101,0.09994546625551397,-4.296725650558077,5.002728175041327,-0.7060025244011667,2.8152257746739098,0.024399843551191604,0.5058030303030303
-0.0787878787878788,0.030303030303030304,2.841039745914553,0.09987440038686915,-4.300905770120494,5.006287878206038,-0.7053821080879591,2.8164362464648396,0.02460349944971373,0.5058030303030303
-0.07474747474747476,0.030303030303030304,2.8425699697292015,0.09979380799104888,-4.305801974279935,5.010330901983174,-0.7045289276205178,2.8177315564272662,0.02483841330193524,0.5058030303030303
-0.07070707070707072,0.030303030303030304,2.8443280891669054,0.099698193060085,-4.311742694698184,5.015136028563681,-0.7033933338990008,2.8192183613464863,0.0251097278204192,0.5058030303030303
-0.06666666666666668,0.030303030303030304,2.84619417932717,0.0995897212630587,-4.31875380145035,5.020598447925913,-0.7018446464216063,2.8207733008451927,0.02542087848197757,0.5058030303030303
-0.06262626262626264,0.030303030303030304,2.8482170051245115,0.09946403321509024,-4.327179201151209,5.026942743391466,-0.6997635422594477,2.8224400019996607,0.025777003124850904,0.5058030303030303
-0.0585858585858586,0.030303030303030304,2.8503291937456456,0.09932006580874111,-4.3372661409830044,5.034229447231329,-0.6969633063426045,2.824146933756738,0.02618225998890766,0.5058030303030303
-0.054545454545454564,0.030303030303030304,2.852478961292529,0.09915524328686388,-4.349385088845483,5.042597682402381,-0.6932125936298317,2.8258382398890105,0.026640721403518648,0.5058030303030303
-0.050505050505050525,0.030303030303030304,2.854531002449084,0.0989687125030882,-4.363901379047389,5.052101693049256,-0.6882003140876122,2.8273759535673477,0.02715504888173633,0.5058030303030303
-0.046464646464646486,0.030303030303030304,2.856351169160823,0.09875816817450461,-4.381327132380681,5.062872360307146,-0.6815452278198545,2.8286244917634638,0.027726677397359626,0.5058030303030303
-0.04242424242424245,0.030303030303030304,2.8577092750741895,0.09852302832142769,-4.4021926334311265,5.074955657787033,-0.672763024312433,2.8293551936001147,0.028354081474074956,0.5058030303030303
-0.03838383838383841,0.030303030303030304,2.8582906837754094,0.09826390617010934,-4.427073311953101,5.088338327778644,-0.6612650157723852,2.829258887620609,0.029031796154800598,0.5058030303030303
-0.03434343434343434,0.030303030303030304,2.857743468881554,0.09798105306513921,-4.456652853533928,5.103027415638756,-0.6463745620117248,2.827993859945679,0.029749608935875357,0.5058030303030303
-0.030303030303030304,0.030303030303030304,2.85551845576317,0.09768021844597975,-4.491430870582642,5.118743671584685,-0.627312800810223,2.8250289493140524,0.030489506449117368,0.5058030303030303
-0.026262626262626265,0.030303030303030304,2.8510766271532226,0.09736634610683467,-4.531951247533474,5.13524456859583,-0.6032933208745187,2.819850125307827,0.031226501845395754,0.5058030303030303
-0.022222222222222227,0.030303030303030304,2.843778666369091,0.09704876737757646,-4.578474006298528,5.1520489493737145,-0.5735749429586092,2.8118519447302837,0.031926721638807366,0.5058030303030303
-0.018181818181818188,0.030303030303030304,2.83300412250884,0.09673912955879986,-4.630941782458187,5.168539372682062,-0.5375975901484527,2.8004551570708105,0.032548965438029175,0.5058030303030303
-0.01414141414141415,0.030303030303030304,2.8182187077239393,0.09645153393626602,-4.688824565453782,5.1839507325391665,-0.4951261670142103,2.7851713104696976,0.033047397254241634,0.5058030303030303
-0.01010101010101011,0.030303030303030304,2.7990826617974194,0.09620122354967786,-4.751043346038342,5.197439092324551,-0.44639574615005817,2.765705974657203,0.03337668714021651,0.5058030303030303
-0.006060606060606072,0.030303030303030304,2.775576894936019,0.09600185574793707,-4.816022383541691,5.208232654669697,-0.39221027080935417,2.7420777737481177,0.03349912118790125,0.5058030303030303
-0.002020202020202033,0.030303030303030304,2.7479976146887886,0.09586568763387159,-4.881700866010581,5.215630455030187,-0.3339295886934943,2.714606797001255,0.03339081768753333,0.5058030303030303
0.0020202020202020055,0.030303030303030304,2.7170273103271625,0.09579905263089884,-4.9459022395305805,5.219258294118394,-0.27335605432678106,2.6839794951633,0.033047815163862446,0.5058030303030303
0.006060606060606044,0.030303030303030304,2.6836259274561325,0.09580215660603346,-5.00659142330322,5.219089190912101,-0.2124977674289782,2.6511386744275396,0.03248725302859311,0.5058030303030303
0.010101010101010083,0.030303030303030304,2.6488080261554923,0.09587208202064364,-5.061997148807067,5.215282587729856,-0.1532854386793111,2.617064477768054,0.03174354838743809,0.5058030303030303
0.014141414141414121,0.030303030303030304,2.613637424837714,0.09599849447646301,-5.111075539013556,5.2084150145686365,-0.0973394754051975,2.582773367249529,0.030864057588184935,0.5058030303030303
0.01818181818181816,0.030303030303030304,2.578952081773138,0.09617053797331726,-5.153293813348199,5.199097463205067,-0.045803649604393204,2.549052246797473,0.02989983497566486,0.5058030303030303
0.0222222222222222,0.030303030303030304,2.545382093315672,0.09636230359741714,-5.188751008654953,5.188056834466089,0.0006941744501061109,2.5164820214748493,0.028900071840822678,0.5058030303030303
0.026262626262626265,0.030303030303030304,2.513251499223664,0.09582412097325484,-5.217892894912559,5.1758949201420705,0.04199797502954783,2.4853448683517394,0.027906630871924867,0.5058030303030303
0.030303030303030304,0.030303030303030304,2.4826234348766683,0.09539434797763616,-5.241400676102857,5.163078161946007,0.07832251444254146,2.4556711856269064,0.026952249249761622,0.5058030303030303
0.03434343434343434,0.030303030303030304,2.4534115584807505,0.09505350376086426,-5.260195365852269,5.150052314160217,0.11014305188311546,2.427350349056507,0.026061209424243555,0.5058030303030303
0.03838383838383838,0.030303030303030304,2.4252472647671643,0.09478767753496596,-5.274947261039008,5.1368586410914325,0.13808862008857614,2.399998642498871,0.02524862226829326,0.5058030303030303
0.04242424242424242,0.030303030303030304,2.3977656401628678,0.09458006993105707,-5.286526012883108,5.1236494759953715,0.16287653708150462,2.37324077278466,0.02452486737820809,0.5058030303030303
0.04646464646464646,0.030303030303030304,2.370442535764463,0.09441892258265445,-5.29554867084037,5.110291905635538,0.18525676552774129,2.34654711732472,0.023895418439743306,0.5058030303030303
0.0505050505050505,0.030303030303030304,2.3427136997868447,0.0942937140748788,-5.302580398875982,5.096587186775601,0.20599321229830359,2.319350146541842,0.02336355324500276,0.5058030303030303
0.05454545454545451,0.030303030303030304,2.3139743524531133,0.09419538429953737,-5.308115718301248,5.082257198661612,0.22585851981372185,2.291042844929382,0.022931507523731385,0.5058030303030303
0.058585858585858575,0.030303030303030304,2.2835386734931262,0.09411784263211186,-5.312488960732077,5.066852135586156,0.24563682533689213,2.260937807074054,0.02260086641907219,0.5058030303030303
0.06262626262626264,0.030303030303030304,2.2506881509637813,0.09405570652458191,-5.315998555087932,5.04985647045131,0.26614208500976333,2.228314758622352,0.02237339234142927,0.5058030303030303
0.06666666666666665,0.030303030303030304,2.2146933035760896,0.09400298886842162,-5.318979811258741,5.030740662070929,0.288239149419406,2.1924422284482694,0.022251075127820163,0.5058030303030303
0.07070707070707072,0.030303030303030304,2.174670517903782,0.09395892480681042,-5.321474261466664,5.008632071365696,0.3128421902175451,2.1524365757785193,0.02223394212526272,0.5058030303030303
0.07474747474747473,0.030303030303030304,2.1297973799072927,0.09391899596107153,-5.323736640011837,4.982784290563931,0.3409523496378506,2.1074766061757866,0.022320773731506094,0.5058030303030303
0.0787878787878788,0.030303030303030304,2.0791778730059876,0.09388118039161662,-5.325881054140185,4.952239565858928,0.3736414885363022,2.0566722689551185,0.02250560405086917,0.5058030303030303
0.0828282828282828,0.030303030303030304,2.021933968379301,0.09384328639920816,-5.328031649094719,4.915982910537576,0.4120487387693893,1.9991581281706947,0.022775840208606315,0.5058030303030303
0.08686868686868687,0.030303030303030304,1.9572641720416943,0.09380238861310988,-5.330354667784452,4.873001682886198,0.4573529850427839,1.9341544781133302,0.02310969392836409,0.5058030303030303
0.09090909090909088,0.030303030303030304,1.8844453377161159,0.09375800521218022,-5.332877964477993,4.822175240969823,0.5107027237332424,1.8609722878609927,0.023473049855123114,0.5058030303030303
0.09494949494949495,0.030303030303030304,1.803029557555136,0.09370698489976026,-5.3357815382901315,4.762624018919222,0.5731575185817902,1.7792100157695943,0.02381954178554184,0.5058030303030303
0.09898989898989896,0.030303030303030304,1.712833321911891,0.09364911749852746,-5.3390786094658464,4.693529495495252,0.6455491132927095,1.6887432042323616,0.02409011767952949,0.5058030303030303
0.10303030303030303,0.030303030303030304,1.6141364760953774,0.09358250101721106,-5.342879219935929,4.6145016551560545,0.7283775640427723,1.5899183648087736,0.024218111286603717,0.5058030303030303
0.10707070707070704,0.030303030303030304,1.5077213726580225,0.09350602992559977,-5.34724873281234,4.525584330342884,0.8216644018282994,1.4835856417781979,0.024135730879824617,0.5058030303030303
0.1111111111111111,0.030303030303030304,1.3949298411815019,0.09341896965184177,-5.352232013403964,4.427390361629584,0.9248416511363762,1.3711460657021537,0.023783775479348207,0.5058030303030303
0.11515151515151512,0.030303030303030304,1.2776494343663611,0.09332077834947201,-5.357863584856347,4.321173442816761,1.0366901414162164,1.2545274305116818,0.023122003854679257,0.5058030303030303
0.11919191919191918,0.030303030303030304,1.1581882564201014,0.09321334311667528,-5.364038916656697,4.208712371241482,1.1553265447818328,1.1360511538539575,0.02213710256614397,0.5058030303030303
0.1232323232323232,0.030303030303030304,1.03915018605332,0.0930976131168596,-5.370706974009103,4.09236439150434,1.2783425818534206,1.0183024101457194,0.02084777590760076,0.5058030303030303
0.12727272727272726,0.030303030303030304,0.923164203893909,0.09297660144281385,-5.377697100874032,3.9747347659741976,1.4029623342945126,0.9038617229195409,0.019302480974368083,0.5058030303030303
0.13131313131313133,0.030303030303030304,0.8126717656346321,0.09285234080180507,-5.384893861708938,3.858560626651432,1.52633323443401,0.7950987925539068,0.017572973080725238,0.5058030303030303
0.13535353535353534,0.030303030303030304,0.7096621435930203,0.09273091288486977,-5.391945193517701,3.7462363491994886,1.6457088438850844,0.6939197334422116,0.015742410150808656,0.5058030303030303
0.1393939393939394,0.030303030303030304,0.6156269572105765,0.09261011340305839,-5.398978379887833,3.6400955939828528,1.7588827854283018,0.6017312491845868,0.013895708025989707,0.5058030303030303
0.14343434343434341,0.030303030303030304,0.5313704837622033,0.0924955840524003,-5.4056634718543695,3.5416018754633463,1.8640615959608213,0.5192639588496593,0.012106524912544006,0.5058030303030303
0.14747474747474748,0.030303030303030304,0.4571380190100406,0.09238860726442362,-5.411922690819504,3.4517903181633045,1.9601323720598942,0.44670518149240174,0.010432837517638821,0.5058030303030303
0.1515151515151515,0.030303030303030304,0.3926729924315013,0.09229102344918554,-5.4176449813108345,3.37109568816372,2.0465492929407967,0.3837594787181062,0.008913513713395127,0.5058030303030303
0.15555555555555556,0.030303030303030304,0.33735735498681996,0.092203114807464,-5.422810292812093,3.299518276528751,2.123292016126062,0.3297880149629511,0.007569340023868831,0.5058030303030303
0.15959595959595957,0.030303030303030304,0.2903390350842219,0.09212469327292343,-5.427426483027601,3.236697223181789,2.190729259623087,0.28393321839849706,0.00640581668572482,0.5058030303030303
0.16363636363636364,0.030303030303030304,0.25064787432012114,0.09205628347833987,-5.431459767149585,3.1819899684471373,2.249469798139312,0.2452308754876205,0.005416998832500649,0.5058030303030303
0.16767676767676765,0.030303030303030304,0.21729651185600113,0.09199672843264518,-5.4349758793845755,3.1346641414794263,2.3003117376068825,0.21270692807170594,0.004589583784295195,0.5058030303030303
0.1717171717171717,0.030303030303030304,0.18933760651828324,0.09194562411176191,-5.437996694848717,3.093898120459901,2.3440985738327527,0.1854315090474124,0.0039060974708708452,0.5058030303030303
0.17575757575757572,0.030303030303030304,0.16590897703889376,0.09190105286796946,-5.440634077707827,3.0589212243894863,2.3817128530854115,0.16256139946102222,0.0033475775778715336,0.5058030303030303
0.1797979797979798,0.030303030303030304,0.1462453152780182,0.09186343459096631,-5.44286202923805,3.0289257222256474,2.413936306782414,0.14335013417362244,0.0028951811043957804,0.5058030303030303
0.1838383838383838,0.030303030303030304,0.12969174435357594,0.0918314078138482,-5.4447602614856665,3.003229387309709,2.4415308737158776,0.12716029862940187,0.002531445724174083,0.5058030303030303
0.18787878787878787,0.030303030303030304,0.11569541432207608,0.09180395641560113,-5.446388364224015,2.9812152344501257,2.465173129519901,0.11345464308012854,0.0022407712419475487,0.5058030303030303
0.19191919191919193,0.030303030303030304,0.10379627139345579,0.09178076500791012,-5.447764572125982,2.9623232004571953,2.4854413713917607,0.10178663902537896,0.0020096323680768267,0.5058030303030303
0.19595959595959594,0.030303030303030304,0.09361716594477669,0.09176097569043871,-5.448939445630172,2.946087794046349,2.5028516513845482,0.091790573028728,0.0018265929160486824,0.5058030303030303
0.2,0.030303030303030304,0.08485073578038344,0.09174390397225864,-5.449953385150973,2.932108651124558,2.5178447335778467,0.08316860099660195,0.0016821347837814805,0.5058030303030303
-0.2,0.03434343434343434,2.9165472346310404,0.09707400840452074,-4.4428807339415055,5.1507093218289235,-0.7078285879602652,2.8933396801529785,0.02320755447806183,0.5098434343434344
-0.19595959595959597,0.03434343434343434,2.916578096545509,0.09707279299728924,-4.442942125709797,5.150773811660073,-0.7078316860504742,2.8933682770355356,0.02320981950997308,0.5098434343434344
-0.19191919191919193,0.03434343434343434,2.9165816041507444,0.09707246368734616,-4.442963892799338,5.15079128534169,-0.7078273923892652,2.8933693622655428,0.02321224188520176,0.5098434343434344
-0.1878787878787879,0.03434343434343434,2.9166010992880076,0.097071574442013,-4.443012378854449,5.150838470267644,-0.7078260913025566,2.89338586658443,0.023215232703577844,0.5098434343434344
-0.18383838383838386,0.03434343434343434,2.916650056565515,0.09706967279639431,-4.443108484356876,5.150939377759602,-0.7078308935430874,2.893431079813862,0.023218976751653374,0.5098434343434344
-0.17979797979797982,0.03434343434343434,2.9166662002510018,0.09706882670302198,-4.443157778999602,5.150984275629561,-0.7078264966077666,2.8934431312883393,0.023223068962662432,0.5098434343434344
-0.17575757575757578,0.03434343434343434,2.916683553520567,0.09706789834742079,-4.443212606643982,5.151033539534673,-0.7078209328967349,2.893455667277541,0.023227886243025773,0.5098434343434344
-0.1717171717171717,0.03434343434343434,2.916709737304881,0.0970666277244987,-4.443285183358895,5.151100967687757,-0.7078157842906907,2.8934761238846853,0.02323361342019596,0.5098434343434344
-0.1676767676767677,0.03434343434343434,2.9167766583706847,0.09706394557001449,-4.4434248330240464,5.1512433074300645,-0.7078184741939272,2.8935360084090136,0.02324064996167103,0.5098434343434344
-0.16363636363636364,0.03434343434343434,2.9168359575769673,0.09706145247894273,-4.44355873589579,5.151375620676411,-0.7078168846267489,2.893587177049036,0.02324878052793136,0.5098434343434344
-0.15959595959595962,0.03434343434343434,2.9168801155870585,0.0970593882209917,-4.4436764476546395,5.151485180019698,-0.7078087323193734,2.893621971928455,0.023258143658603393,0.5098434343434344
-0.15555555555555556,0.03434343434343434,2.9169620830573475,0.09705597853909122,-4.443859843369064,5.151666157280523,-0.7078063138788797,2.8936926893854467,0.023269393671900788,0.5098434343434344
-0.15151515151515152,0.03434343434343434,2.9170566793273593,0.09705204673413,-4.444072012163927,5.151874863313903,-0.7078028510937059,2.8937740781040886,0.023282601223270857,0.5098434343434344
-0.14747474747474748,0.03434343434343434,2.917136116717075,0.09704849972210504,-4.444272366543675,5.152063158492943,-0.7077907918406622,2.893838255346618,0.023297861370456543,0.5098434343434344
-0.14343434343434344,0.03434343434343434,2.9172812110138047,0.09704262778826851,-4.444586145708815,5.1523749035609505,-0.7077887580194591,2.8939650213528485,0.02331618966095611,0.5098434343434344
-0.1393939393939394,0.03434343434343434,2.9174034820037735,0.0970373488469298,-4.444881124239931,5.152655198779751,-0.7077740742937898,2.8940661707264863,0.02333731127728721,0.5098434343434344
-0.13535353535353536,0.03434343434343434,2.9176086429050776,0.09702911559133995,-4.445321517264019,5.153092419175664,-0.7077709020548368,2.8942460671637127,0.023362575741365042,0.5098434343434344
-0.13131313131313133,0.03434343434343434,2.917796247757564,0.0970212307704622,-4.445758169395539,5.153511206069652,-0.7077530366278,2.8944044808102296,0.023391766947334292,0.5098434343434344
-0.1272727272727273,0.03434343434343434,2.9180198554849577,0.0970118661089881,-4.446277491851514,5.154008680107069,-0.7077311882739141,2.8945938574963552,0.023425997988602485,0.5098434343434344
-0.12323232323232325,0.03434343434343434,2.9183113662400166,0.09699990307315823,-4.446934087190646,5.1546443259065455,-0.7077102389315709,2.8948450441791684,0.023466322060848106,0.5098434343434344
-0.11919191919191921,0.03434343434343434,2.918628905800252,0.09698666113350438,-4.4476716640787455,5.155348108266466,-0.7076764441528173,2.895115576565281,0.02351332923497105,0.5098434343434344
-0.11515151515151516,0.03434343434343434,2.9189972596524845,0.09697122509276436,-4.448537467287355,5.156168745105347,-0.7076312778615736,2.8954289655805647,0.023568294071919828,0.5098434343434344
-0.11111111111111112,0.03434343434343434,2.9194134700146215,0.09695357767636024,-4.449539012125745,5.157107267057626,-0.7075682548907599,2.895781030935918,0.02363243907870318,0.5098434343434344
-0.10707070707070708,0.03434343434343434,2.9199081643993594,0.09693255487133212,-4.450738319889858,5.158225744244003,-0.7074874245058013,2.896200710109782,0.023707454289577348,0.5098434343434344
-0.10303030303030304,0.03434343434343434,2.9204484126479917,0.09690906204520389,-4.4521048749223135,5.1594762084147305,-0.7073713334508037,2.896653675693922,0.023794736954069667,0.5098434343434344
-0.098989898989899,0.03434343434343434,2.921118783227201,0.09688005157016472,-4.453792965476844,5.161021199916934,-0.7072282343850543,2.8972218911528245,0.02389689207437655,0.5098434343434344
-0.09494949494949496,0.03434343434343434,2.9218802735678966,0.09684650711412045,-4.45577599200751,5.162808808473574,-0.7070328164933293,2.8978644717857938,0.02401580178210268,0.5098434343434344
-0.09090909090909093,0.03434343434343434,2.922752360637279,0.09680737966241544,-4.458126348762766,5.164895504231794,-0.7067691555750144,2.8985982233562706,0.02415413728100845,0.5098434343434344
-0.08686868686868687,0.03434343434343434,2.9236954407452527,0.09676345558289516,-4.460839271780864,5.167240018343723,-0.7064007465388589,2.8993810182314284,0.024314422513824218,0.5098434343434344
-0.08282828282828283,0.03434343434343434,2.9247929477761048,0.0967112883028093,-4.464114764336426,5.1700272923566075,-0.7059125279272787,2.9002923802179077,0.024500567558197166,0.5098434343434344
-0.0787878787878788,0.03434343434343434,2.926035614104774,0.0966502941982988,-4.4680339032688785,5.173289995059211,-0.7052560918816204,2.9013195129558347,0.024716101148939157,0.5098434343434344
-0.07474747474747476,0.03434343434343434,2.9273559096228094,0.09658153770556915,-4.472618172912933,5.176972865404451,-0.7043546924756052,2.9023914736850656,0.02496443593774389,0.5098434343434344
-0.07070707070707072,0.03434343434343434,2.928851874931726,0.0965002611650673,-4.478180376029598,5.1813331276174495,-0.7031527516231082,2.903601127799946,0.02525074713178036,0.5098434343434344
-0.06666666666666668,0.03434343434343434,2.930391476812168,0.09640883514662832,-4.484731582235466,5.186246667575286,-0.7015150852565045,2.904812937534546,0.025578539277621857,0.5098434343434344
-0.06262626262626264,0.03434343434343434,2.932033052369939,0.09630276387024468,-4.492637946657174,5.191958983405552,-0.6993210366881404,2.9060799242151916,0.025953128154747627,0.5098434343434344
-0.0585858585858586,0.03434343434343434,2.93362660405682,0.09618365334230611,-4.50202800203593,5.1983885268475944,-0.6963605247091458,2.9072486253659595,0.02637797869086038,0.5098434343434344
-0.054545454545454564,0.03434343434343434,2.9351738191203975,0.09604718951633914,-4.513364106753874,5.20577439586549,-0.6924102895489297,2.9083162681127255,0.02685755100767212,0.5098434343434344
-0.050505050505050525,0.03434343434343434,2.9364616360785476,0.09589495580698283,-4.526902534078268,5.214038588049554,-0.6871360544527471,2.9090680789993857,0.027393557079161978,0.5098434343434344
-0.046464646464646486,0.03434343434343434,2.937300516279915,0.09572640357755904,-4.54308051029196,5.223219313547112,-0.6801388036163537,2.909314104195772,0.027986412084142827,0.5098434343434344
-0.04242424242424245,0.03434343434343434,2.937449781503913,0.09554113250973359,-4.562419389657668,5.233348054836146,-0.6709286656671312,2.908816101724845,0.02863367977906823,0.5098434343434344
-0.03838383838383841,0.03434343434343434,2.9365503430501247,0.09534100267053519,-4.585426404655044,5.244333350482414,-0.6589069463828368,2.9072220619419733,0.029328281108151607,0.5098434343434344
-0.03434343434343434,0.03434343434343434,2.934179417776245,0.09512846188906625,-4.61266314097033,5.256050503179235,-0.6433873626568598,2.9041217513949493,0.03005766638129568,0.5098434343434344
-0.030303030303030304,0.03434343434343434,2.929773104054972,0.09490948490233558,-4.644572031207711,5.26817736394613,-0.6236053330277185,2.898971483543258,0.030801620511714093,0.5098434343434344
-0.026262626262626265,0.03434343434343434,2.92275611895419,0.09469024514567362,-4.681576596078756,5.2803749658770975,-0.5987983702211874,2.8912237347466685,0.03153238420752155,0.5098434343434344
-0.022222222222222227,0.03434343434343434,2.9124876231438703,0.09448031080550602,-4.723831821840081,5.292107908123999,-0.5682760867955232,2.8802740456508804,0.032213577492990114,0.5098434343434344
-0.018181818181818188,0.03434343434343434,2.898365730578757,0.09429124512383662,-4.7711656976093115,5.302719243157384,-0.5315535459842048,2.865563735619771,0.03280199495898596,0.5098434343434344
-0.01414141414141415,0.03434343434343434,2.8799390909790175,0.09413529599857907,-4.823004947803651,5.311503986563757,-0.48849903933774247,2.8466877791526963,0.033251311826321274,0.5098434343434344
-0.01010101010101011,0.03434343434343434,2.8570094812147224,0.09402417261940971,-4.87831727913068,5.3177814390677085,-0.4394641603795699,2.823491785393478,0.03351769582124452,0.5098434343434344
-0.006060606060606072,0.03434343434343434,2.8296689782612003,0.09396904155515037,-4.93555298579446,5.320901349128452,-0.3853483636083982,2.7961028032504025,0.03356617501079777,0.5098434343434344
-0.002020202020202033,0.03434343434343434,2.798451044832611,0.09397511052399295,-4.992970563935794,5.3205577221556375,-0.32758715845692254,2.765072425983596,0.03337861884901518,0.5098434343434344
0.0020202020202020055,0.03434343434343434,2.7641573902884575,0.09404495084407355,-5.048620591962104,5.316606532285608,-0.26798594061952696,2.731200993914457,0.032956396374000864,0.5098434343434344
0.006060606060606044,0.03434343434343434,2.727890163146894,0.094173405699708,-5.100854147784783,5.309354549394321,-0.20850040195567,2.6955677757760372,0.03232238737085679,0.5098434343434344
0.010101010101010083,0.03434343434343434,2.690714225645851,0.09435445032304268,-5.148213325104869,5.299167111595555,-0.1509537868182934,2.6591992432864604,0.031514982359390924,0.5098434343434344
0.014141414141414121,0.03434343434343434,2.6536997420634694,0.09457579096259343,-5.189930971860044,5.2867651952955725,-0.09683422388831942,2.6231159995882316,0.030583742475237728,0.5098434343434344
0.01818181818181816,0.03434343434343434,2.617641407838509,0.09482620754514659,-5.225648492827863,5.272803931823734,-0.047155439333704585,2.58806139298918,0.029580014849328855,0.5098434343434344
0.0222222222222222,0.03434343434343434,2.5831083469176725,0.09509326707493827,-5.255556433636207,5.257995811482477,-0.002439378262493075,2.5545563967571407,0.028551950160531785,0.5098434343434344
0.026262626262626265,0.03434343434343434,2.550367655044879,0.09469457575885454,-5.280133481926953,5.242903485992834,0.037229995486444234,2.522827957086987,0.02753969795789203,0.5098434343434344
0.030303030303030304,0.03434343434343434,2.519395294022891,0.09434027875410722,-5.299963139994176,5.227858224217599,0.07210491548944709,2.4928216613172323,0.026573632705658844,0.5098434343434344
0.03434343434343434,0.03434343434343434,2.4899960039245532,0.09405990753923892,-5.315761126016326,5.213094081260703,0.10266704446269859,2.4643205709519376,0.025675432972615497,0.5098434343434344
0.03838383838383838,0.03434343434343434,2.4618050445772313,0.09384050511595513,-5.32818956373662,5.198654496783515,0.12953506664183234,2.4369460637607494,0.02485898081648179,0.5098434343434344
0.04242424242424242,0.03434343434343434,2.434422297258539,0.09366798931917696,-5.338002914866111,5.184600449692201,0.15340246484478337,2.410289118231705,0.02413317902683438,0.5098434343434344
0.04646464646464646,0.03434343434343434,2.407266723025462,0.09353414180933962,-5.345641605709084,5.170654480320394,0.1749871251684625,2.383764664460485,0.02350205856497713,0.5098434343434344
0.0505050505050505,0.03434343434343434,2.3797864916144613,0.09342928620797353,-5.351641014409961,5.156618484730362,0.19502252930202957,2.3568181696103165,0.022968322004144576,0.5098434343434344
0.05454545454545451,0.03434343434343434,2.3513653695213677,0.09334601884938198,-5.356414833531745,5.142165327267531,0.21424950592218717,2.328831834356591,0.022533535164776613,0.5098434343434344
0.058585858585858575,0.03434343434343434,2.321299673692023,0.09328000365050136,-5.360205622316498,5.126784613666672,0.23342100828273926,2.299100986284904,0.022198687407118618,0.5098434343434344
0.06262626262626264,0.03434343434343434,2.2888829987121744,0.09322629060023527,-5.36329394631328,5.109969553289346,0.25332439273464935,2.2669176575314536,0.02196534118072066,0.5098434343434344
0.06666666666666665,0.03434343434343434,2.253382464859547,0.09317981891003772,-5.365968788817594,5.091170114001812,0.2747986744093017,2.2315472122733513,0.02183525258619559,0.5098434343434344
0.07070707070707072,0.03434343434343434,2.213913266017254,0.09314036326228443,-5.368241893169896,5.069505543504238,0.298736349458281,2.1921048224915367,0.021808443525717064,0.5098434343434344
0.07474747474747473,0.03434343434343434,2.1696454830147793,0.09310409008765748,-5.37033334994284,5.044213778522739,0.32611957112302536,2.1477616545621294,0.021883828452650054,0.5098434343434344
0.0787878787878788,0.03434343434343434,2.119693133251809,0.09306854053378685,-5.372384665567708,5.014373833002743,0.35801083233968656,2.0976370317548017,0.022056101497007256,0.5098434343434344
0.0828282828282828,0.03434343434343434,2.0631586860009725,0.09303192703317381,-5.374499012938886,4.97895367879941,0.39554533389020397,2.0408452181677927,0.02231346783317956,0.5098434343434344
0.08686868686868687,0.03434343434343434,1.999191637076053,0.09299258157903934,-5.376772980457794,4.936868101879831,0.43990487820812896,1.9765565201596331,0.022635116916419888,0.5098434343434344
0.09090909090909088,0.03434343434343434,1.927050077196211,0.09294921379927906,-5.379281648355586,4.887017132035002,0.49226451590010323,1.9040612705226494,0.022988806673561527,0.5098434343434344
0.09494949494949495,0.03434343434343434,1.8462174491105656,0.09289954158244819,-5.382157882575328,4.828438153382731,0.5537197288565795,1.8228875111304543,0.023329937980111397,0.5098434343434344
0.09898989898989896,0.03434343434343434,1.756461455208932,0.09284245901216368,-5.385467008721472,4.760299592056814,0.6251674162643464,1.7328596746471716,0.02360178056176035,0.5098434343434344
0.10303030303030303,0.03434343434343434,1.6579819640946178,0.09277617944560014,-5.389314401599314,4.682128688081374,0.7071857132692763,1.6342424390058652,0.023739525088752704,0.5098434343434344
0.10707070707070704,0.03434343434343434,1.5514706245818668,0.09270016455039268,-5.393733683650008,4.5938506243391295,0.799883058979672,1.5277941068861025,0.023676517695764197,0.5098434343434344
0.1111111111111111,0.03434343434343434,1.438203227690738,0.09261332998499944,-5.398790866214716,4.496002553288665,0.9027883126508318,1.4148492672282103,0.02335396046252775,0.5098434343434344
0.11515151515151512,0.03434343434343434,1.3200023858937815,0.09251602795931478,-5.404468944957109,4.389711492434554,1.014757452157205,1.2972718704572885,0.02273051543649297,0.5098434343434344
0.11919191919191918,0.03434343434343434,1.199169947711301,0.09240922892183392,-5.410714988665323,4.276738281244288,1.1339767070234152,1.1773788735745507,0.021791074136750115,0.5098434343434344
0.1232323232323232,0.03434343434343434,1.078322299123695,0.09229434134922486,-5.4174502218012615,4.159392309239859,1.2580579122719056,1.0577709576372216,0.0205513414864733,0.5098434343434344
0.12727272727272726,0.03434343434343434,0.9601510462564378,0.09217389838893533,-5.424529164452911,4.040313437200311,1.3842157269900786,0.9410944061661974,0.019056640090240284,0.5098434343434344
0.13131313131313133,0.03434343434343434,0.8471831871154771,0.09205022854092688,-5.431817040995516,3.922279133178069,1.5095379074668036,0.8298075748493001,0.017375612266177013,0.5098434343434344
0.13535353535353534,0.03434343434343434,0.7415338478618926,0.09192703868717918,-5.4390961261381605,3.8078634514029694,1.6312326745004606,0.7259444163927845,0.015589431469108041,0.5098434343434344
0.1393939393939394,0.03434343434343434,0.6447669786397193,0.09180703456962103,-5.446205755070176,3.699302212257873,1.7469035421806156,0.6309863366557844,0.01378064198393496,0.5098434343434344
0.14343434343434341,0.03434343434343434,0.5578161283867946,0.09169251137685878,-5.453008021124572,3.598302120696797,1.854705900099133,0.5457932289268739,0.012022899459920775,0.5098434343434344
0.14747474747474748,0.03434343434343434,0.4810039470304091,0.09158549250847978,-5.4593799336613,3.5059661781572267,1.953413755170357,0.47062974216379394,0.010374204866615184,0.5098434343434344
0.1515151515151515,0.03434343434343434,0.41413421085443647,0.09148753051693004,-5.465225667335682,3.422820335805845,2.0424053310427213,0.40526010881544433,0.008874102038992146,0.5098434343434344
0.15555555555555556,0.03434343434343434,0.3566216215723135,0.09139946803224225,-5.470491358255546,3.348904127085941,2.121587230742134,0.34907739997124954,0.00754422160106396,0.5098434343434344
0.15959595959595957,0.03434343434343434,0.3076307923937379,0.09132069805144398,-5.4752100092861244,3.2839119262808687,2.1912980824300963,0.3012397230403751,0.006391069353362791,0.5098434343434344
0.16363636363636364,0.03434343434343434,0.26618995711267474,0.09125176029920322,-5.479346353185355,3.227220782961762,2.2521255698469784,0.2607803626098126,0.0054095945028621575,0.5098434343434344
0.16767676767676765,0.03434343434343434,0.23129871059536364,0.09119190289405342,-5.4829429384706865,3.1780912543346425,2.3048516837269117,0.22671146802961248,0.004587242565751151,0.5098434343434344
0.1717171717171717,0.03434343434343434,0.20199331419740285,0.0911399160135824,-5.486070449580665,3.1357260181900557,2.350344430965371,0.19808611102684498,0.003907203170557885,0.5098434343434344
0.17575757575757572,0.03434343434343434,0.17738779736458699,0.09109498856556146,-5.488776143346406,3.099306674503559,2.3894694684681306,0.1740368539079982,0.0033509434565887775,0.5098434343434344
0.1797979797979798,0.03434343434343434,0.15669601004120745,0.09105710347774482,-5.491059795678493,3.068025840106486,2.423033955185858,0.1537960088650885,0.00290000117611893,0.5098434343434344
0.1838383838383838,0.03434343434343434,0.13924285546741463,0.09102462952795483,-5.493018786297718,3.0411950759010153,2.4518237101144544,0.1367056738545396,0.0025371816128750206,0.5098434343434344
0.18787878787878787,0.03434343434343434,0.12445606494221013,0.09099692039775824,-5.494691444857855,3.0181692276761503,2.4765222167866723,0.1222090083550662,0.002247056587143931,0.5098434343434344
0.19191919191919193,0.03434343434343434,0.11185950077002488,0.09097331681369997,-5.496117076130717,2.998384175890873,2.4977328999754587,0.1098432640072461,0.0020162367627787766,0.5098434343434344
0.19595959595959594,0.03434343434343434,0.10106170664325449,0.09095302648717751,-5.49734318167705,2.9813582929440585,2.515984888465218,0.09922833676629729,0.0018333698769571964,0.5098434343434344
0.2,0.03434343434343434,0.09174340323369144,0.0909352848630229,-5.498415722501475,2.9666812476208086,2.531734474418899,0.09005440662178095,0.0016889966119104953,0.5098434343434344
-0.2,0.03838383838383838,2.9933234892011913,0.09431619622900145,-4.593488721420515,5.3013164227728105,-0.707827701304193,2.9700799818767987,0.0232435073243927,0.5138838383838383
-0.19595959595959597,0.03838383838383838,2.9933430110101593,0.09431541169441644,-4.593532204099043,5.301360520130245,-0.7078283161030932,2.97009711969007,0.023245891320089293,0.5138838383838383
-0.19191919191919193,0.03838383838383838,2.9933655836137474,0.09431450906467023,-4.593582286419405,5.301411256351507,-0.7078289700867129,2.9701168820745973,0.023248701539150242,0.5138838383838383
-0.1878787878787879,0.03838383838383838,2.9933655639553587,0.0943142931468211,-4.59359991567424,5.301423393283095,-0.7078234774070435,2.970113754753718,0.02325180920164036,0.5138838383838383
-0.18383838383838386,0.03838383838383838,2.993404781275349,0.09431281221376915,-4.5936803245141435,5.301506638007062,-0.7078263134842097,2.9701490043159793,0.023255776959369725,0.5138838383838383
-0.17979797979797982,0.03838383838383838,2.993418343034571,0.09431210663023264,-4.593724339242608,5.301546300602226,-0.7078219612003056,2.970158145915908,0.023260197118663083,0.5138838383838383
-0.17575757575757578,0.03838383838383838,2.9934479642930456,0.09431085715207548,-4.593796458872856,5.301616538067197,-0.7078200792635518,2.9701824577470206,0.023265506546024835,0.5138838383838383
-0.1717171717171717,0.03838383838383838,2.993491554415833,0.09430912390944778,-4.593894044812389,5.30171397287446,-0.7078199280563863,2.9702197334290803,0.02327182098675277,0.5138838383838383
-0.1676767676767677,0.03838383838383838,2.9935363687865206,0.09430730168243798,-4.59399821317649,5.301816413815459,-0.7078182005839161,2.970257173081686,0.023279195704834724,0.5138838383838383
-0.16363636363636364,0.03838383838383838,2.9935906362855125,0.09430512327532715,-4.594122393124554,5.3019388833854535,-0.7078164903475199,2.9703027611584076,0.02328787512710502,0.5138838383838383
-0.15959595959595962,0.03838383838383838,2.993661269208788,0.0943023615537182,-4.594278147697741,5.302094154887097,-0.7078160074858716,2.9703631451812944,0.023298124027493785,0.5138838383838383
-0.15555555555555556,0.03838383838383838,2.9937003672759177,0.09430051421173634,-4.594393108644029,5.302198022792126,-0.7078049141109972,2.9703905511805835,0.023309816095334175,0.5138838383838383
-0.15151515151515152,0.03838383838383838,2.9937770600766775,0.09429739029137219,-4.594574742785598,5.302373676075106,-0.7077989332141669,2.970453282627882,0.02332377744879542,0.5138838383838383
-0.14747474747474748,0.03838383838383838,2.9938914671281505,0.09429297016970882,-4.5948248977632655,5.302622232633283,-0.7077973348079786,2.970551121295198,0.023340345832952792,0.5138838383838383
-0.14343434343434344,0.03838383838383838,2.9939940039884867,0.09428879627393186,-4.595069495684761,5.302856964517744,-0.7077874688920717,2.9706344763439807,0.023359527644505957,0.5138838383838383
-0.1393939393939394,0.03838383838383838,2.994143601367259,0.09428298923387393,-4.595401449590218,5.303183575973858,-0.7077821264090898,2.9707613604167245,0.023382240950534237,0.5138838383838383
-0.13535353535353536,0.03838383838383838,2.994289791843032,0.09427710971998479,-4.595746338023801,5.303514304665466,-0.7077679665895841,2.9708811653473237,0.023408626495708254,0.5138838383838383
-0.13131313131313133,0.03838383838383838,2.9944616312174817,0.09427020753336945,-4.596152507459084,5.3039026123529815,-0.7077501048239713,2.9710220971289285,0.02343953408855311,0.5138838383838383
-0.1272727272727273,0.03838383838383838,2.9947061012153315,0.09426076030680221,-4.596696740390604,5.3044341926603344,-0.7077374523214676,2.9712300437071306,0.02347605750820079,0.5138838383838383
-0.12323232323232325,0.03838383838383838,2.9949396351395303,0.09425134440958928,-4.597256613865545,5.304964116169337,-0.7077075024398413,2.9714212489061174,0.023518386233412982,0.5138838383838383
-0.11919191919191921,0.03838383838383838,2.9952211702788323,0.0942400366493251,-4.597929954321428,5.30560065316822,-0.7076706988201306,2.971653207476663,0.02356796280216955,0.5138838383838383
-0.11515151515151516,0.03838383838383838,2.9955547541752137,0.09422662409098596,-4.598732307227833,5.306355871477567,-0.7076235643619523,2.9719287967146992,0.023625957460514536,0.5138838383838383
-0.11111111111111112,0.03838383838383838,2.9959310739907994,0.09421129085278872,-4.59966126964407,5.3072195006931295,-0.7075582310619566,2.972237458878759,0.02369361511204066,0.5138838383838383
-0.10707070707070708,0.03838383838383838,2.99638304483418,0.09419286289780901,-4.60078262149671,5.308257808640381,-0.707475187239486,2.972610324798553,0.023772720035627398,0.5138838383838383
-0.10303030303030304,0.03838383838383838,2.996903520233941,0.09417138687347434,-4.602105037122467,5.309468370291203,-0.7073633333563049,2.97303854635288,0.02386497388106069,0.5138838383838383
-0.098989898989899,0.03838383838383838,2.9974808026859363,0.0941470000406423,-4.603635976262913,5.310843678208904,-0.7072077021971173,2.9735084990801517,0.023972303605784527,0.5138838383838383
-0.09494949494949496,0.03838383838383838,2.998129074691293,0.09411895805882851,-4.605430253870695,5.312426001231806,-0.7069957473490741,2.974031939479647,0.02409713521164597,0.5138838383838383
-0.09090909090909093,0.03838383838383838,2.9989011889229444,0.09408521417190284,-4.607612155210711,5.314331315496297,-0.7067191603085585,2.9746586564263473,0.024242532496597132,0.5138838383838383
-0.08686868686868687,0.03838383838383838,2.9997716478128678,0.09404606404498196,-4.610198887436859,5.316543600909657,-0.7063447137048401,2.975360363949886,0.024411283862981935,0.5138838383838383
-0.08282828282828283,0.03838383838383838,3.0006960191692382,0.09400223897278662,-4.6131959913237415,5.319022242954837,-0.7058262519755965,2.9760896274760866,0.024606391693151406,0.5138838383838383
-0.0787878787878788,0.03838383838383838,3.001738002736543,0.09395087695644369,-4.616798209363752,5.321930100011919,-0.7051318907117352,2.9769058762534777,0.024832126483065455,0.5138838383838383
-0.07474747474747476,0.03838383838383838,3.002862612803319,0.09389194211653039,-4.621078772442928,5.3252706112984285,-0.7041918390495022,2.97777027923863,0.025092333564688964,0.5138838383838383
-0.07070707070707072,0.03838383838383838,3.004069721744947,0.09382395876091147,-4.626203880045232,5.329129218165452,-0.7029253381900572,2.978678232359599,0.02539148938534772,0.5138838383838383
-0.06666666666666668,0.03838383838383838,3.0053204869328365,0.09374621126855624,-4.632331167701128,5.3335488787201975,-0.7012177111113412,2.97958647402035,0.025734012912486743,0.5138838383838383
-0.06262626262626264,0.03838383838383838,3.0065032529268336,0.09365967407792851,-4.63957134131579,5.338476830326179,-0.6989054889906839,2.9803794405037545,0.02612381242307908,0.5138838383838383
-0.0585858585858586,0.03838383838383838,3.007622748436183,0.09356096001179863,-4.648297291816474,5.34410933718927,-0.695812045470166,2.9810570662769793,0.026565682159203383,0.5138838383838383
-0.054545454545454564,0.03838383838383838,3.008524137930644,0.09345074471844977,-4.658738561584977,5.350412150367315,-0.6916735887295219,2.981461572885319,0.027062565045325303,0.5138838383838383
-0.050505050505050525,0.03838383838383838,3.009040800302897,0.09332896062125451,-4.671230604269365,5.357393853806844,-0.6861632492269669,2.9814245127561283,0.02761628754676855,0.5138838383838383
-0.046464646464646486,0.03838383838383838,3.008919841879201,0.09319692095835531,-4.686120052630565,5.364984109714946,-0.6788640567423954,2.980693682862946,0.028226159016255487,0.5138838383838383
-0.04242424242424245,0.03838383838383838,3.0079050185485214,0.09305460104817741,-4.703908818824042,5.373189443419012,-0.6692806243019263,2.97901624695795,0.028888771590571443,0.5138838383838383
-0.03838383838383841,0.03838383838383838,3.005572320070148,0.0929056895544619,-4.7250003508167495,5.381801721857954,-0.6568013707268293,2.975977063912231,0.02959525615791693,0.5138838383838383
-0.03434343434343434,0.03838383838383838,3.0014716864177515,0.09275335648057517,-4.749898810220732,5.390640500659526,-0.640741690087342,2.971140453457353,0.030331232960398476,0.5138838383838383
-0.030303030303030304,0.03838383838383838,2.9950205290268355,0.09260402691739313,-4.7789828522163615,5.399333232263043,-0.620350380555037,2.9639461332984887,0.031074395728346756,0.5138838383838383
-0.026262626262626265,0.03838383838383838,2.9855965310525567,0.09246544129859813,-4.812540022838684,5.407425660388412,-0.5948856380433625,2.9538021833874373,0.03179434766511927,0.5138838383838383
-0.022222222222222227,0.03838383838383838,2.9725853392673534,0.09234664064439889,-4.8506724788616875,5.414382120298601,-0.5637096419854233,2.9401324969015072,0.032452842365846085,0.5138838383838383
-0.018181818181818188,0.03838383838383838,2.9554407625605803,0.09225804504328201,-4.8931701723972365,5.419581563218561,-0.5264113913598407,2.9224352317347075,0.033005530825872986,0.5138838383838383
-0.01414141414141415,0.03838383838383838,2.933779939719188,0.09221066716425495,-4.939420030182542,5.4223661464692405,-0.482946116833296,2.90037400255154,0.03340593716764799,0.5138838383838383
-0.01010101010101011,0.03838383838383838,2.9074999152590353,0.09221434017207035,-4.988393332154642,5.422150167091225,-0.4337568355395641,2.8738882937751153,0.03361162148392012,0.5138838383838383
-0.006060606060606072,0.03838383838383838,2.876885352006376,0.09227516110415884,-5.038744838376867,5.418576288556647,-0.37983145057555806,2.843293781817692,0.03359157018868435,0.5138838383838383
-0.002020202020202033,0.03838383838383838,2.8425909658847406,0.0923952162342371,-5.088889725640997,5.411535579017972,-0.32264585375290483,2.809258935584021,0.03333203030071945,0.5138838383838383
0.0020202020202020055,0.03838383838383838,2.8055789203351025,0.09257195319296993,-5.137201071430127,5.401203957923666,-0.2640028869560206,2.7727390239775307,0.03283989635757183,0.5138838383838383
0.006060606060606044,0.03838383838383838,2.7670116654120704,0.09279765206421411,-5.182271181850524,5.388067357873631,-0.2057961765725469,2.734869369501458,0.03214229591061222,0.5138838383838383
0.010101010101010083,0.03838383838383838,2.728003362805008,0.09306333790032634,-5.222932630594248,5.372685004198285,-0.14975237408282516,2.6967223827903943,0.031280980014613734,0.5138838383838383
0.014141414141414121,0.03838383838383838,2.6895811393368865,0.09335662164595425,-5.258562773137937,5.355806488696313,-0.09724371611177074,2.6592745258721853,0.030306613464701374,0.5138838383838383
0.01818181818181816,0.03838383838383838,2.652521586800758,0.09366527254722573,-5.2889795638452,5.338157743841418,-0.0491781804875423,2.6232508239733767,0.02927076282738095,0.5138838383838383
0.0222222222222222,0.03838383838383838,2.6173468847095447,0.09397712032402282,-5.314451003863189,5.320443936309019,-0.005992932877205259,2.5891263710911647,0.028220513618379902,0.5138838383838383
0.026262626262626265,0.03838383838383838,2.584187408881649,0.09371560298285743,-5.335290859857976,5.303008027343829,0.03228283207626714,2.556993973446746,0.0271934354349028,0.5138838383838383
0.030303030303030304,0.03838383838383838,2.552992430281198,0.09342159469075709,-5.352081621777288,5.286155312379922,0.06592630893649598,2.5267741033105353,0.02621832697066283,0.5138838383838383
0.03434343434343434,0.03838383838383838,2.5235507000890345,0.09318764263376626,-5.365518280026554,5.270095050721547,0.09542322878874343,2.4982353098153824,0.025315390273651848,0.5138838383838383
0.03838383838383838,0.03838383838383838,2.49543460752201,0.09300401058540568,-5.376112243707703,5.254732870659389,0.12137937257262899,2.4709378965139033,0.02449671100810673,0.5138838383838383
0.04242424242424242,0.03838383838383838,2.4682029947353454,0.09285928505541899,-5.3844911655758985,5.240025891411943,0.1444652736772496,2.444433177842127,0.02376981689321846,0.5138838383838383
0.04646464646464646,0.03838383838383838,2.4412786026026785,0.09274618792527248,-5.391057155124179,5.225683360240616,0.16537379434376798,2.4181405763465906,0.023138026256087844,0.5138838383838383
0.0505050505050505,0.03838383838383838,2.4140852551659946,0.09265706335534138,-5.396242681482584,5.211432768604936,0.18480991246906542,2.3914820596102033,0.02260319555579106,0.5138838383838383
0.05454545454545451,0.03838383838383838,2.3860076104272063,0.09258547075120396,-5.400415377946134,5.1969275773946215,0.2034878001371092,2.3638411887537476,0.022166421673458784,0.5138838383838383
0.058585858585858575,0.03838383838383838,2.356335049107613,0.092528187251418,-5.40375873419552,5.181624114832172,0.2221346189498843,2.33450677907665,0.02182827003096322,0.5138838383838383
0.06262626262626264,0.03838383838383838,2.3243578205577062,0.0924811603183468,-5.406506560903087,5.164993041339169,0.24151351910821084,2.302767821623182,0.02158999893452419,0.5138838383838383
0.06666666666666665,0.03838383838383838,2.289354870321033,0.09243951152206926,-5.408942472673574,5.14649974076881,0.2624427313656307,2.2679015654986165,0.021453304822416527,0.5138838383838383
0.07070707070707072,0.03838383838383838,2.2504370459813825,0.09240357719131771,-5.4110459272832125,5.12525015778672,0.28579576890171865,2.2290188653915224,0.021418180589860166,0.5138838383838383
0.07474747474747473,0.03838383838383838,2.2067767936159224,0.09236970660867813,-5.413030076451486,5.100490470438096,0.312539605455321,2.1852930409294884,0.021483752686433908,0.5138838383838383
0.0787878787878788,0.03838383838383838,2.1574738194555705,0.09233602431333232,-5.415004639248381,5.071279680306649,0.34372495836891725,2.1358287574519723,0.021645062003598094,0.5138838383838383
0.0828282828282828,0.03838383838383838,2.101607916917706,0.09230134630320802,-5.417039079553736,5.036557561828104,0.3804815172944245,2.079716970538197,0.021890946379509214,0.5138838383838383
0.08686868686868687,0.03838383838383838,2.038348414208164,0.09226225842033968,-5.419334065563664,4.99532898045328,0.4240050846077993,2.016146284430732,0.02220212977743195,0.5138838383838383
0.09090909090909088,0.03838383838383838,1.9668724732280227,0.09221958921781906,-5.4218415443681565,4.946360121973498,0.4754814218364899,1.9443251355946047,0.022547337633417982,0.5138838383838383
0.09494949494949495,0.03838383838383838,1.8866310371127013,0.09217046503997618,-5.424731228248282,4.8886879944764345,0.5360432332396748,1.863747179477485,0.02288385763521636,0.5138838383838383
0.09898989898989896,0.03838383838383838,1.7973301146606333,0.09211386168753305,-5.42806468933173,4.821425723622912,0.6066389651858756,1.7741733175608678,0.023156797099765404,0.5138838383838383
0.10303030303030303,0.03838383838383838,1.6990998877216974,0.09204800501057368,-5.4319482531507255,4.744033563078812,0.687914689567938,1.6757968563044794,0.023303031417218092,0.5138838383838383
0.10707070707070704,0.03838383838383838,1.5925537331796777,0.09197263740302859,-5.436399500400415,4.65634294928439,0.7800565504999022,1.569296716116185,0.023257017063492806,0.5138838383838383
0.1111111111111111,0.03838383838383838,1.4789055718642,0.09188644365355242,-5.441499095417575,4.558820608696415,0.8826784862435393,1.4559452137955888,0.022960358068611124,0.5138838383838383
0.11515151515151512,0.03838383838383838,1.3599368530719447,0.09178922031210157,-5.4472627430877285,4.452543918100115,0.9947188244824928,1.3375656974678993,0.022371155604045293,0.5138838383838383
0.11919191919191918,0.03838383838383838,1.2379112385671418,0.09168301583079966,-5.4535727855513825,4.339163320240161,1.1144094646104226,1.2164389393989978,0.02147229916814398,0.5138838383838383
0.1232323232323232,0.03838383838383838,1.1154655488930922,0.09156882690631686,-5.460373545440847,4.2209816769338495,1.2393918679324651,1.0951884724926684,0.020277076400423793,0.5138838383838383
0.12727272727272726,0.03838383838383838,0.9953451096802722,0.0914487542160266,-5.46754304429617,4.100666678177717,1.3668763656069889,0.9765170822494394,0.018828027430832825,0.5138838383838383
0.13131313131313133,0.03838383838383838,0.8801488743076128,0.09132568101828427,-5.474911267561292,3.9810146184718462,1.4938966485482403,0.8629579373740307,0.01719093693358206,0.5138838383838383
0.13535353535353534,0.03838383838383838,0.7720941605715688,0.09120274062032963,-5.482291394139375,3.8646964756321154,1.6175949179643214,0.7566492569189025,0.015444903652666233,0.5138838383838383
0.1393939393939394,0.03838383838383838,0.672847224692075,0.09108242587295722,-5.4895331918010575,3.7540456747672977,1.7354875166086932,0.6591761444200154,0.013671080272059686,0.5138838383838383
0.14343434343434341,0.03838383838383838,0.583415916796281,0.09096989107291134,-5.496324048179505,3.650747007932395,1.8455770410317043,0.5714737986049959,0.011942118191285147,0.5138838383838383
0.14747474747474748,0.03838383838383838,0.5042296031213663,0.09086297683400103,-5.50279131711834,3.5561618048694257,1.9466295129166058,0.49391290968680235,0.01031669343456403,0.5138838383838383
0.1515151515151515,0.03838383838383838,0.435135863481149,0.09076476502085928,-5.508745600314299,3.47082489642192,2.0379207045045162,0.42630122473227394,0.008834638748875093,0.5138838383838383
0.15555555555555556,0.03838383838383838,0.37558225905285525,0.09067630312801185,-5.514119816553944,3.3948220901042774,2.119297727110865,0.36806392461054366,0.007518334442311586,0.5138838383838383
0.15959595959595957,0.03838383838383838,0.32474706123235153,0.09059749346850687,-5.518916482476164,3.3278658823557485,2.1910506006862316,0.31837196213797214,0.006375099094379401,0.5138838383838383
0.16363636363636364,0.03838383838383838,0.281662576265565,0.09052793620513941,-5.52315694946843,3.269387561202631,2.2537693888744426,0.2762618187189714,0.005400757546593633,0.5138838383838383
0.16767676767676765,0.03838383838383838,0.245316207287626,0.09046764553850083,-5.526837766074656,3.218626895041897,2.3082108716950573,0.2407328084312853,0.004583398856340676,0.5138838383838383
0.1717171717171717,0.03838383838383838,0.21472880819601137,0.0904154816514933,-5.530026394286152,3.174782705726301,2.3552436888949,0.21082202347791784,0.003906784718093512,0.5138838383838383
0.17575757575757572,0.03838383838383838,0.18899743576935418,0.09036999590402296,-5.532809811139449,3.1370508157111594,2.3957589960831505,0.18564458182987129,0.003352853939482896,0.5138838383838383
0.1797979797979798,0.03838383838383838,0.16731516204782593,0.09033180101197061,-5.535149242861487,3.1045894509058094,2.430559792448891,0.16441171172392854,0.0029034503238973748,0.5138838383838383
0.1838383838383838,0.03838383838383838,0.14898975589404825,0.09029867264390931,-5.537179953181385,3.0767178226459393,2.4604621313606416,0.1464481129044056,0.0025416429896426645,0.5138838383838383
0.18787878787878787,0.03838383838383838,0.13343160624213268,0.09027020063269817,-5.538926428305152,3.052768754986932,2.486157673919517,0.131179437964305,0.0022521682778276642,0.5138838383838383
0.19191919191919193,0.03838383838383838,0.12014910094139146,0.09024620555508144,-5.540399143587651,3.0321487813773516,2.50825036288826,0.1181273531671896,0.002021747774201856,0.5138838383838383
0.19595959595959594,0.03838383838383838,0.10873846855655024,0.0902256882220354,-5.541659030979964,3.014371370265973,2.527287661555767,0.10689934816486815,0.0018391203916820853,0.5138838383838383
0.2,0.03838383838383838,0.09886988608515275,0.09020772342289982,-5.542762648235827,2.9990207800986894,2.543741868783708,0.09717499842064654,0.0016948876645062122,0.5138838383838383
-0.2,0.04242424242424242,3.0613768826640335,0.09200103568743662,-4.726891701699832,5.434721427580779,-0.7078297256606101,3.0380884247232554,0.023288457940778214,0.5179242424242424
-0.19595959595959597,0.04242424242424242,3.061404987663346,0.09200003758343238,-4.726947792070262,5.434780388490875,-0.7078325964453575,3.038113901753792,0.023291085909553495,0.5179242424242424
-0.19191919191919193,0.04242424242424242,3.0613998536064635,0.0920000184301845,-4.726954352856079,5.434781519863588,-0.7078271671928068,3.038105965979816,0.02329388762664733,0.5179242424242424
-0.1878787878787879,0.04242424242424242,3.061412613775681,0.09199943872482404,-4.726990615357289,5.434815765669825,-0.7078251499984312,3.0381152875318636,0.023297326243817564,0.5179242424242424
