slopeL,slopeH,F_slip,F_yield,fluxD,fluxHR,fluxLR,D_H1_flux,L1_D_flux,potential_H1
0.07070707070707072,0.18787878787878787,1.8369134112470358,0.01523426037768919,-0.8339115558297483,32.82075976155504,-31.986848205579086,30.839763821087338,0.592088564872328,0.6633787878787878
0.07474747474747473,0.18787878787878787,1.8321793629842977,0.015394931131822491,-0.940543692160303,32.4782225860363,-31.53767889439166,30.4279812346291,0.5006959627738247,0.6633787878787878
0.0787878787878788,0.18787878787878787,1.8277544534702523,0.015598139744780871,-1.0347233396410491,32.055104530253644,-31.020381191067173,29.917240137313886,0.42326453999330055,0.6633787878787878
0.0828282828282828,0.18787878787878787,1.8234926854483773,0.01585734835621433,-1.1186728816674858,31.531122906760714,-30.412450025709468,29.288579993020278,0.35786310614209677,0.6633787878787878
0.08686868686868687,0.18787878787878787,1.8192394820284918,0.016189971522540775,-1.1943116404175231,30.883315594447037,-29.689003954556142,28.521020772364487,0.3028302424906223,0.6633787878787878
0.09090909090909088,0.18787878787878787,1.8148246737003522,0.0166184460537289,-1.2632787477204603,30.08704895669419,-28.82377020864606,27.592868531715453,0.2567189682070706,0.6633787878787878
0.09494949494949495,0.18787878787878787,1.81005450876025,0.017171443326600734,-1.3269481481405017,29.11811141881251,-27.791163269998243,26.484083266857393,0.21824523170049834,0.6633787878787878
0.09898989898989896,0.18787878787878787,1.8047028427807086,0.017885227566174344,-1.3864327132779608,27.956032326285715,-26.56959961267828,25.17976966005977,0.18624477015593843,0.6633787878787878
0.10303030303030303,0.18787878787878787,1.7985018214109112,0.018805055609733362,-1.4425831471025878,26.588594598253117,-25.1460114506394,23.674638810416038,0.1596452232525295,0.6633787878787878
0.10707070707070704,0.18787878787878787,1.7911325518234742,0.01998659938701226,-1.4959827237536722,25.016761997648253,-23.52077927317127,21.977560945359482,0.13745750390906697,0.6633787878787878
0.1111111111111111,0.18787878787878787,1.7822164590939331,0.02149724433466831,-1.5469505798039824,23.258795045080706,-21.711844463967477,20.114929238632236,0.11878743327846354,0.6633787878787878
0.11515151515151512,0.18787878787878787,1.771308287671504,0.023417164244790394,-1.5955613062718887,21.351859464092342,-19.756298157621227,18.131224287323693,0.10286088144166174,0.6633787878787878
0.11919191919191918,0.18787878787878787,1.7578921106338892,0.025839975181578472,-1.6416880236051008,19.349863786515975,-17.708175762098424,16.08574430060704,0.08905020752753737,0.6633787878787878
0.1232323232323232,0.18787878787878787,1.741382311384758,0.028872714778485194,-1.685065313128724,17.317387846578452,-15.632322533265086,14.045682254039322,0.0768882835393565,0.6633787878787878
0.12727272727272726,0.18787878787878787,1.7211322527627284,0.03263455845221562,-1.7253714555314383,15.321181708199987,-13.595810251855347,12.07727644141792,0.06606200069590394,0.6633787878787878
0.13131313131313133,0.18787878787878787,1.6964540506043222,0.03725378919787743,-1.7623059337540614,13.421453515988642,-11.659147581496306,10.237361329749291,0.05638496844756273,0.6633787878787878
0.13535353535353534,0.18787878787878787,1.6666531315287787,0.04286216482384898,-1.7956561616816367,11.665299736045885,-9.869643574084247,8.567536415163875,0.04775807741750682,0.6633787878787878
0.1393939393939394,0.18787878787878787,1.6310805740352485,0.04958642804697348,-1.8253276513265033,10.083404264139137,-8.2580766123173,7.091855249786003,0.040128678711623844,0.6633787878787878
0.14343434343434341,0.18787878787878787,1.5892040493377466,0.057536221195428214,-1.8513608975043263,8.690177937187304,-6.838817038930799,5.8178952617195,0.03345830308565539,0.6633787878787878
0.14747474747474748,0.18787878787878787,1.5406941375582779,0.066789494172852,-1.8739133035388917,7.48620731767609,-5.612294013517662,4.739942882449342,0.027702256266927322,0.6633787878787878
0.1515151515151515,0.18787878787878787,1.4855170914594487,0.07737647706341488,-1.8932338736455072,6.461912185950084,-4.568678311219809,3.84309144962424,0.022801119300826265,0.6633787878787878
0.15555555555555556,0.18787878787878787,1.4240189089924846,0.08926515158391223,-1.9096272725815642,5.601289990256323,-3.6916627166512725,3.107172292983699,0.018680624618966017,0.6633787878787878
0.15959595959595957,0.18787878787878787,1.3569810992442373,0.10235104513086214,-1.9234277714367067,4.885147966648994,-2.961720195106171,2.5099685994142558,0.015256253572458545,0.6633787878787878
0.16363636363636364,0.18787878787878787,1.2856285636942681,0.1164551435730878,-1.9349726416558481,4.293498635372135,-2.3585259934909892,2.0294860888556863,0.012439213767120417,0.6633787878787878
0.16767676767676765,0.18787878787878787,1.211576515303247,0.13133180076045237,-1.9445841087503246,3.8071510260800387,-1.8625669169932308,1.645365155545712,0.010141961438341382,0.6633787878787878
0.1717171717171717,0.18787878787878787,1.1367158503920276,0.14668686091314448,-1.9525550302207346,3.4086215822419064,-1.4560665528411363,1.3396074700778573,0.008282325639115618,0.6633787878787878
0.17575757575757572,0.18787878787878787,1.0630513313872862,0.16220250975448047,-1.9591494716884263,3.0825663592572674,-1.1234168881081636,1.096829782796348,0.00678611248147872,0.6633787878787878
0.1797979797979798,0.18787878787878787,0.9925189511426846,0.17756548241257955,-1.964597649070106,2.81586259431327,-0.8512649456174088,0.9042053893746784,0.005588289416899335,0.6633787878787878
0.1838383838383838,0.18787878787878787,0.9268135086816488,0.1924928487379478,-1.9690953379797036,2.597499093166274,-0.6284037547937018,0.7512410036172374,0.004633177881650503,0.6633787878787878
0.18787878787878787,0.18787878787878787,0.8672536602890399,0.20675093934286953,-1.9728082319646034,2.4183686978471464,-0.44556046629569934,0.6294793549011879,0.003873991638106638,0.6633787878787878
0.19191919191919193,0.18787878787878787,0.814701995022439,0.22016568521207452,-1.9758753703495766,2.2710169364865074,-0.2951415665931485,0.5321826647936493,0.0032719909597115587,0.6633787878787878
0.19595959595959594,0.18787878787878787,0.7695459758514125,0.2326242976469944,-1.9784134823245016,2.1493885421052035,-0.17097505997225326,0.45403177354223934,0.0027954726977190703,0.6633787878787878
0.2,0.18787878787878787,0.7317349451575859,0.24407085740217724,-1.9805153316666877,2.048585420016316,-0.06807008896435462,0.39085599826703654,0.002418726137019622,0.6633787878787878
-0.2,0.19191919191919193,1.9654836269240665,0.01024725155512935,11.906962029760473,36.88660933040712,-48.79357136001298,29.873607120449375,12.966257635861856,0.6674191919191919
-0.19595959595959597,0.19191919191919193,1.9654822720218916,0.01024730343341643,11.906770239573873,36.88655409679598,-48.79332433639243,29.87361465884528,12.966075732104619,0.6674191919191919
-0.19191919191919193,0.19191919191919193,1.965480717947197,0.010247362130833305,11.906551195161603,36.886493650624224,-48.79304484563811,29.8736259727998,12.965867347512136,0.6674191919191919
-0.1878787878787879,0.19191919191919193,1.9654789331497229,0.010247428793335176,11.90630050350944,36.886426929333005,-48.792727432712695,29.87364148064755,12.965628138890327,0.6674191919191919
-0.18383838383838386,0.19191919191919193,1.9654768806836602,0.010247504397032764,11.906013445168377,36.8863540063295,-48.79236745132948,29.87366274782194,12.965353472813854,0.6674191919191919
-0.17979797979797982,0.19191919191919193,1.9654745172295367,0.010247590580292221,11.905683912979711,36.886273189891305,-48.79195710259716,29.87369018020145,12.965037280790071,0.6674191919191919
-0.17575757575757578,0.19191919191919193,1.965471791943786,0.010247689290437604,11.905304711102534,36.88618240659544,-48.791487117589114,29.87372419637305,12.964672397545339,0.6674191919191919
-0.1717171717171717,0.19191919191919193,1.9654686450851568,0.010247802567954654,11.904867672146723,36.88608011248887,-48.79094778457117,29.873766026275664,12.964250704138257,0.6674191919191919
-0.1676767676767677,0.19191919191919193,1.9654650063534402,0.010247932594288417,11.904363441032505,36.885965281346444,-48.79032872235679,29.873817778029178,12.96376291146901,0.6674191919191919
-0.16363636363636364,0.19191919191919193,1.9654607929038617,0.010248081469580384,11.903781540306166,36.88583839834774,-48.78961993842192,29.873883333025177,12.963198654170629,0.6674191919191919
-0.15959595959595962,0.19191919191919193,1.9654559069362862,0.010248253302965662,11.903107708933282,36.88569416969471,-48.78880187855255,29.873962554400478,12.96254362083793,0.6674191919191919
-0.15555555555555556,0.19191919191919193,1.9654502327933296,0.010248451952150298,11.902326246161246,36.885529942860444,-48.78785618870802,29.874058241642288,12.961782141067776,0.6674191919191919
-0.15151515151515152,0.19191919191919193,1.9654436333824723,0.010248680988359916,11.901419706486557,36.8853461776046,-48.78676588412019,29.874176683237568,12.960896896933232,0.6674191919191919
-0.14747474747474748,0.19191919191919193,1.9654359458583164,0.010248947643195757,11.900363896692385,36.88513266420568,-48.78549656090765,29.874316702355415,12.959863527980177,0.6674191919191919
-0.14343434343434344,0.19191919191919193,1.965426976236973,0.010249256318120162,11.899134892997715,36.88489240430452,-48.78402729725904,29.874489260916786,12.958658342133658,0.6674191919191919
-0.1393939393939394,0.19191919191919193,1.9654164927979465,0.010249615937761124,11.897699863307315,36.884615789851,-48.78231565325483,29.874696874072967,12.957248405583682,0.6674191919191919
-0.13535353535353536,0.19191919191919193,1.9654042178525988,0.010250036467977668,11.89602031456886,36.884293937366465,-48.780314251594284,29.87494482115243,12.955595188954806,0.6674191919191919
-0.13131313131313133,0.19191919191919193,1.9653898174302171,0.01025052628288544,11.894054151733402,36.88392916347342,-48.77798331546536,29.875250155780726,12.95365694953761,0.6674191919191919
-0.1272727272727273,0.19191919191919193,1.9653728883995476,0.010251102842386617,11.891742039858988,36.88349782335833,-48.77523986323369,29.87561226818619,12.951374055136347,0.6674191919191919
-0.12323232323232325,0.19191919191919193,1.9653529420752078,0.010251778975535936,11.88902174078261,36.883001260526676,-48.77202300146972,29.87605500861751,12.948684829556427,0.6674191919191919
-0.11919191919191921,0.19191919191919193,1.9653293835224872,0.01025257778228069,11.88580882547677,36.88241421245576,-48.76822303792933,29.876585987676293,12.945504840711731,0.6674191919191919
-0.11515151515151516,0.19191919191919193,1.9653014850748751,0.010253520458397166,11.882008243735052,36.88173119874147,-48.76373944220699,29.877235564496335,12.941739886302315,0.6674191919191919
-0.11111111111111112,0.19191919191919193,1.9652683524670185,0.010254640659039662,11.877494409186845,36.88091815982789,-48.75841256892718,29.878019500198015,12.937264798945968,0.6674191919191919
-0.10707070707070708,0.19191919191919193,1.9652288812756094,0.010255973798470028,11.87211941355639,36.87995521382749,-48.7520746274805,29.87897596389715,12.93193304075189,0.6674191919191919
-0.10303030303030304,0.19191919191919193,1.9651817007841204,0.010257568416344141,11.865694467410954,36.878801275364665,-48.744495742440904,29.880139958185417,12.925557327838861,0.6674191919191919
-0.098989898989899,0.19191919191919193,1.9651251014440476,0.010259482251233734,11.857987498123467,36.87741529871296,-48.73540279666679,29.881564548471,12.917908109521264,0.6674191919191919
-0.09494949494949496,0.19191919191919193,1.965056941136836,0.010261789841431494,11.848705389998013,36.87573817475168,-48.72444356433056,29.883311425505582,12.908695645415186,0.6674191919191919
-0.09090909090909093,0.19191919191919193,1.9649745239093792,0.01026458285505172,11.837482042656154,36.873703503066245,-48.71118554535896,29.885466442955302,12.897558848214633,0.6674191919191919
-0.08686868686868687,0.19191919191919193,1.9648744434808287,0.01026798387186667,11.823847600054389,36.87120356490359,-48.695051164663695,29.888120870145972,12.884034155585095,0.6674191919191919
-0.08282828282828283,0.19191919191919193,1.9647523817524053,0.010272139394540558,11.807217463932387,36.8681344560175,-48.67535191994158,29.891419381390683,12.867546654891532,0.6674191919191919
-0.0787878787878788,0.19191919191919193,1.96460285076726,0.01027724516463166,11.786838883145085,36.86433095771465,-48.65116984073338,29.895521915576044,12.84735585151476,0.6674191919191919
-0.07474747474747476,0.19191919191919193,1.9644188645543192,0.010283548249534083,11.761758016393943,36.859592111453175,-48.62135012839052,29.900643049743948,12.822524818271525,0.6674191919191919
-0.07070707070707072,0.19191919191919193,1.9641915262203786,0.010291363118853404,11.730763418793469,36.85366550736147,-48.58442892592456,29.90706270675458,12.791864941731884,0.6674191919191919
-0.06666666666666668,0.19191919191919193,1.9639095155983952,0.010301098398181623,11.69230897582578,36.846204168525134,-48.53851314408087,29.915120173933055,12.753859753400997,0.6674191919191919
-0.06262626262626264,0.19191919191919193,1.963558466216996,0.010313266860617502,11.644447193922872,36.83679611693273,-48.481243310975636,29.925273127875926,12.70660168478667,0.6674191919191919
-0.0585858585858586,0.19191919191919193,1.9631202282767692,0.01032852821353131,11.584717207920093,36.824890595293255,-48.40960780292782,29.938078743496124,12.647681054761366,0.6674191919191919
-0.054545454545454564,0.19191919191919193,1.962572031129816,0.010347714395470227,11.510047843162845,36.80980143870095,-48.31984928169106,29.954242119899853,12.574092773312708,0.6674191919191919
-0.050505050505050525,0.19191919191919193,1.9618855883731823,0.010371869467879167,11.416645891648574,36.79067117389295,-48.20731706545273,29.97463434861657,12.482127382906114,0.6674191919191919
-0.046464646464646486,0.19191919191919193,1.9610262360043802,0.010402290014909821,11.299897891564264,36.76644127841857,-48.066339169755715,30.000310862742833,12.367275656860123,0.6674191919191919
-0.04242424242424245,0.19191919191919193,1.959952264579974,0.010440554753457391,11.15431755309146,36.73585799881303,-47.890175551455194,30.03254351147058,12.224179070977561,0.6674191919191919
-0.03838383838383841,0.19191919191919193,1.9586147005215857,0.010488562320102606,10.973547520244468,36.69742822861892,-47.670975748471804,30.072780537547217,12.04663128491967,0.6674191919191919
-0.03434343434343434,0.19191919191919193,1.9569579017547016,0.010548523080124463,10.750512721480609,36.64948784760869,-47.40000056890895,30.12264503645577,11.827731095205424,0.6674191919191919
-0.030303030303030304,0.19191919191919193,1.9549214332788782,0.01062293296349817,10.477738024845669,36.59024232690518,-47.067980351016914,30.18383142332903,11.56019363583317,0.6674191919191919
-0.026262626262626265,0.19191919191919193,1.9524437260721583,0.01071447861738397,10.147920684684575,36.51790579742794,-46.66582648115209,30.25797827121955,11.236912099600938,0.6674191919191919
-0.022222222222222227,0.19191919191919193,1.949467915457826,0.010825876283153863,9.754764025692086,36.43087369326497,-46.185637718219255,30.346451210587066,10.851773286849225,0.6674191919191919
-0.018181818181818188,0.19191919191919193,1.9459499047215814,0.010959609446735656,9.294060318836612,36.32800335325895,-45.62206367204555,30.450111031242002,10.400717605690694,0.6674191919191919
-0.01414141414141415,0.19191919191919193,1.9418680452044255,0.011117616263828385,8.764849736715142,36.20881981058873,-44.97366954673741,30.56897031850431,9.882868186479708,0.6674191919191919
-0.01010101010101011,0.19191919191919193,1.9372329266680897,0.011300885272860288,8.170481630601158,36.07383975924471,-44.24432138945534,30.70200225181288,9.301567828802295,0.6674191919191919
-0.006060606060606072,0.19191919191919193,1.9320949050881684,0.011509105879340724,7.519195478447875,35.92466586452753,-43.443861342332184,30.84694562206279,8.664939814758222,0.6674191919191919
-0.002020202020202033,0.19191919191919193,1.9265466375447087,0.011740400552037938,6.823993247217582,35.76399153129443,-42.5879847778603,31.000347457368665,7.985757690632333,0.6674191919191919
0.0020202020202020055,0.19191919191919193,1.920718535857027,0.01199125793740257,6.1016534249061,35.59538975543074,-41.69704317993124,31.157795227113212,7.280475547771334,0.6674191919191919
0.006060606060606044,0.19191919191919193,1.9147668186409803,0.01225672745677517,5.3710150169801105,35.42290830113929,-40.79392331766661,31.314305061586058,6.56754562869292,0.6674191919191919
0.010101010101010083,0.19191919191919193,1.9088562060955196,0.012530861677776449,4.650904900055501,35.250580956292275,-39.901485855765635,31.464801821844247,5.865390478714262,0.6674191919191919
0.014141414141414121,0.19191919191919193,1.9031411959371465,0.012807328877535313,3.95818459193419,35.081962247574566,-39.04014683937453,31.60457476039543,5.1904953361050445,0.6674191919191919
0.01818181818181816,0.19191919191919193,1.8977502979135121,0.013080072974752296,3.3063205635561963,34.91976586301846,-38.226086426760475,31.729597168970827,4.556014757771295,0.6674191919191919
0.0222222222222222,0.19191919191919193,1.8927763715283459,0.013343902000635056,2.704678528161148,34.765620637507325,-37.47029916549497,31.836627412445154,3.9710869745409014,0.6674191919191919
0.026262626262626265,0.19191919191919193,1.8882740100760858,0.013594859473935017,2.158527682452175,34.62007977277222,-36.778607455107526,31.923223314306806,3.4408464000120373,0.6674191919191919
0.030303030303030304,0.19191919191919193,1.884262845370284,0.013830428973446215,1.6695463773317822,34.48262221858737,-36.152168595642564,31.98751464805335,2.966921325766256,0.6674191919191919
0.03434343434343434,0.19191919191919193,1.8807344976877163,0.014049525926892553,1.2366067266420224,34.35178270397702,-35.588389430358376,32.0279650729264,2.5482062545930395,0.6674191919191919
0.03838383838383838,0.19191919191919193,1.877660798011164,0.014252365224747751,0.8566167992970681,34.22527958218596,-35.081896380689805,32.043100951972036,2.181689568288614,0.6674191919191919
0.04242424242424242,0.19191919191919193,1.8750015048420368,0.014440291940816684,0.5252789684368062,34.10005977474647,-34.625338743011916,32.03119666598273,1.8631968268887111,0.6674191919191919
0.04646464646464646,0.19191919191919193,1.872710544770525,0.014615600046463837,0.23769905802577496,33.97232300136096,-34.21002205929071,31.99000713168112,1.58798939245912,0.6674191919191919
0.0505050505050505,0.19191919191919193,1.8703875298026569,0.014776510026790795,-0.011171151822043646,33.837489305084745,-33.826318153531915,31.916523127130464,1.3512006301255433,0.6674191919191919
0.05454545454545451,0.19191919191919193,1.8618575040444119,0.014841190262189937,-0.2262407950951968,33.690020218780276,-33.46377942315359,31.80665914757346,1.1481232063693865,0.6674191919191919
0.058585858585858575,0.19191919191919193,1.854410088840393,0.014915008979897853,-0.41210476472617286,33.523278509117944,-33.11117374451101,31.6550370163296,0.974385486659567,0.6674191919191919
0.06262626262626264,0.19191919191919193,1.8478736773745912,0.01500186850491131,-0.5729547520260418,33.329181617722114,-32.756226864979574,31.454623790853802,0.8260378157242636,0.6674191919191919
0.06666666666666665,0.19191919191919193,1.8420869603018435,0.015106693308824493,-0.7125489514029897,33.09791161964577,-32.38536266816769,31.196464917834962,0.6995852954804896,0.6674191919191919
0.07070707070707072,0.19191919191919193,1.8368976184217058,0.015235792018068453,-0.8342164392547571,32.81746032038739,-31.98324388078656,30.8693019993346,0.5919797492934945,0.6674191919191919
0.07474747474747473,0.19191919191919193,1.832159545367913,0.015397269170935418,-0.9408836931848743,32.47329084455204,-31.532407151413857,30.459344508209576,0.5005917975849342,0.6674191919191919
0.0787878787878788,0.19191919191919193,1.8277288845418234,0.015601613676421896,-1.0351079125581397,32.047966983925605,-31.012859071632683,29.950063943638074,0.4231669094142934,0.6674191919191919
0.0828282828282828,0.19191919191919193,1.8234590040683512,0.015862419526038153,-1.119112247360972,31.52104249795346,-30.401930250514894,29.32229766229978,0.35777486570322786,0.6674191919191919
0.08686868686868687,0.19191919191919193,1.8191944332654786,0.01619729809858192,-1.1948156741535008,30.86934604506964,-29.674530370882337,28.55479989810982,0.30275476476101976,0.6674191919191919
0.09090909090909088,0.19191919191919193,1.8147637556276612,0.01662894406965008,-1.263857123809173,30.068054706619947,-28.80419758286346,27.625606803377817,0.2566600474830196,0.6674191919191919
0.09494949494949495,0.19191919191919193,1.8099714992483507,0.017186386478702485,-1.3276090575055437,29.09279391744552,-27.765184858722314,26.514411167986008,0.21820638540423748,0.6674191919191919
0.09898989898989896,0.19191919191919193,1.8045891790299606,0.0179063520878568,-1.3871829074900595,27.923051973254793,-26.535869065694946,25.206146227399742,0.18622869736256703,0.6674191919191919
0.10303030303030303,0.19191919191919193,1.7983458054872057,0.018834726742170977,-1.4434253462803586,26.546708473379667,-25.103283127080104,23.695472007938807,0.15965283988326878,0.6674191919191919
0.10707070707070704,0.19191919191919193,1.7909183622451588,0.020028010220596203,-1.4969131307957722,24.965036191430166,-23.468123060682586,21.99141091763676,0.13748737794489577,0.6674191919191919
0.1111111111111111,0.19191919191919193,1.781922961014528,0.021554598131220477,-1.5479606843245461,23.196906616229374,-21.648945931879446,20.12080638481849,0.11883602981844917,0.6674191919191919
0.11515151515151512,0.19191919191919193,1.770907661327398,0.023495948187371204,-1.5966358887049594,21.280264836174435,-19.683628947104143,18.12877957455472,0.10292283862233807,0.6674191919191919
0.11919191919191918,0.19191919191919193,1.7573483673734143,0.025947228579867868,-1.6428063058828588,19.26988072979647,-17.627074423696246,16.075387464449594,0.08911929043470179,0.6674191919191919
0.1232323232323232,0.19191919191919193,1.7406498469880118,0.02901729451538195,-1.6862031279084748,17.23110332501551,-15.544900196627854,14.028542225113611,0.07695847235007994,0.6674191919191919
0.12727272727272726,0.19191919191919193,1.7201547088353826,0.03282736068443602,-1.7265038341869419,15.23119707426428,-13.504693239309674,12.05500988075317,0.0661283842232913,0.6674191919191919
0.13131313131313133,0.19191919191919193,1.6951639042422522,0.03750786703725516,-1.7634091233105345,13.330536751467037,-11.567127627662266,10.21186962093485,0.05644421746253453,0.6674191919191919
0.13535353535353534,0.19191919191919193,1.6649725924456182,0.04319265538409457,-1.7967083968389708,11.57604216637732,-9.779333769349279,8.540678021894882,0.0478084723270924,0.6674191919191919
0.1393939393939394,0.19191919191919193,1.628924475823683,0.05001002130129333,-1.826314540978795,9.99799614149919,-8.171681600255525,7.0652490116120665,0.04016995395144666,0.6674191919191919
0.14343434343434341,0.19191919191919193,1.5864853929890879,0.05807036423305033,-1.8522717092472634,8.610243910535818,-6.75797220059221,5.792776582753834,0.03349109701850349,0.6674191919191919
0.14747474747474748,0.19191919191919193,1.5373326728448298,0.06745096046331785,-1.8747419215169272,7.412792888184072,-5.538050965965375,4.717141644430567,0.027727725168038175,0.6674191919191919
0.1515151515151515,0.19191919191919193,1.4814507237068073,0.07817943698986349,-1.893978891604615,6.395543627280045,-4.5015647350393735,3.823070163185631,0.022820609414737014,0.6674191919191919
0.15555555555555556,0.19191919191919193,1.4192168164457555,0.09021893667572331,-1.9102913072652945,5.54207374218748,-3.6317824349531946,3.0900967010384366,0.018695444968170077,0.6674191919191919
0.15959595959595957,0.19191919191919193,1.351456434615655,0.10345796746394885,-1.9240161653053311,4.832880562712063,-2.908864397131925,2.4957874304332015,0.01526754875657278,0.6674191919191919
0.16363636363636364,0.19191919191919193,1.2794478715931195,0.1177089320600601,-1.935490554108278,4.247766004528305,-2.312275449841394,2.018003752965745,0.012447906528408369,0.6674191919191919
0.16767676767676765,0.19191919191919193,1.2048629548301149,0.13271686749677736,-1.9450369073639338,3.7674186371452336,-1.8223817287129584,1.6363053851608225,0.010148770815579182,0.6674191919191919
0.1717171717171717,0.19191919191919193,1.12964423417008,0.14817867237184876,-1.9529505528435962,3.3743047633060037,-1.4213542103991195,1.3326607669493844,0.008287805420026008,0.6674191919191919
0.17575757575757572,0.19191919191919193,1.0558347199818294,0.16376957479178048,-1.9594949630190661,3.053070148521538,-1.0935751851012938,1.0916816748167157,0.006790666794472008,0.6674191919191919
0.1797979797979798,0.19191919191919193,0.9853885524376175,0.17917221316652698,-1.9648988257146007,2.7906112854548404,-0.8257124585968647,0.9005561796743673,0.005592205669686824,0.6674191919191919
0.1838383838383838,0.19191919191919193,0.9199952350377332,0.19410263775592626,-1.9693577575908163,2.5759567510095813,-0.6065989922220218,0.7488179627462457,0.00463666114049188,0.6674191919191919
0.18787878787878787,0.19191919191919193,0.86094543012212,0.20832918910145912,-1.9730368836089467,2.4000477425692672,-0.4270108588235857,0.628041708406822,0.00387718548645626,0.6674191919191919
0.19191919191919193,0.19191919191919193,0.8090556230867821,0.2216820728741327,-1.976075459303743,2.2554823381944367,-0.2794068783318906,0.531523134669136,0.003274995868794785,0.6674191919191919
0.19595959595959594,0.19191919191919193,0.7646564501184825,0.23405444626052788,-1.9785885590354948,2.1362550807616785,-0.15766652173546447,0.45397492445331833,0.0027983551978506957,0.6674191919191919
0.2,0.19191919191919193,0.7276382935286526,0.2453965921222668,-1.9806701308993175,2.037518108056666,-0.05684797630554783,0.39125648174408445,0.002421532482248488,0.6674191919191919
-0.2,0.19595959595959594,1.965469382001916,0.010247255433074382,11.905574842993431,36.887978051830416,-48.793552894729,29.87404273245932,12.96651768468852,0.6714595959595959
-0.19595959595959597,0.19595959595959594,1.9654680276201253,0.010247307219216956,11.90538321081701,36.88792309922873,-48.79330630996846,29.874051314071295,12.966336047032323,0.6714595959595959
-0.19191919191919193,0.19595959595959594,1.9654664741512815,0.010247366190440994,11.905163907664924,36.8878616081492,-48.79302551579884,29.874062722658056,12.96612745944959,0.6714595959595959
-0.1878787878787879,0.19595959595959594,1.9654646900660604,0.010247432494539886,11.904913701968145,36.88779610767034,-48.792709809649345,29.874080301368828,12.965888840518664,0.6714595959595959
-0.18383838383838386,0.19595959595959594,1.9654626384334641,0.010247507816982953,11.904627051622326,36.88772411608691,-48.79235116769407,29.87410356509598,12.965614657488395,0.6714595959595959
-0.17979797979797982,0.19595959595959594,1.9654602759543118,0.010247594110142233,11.904297486729135,36.88764280929438,-48.79194029603484,29.87413202390603,12.965298442531278,0.6714595959595959
-0.17575757575757578,0.19595959595959594,1.9654575518113802,0.010247693405257703,11.90391771648921,36.887549809531535,-48.791467526167466,29.874165873610632,12.964932921960107,0.6714595959595959
-0.1717171717171717,0.19595959595959594,1.9654544062912707,0.010247806155944419,11.903481419565129,36.88744928218223,-48.79093070182072,29.874210995439597,12.964511981663529,0.6714595959595959
-0.1676767676767677,0.19595959595959594,1.9654507691255292,0.01024793656629691,11.902976894460275,36.887332917192296,-48.790309811693696,29.87426362949076,12.964023770198986,0.6714595959595959
-0.16363636363636364,0.19595959595959594,1.9654465575070215,0.010248085271778042,11.902395368629621,36.88720646821801,-48.789601836825554,29.874331959193942,12.963459771141236,0.6714595959595959
-0.15959595959595962,0.19595959595959594,1.9654416736842606,0.010248257276785532,11.901721545840442,36.88706141458964,-48.78878296048129,29.87441327404456,12.962804535962889,0.6714595959595959
-0.15555555555555556,0.19595959595959594,1.9654360020475157,0.010248455610873411,11.900940691944038,36.88689807948312,-48.78783877154035,29.87451282931484,12.962043435905695,0.6714595959595959
-0.15151515151515152,0.19595959595959594,1.965429405575234,0.010248684873552395,11.90003417358243,36.88671321586191,-48.786747389440436,29.87463396237169,12.961157846255983,0.6714595959595959
-0.14747474747474748,0.19595959595959594,1.9654217214827847,0.010248951438544878,11.898978800314529,36.8864996945235,-48.78547849488283,29.874778051024556,12.960124483124368,0.6714595959595959
-0.14343434343434344,0.19595959595959594,1.9654127558768193,0.010249260096282487,11.897750204911953,36.88625910922992,-48.78400931412091,29.874954983642045,12.958919153369607,0.6714595959595959
-0.1393939393939394,0.19595959595959594,1.9654022771331123,0.010249620216746646,11.896315047803865,36.8859802399255,-48.78229528764829,29.8751660459423,12.957508349025986,0.6714595959595959
-0.13535353535353536,0.19595959595959594,1.965390007669365,0.010250039782316069,11.894637148633556,36.885661330117216,-48.78029847866348,29.875422377395914,12.955856034696177,0.6714595959595959
-0.13131313131313133,0.19595959595959594,1.965375613658787,0.010250530272054144,11.892670821998419,36.88529351035665,-48.77796433274863,29.875732070258227,12.953916527336087,0.6714595959595959
-0.1272727272727273,0.19595959595959594,1.9653586921180812,0.01025110635104852,11.890359990993142,36.88486317783051,-48.77522316887495,29.876102762757174,12.95163370848801,0.6714595959595959
-0.12323232323232325,0.19595959595959594,1.9653387545375,0.010251783093688219,11.8876398291923,36.8843635803461,-48.77200340969254,29.876551877169998,12.948943042385151,0.6714595959595959
-0.11919191919191921,0.19595959595959594,1.9653152061866483,0.01025258181927063,11.884427993056978,36.88377584207307,-48.76820383541513,29.877092346618618,12.94576232039053,0.6714595959595959
-0.11515151515151516,0.19595959595959594,1.9652873196429412,0.010253524636469497,11.880628396510314,36.88309117578552,-48.7637195722129,29.877752021521964,12.941996155772179,0.6714595959595959
-0.11111111111111112,0.19595959595959594,1.965254200905945,0.010254644550417464,11.876116232590718,36.882277833601904,-48.75839406658476,29.878548731864413,12.937520164269646,0.6714595959595959
-0.10707070707070708,0.19595959595959594,1.9652147458795872,0.01025597884707527,11.870741456618259,36.88130917203367,-48.75205062884756,29.879515393571747,12.93218540284384,0.6714595959595959
-0.10303030303030304,0.19595959595959594,1.9651675841914498,0.01025757177879519,11.864320275445166,36.88015948834793,-48.74447976435127,29.88069973179617,12.925809940244692,0.6714595959595959
-0.098989898989899,0.19595959595959594,1.9651110067250157,0.01025948584875374,11.856615142966584,36.878770564416826,-48.73538570768453,29.882141196673512,12.918158155950715,0.6714595959595959
-0.09494949494949496,0.19595959595959594,1.965042871815271,0.010261793055068746,11.847335926286597,36.8770923793339,-48.724428305852136,29.88390918881209,12.9089434350544,0.6714595959595959
-0.09090909090909093,0.19595959595959594,1.9649604840503885,0.010264587337958202,11.8361139541509,36.87505031730311,-48.711164271849775,29.886083304414335,12.897801742832657,0.6714595959595959
-0.08686868686868687,0.19595959595959594,1.9648604377474073,0.010267986206808882,11.822485274482904,36.87255481697873,-48.69504009163039,29.888769993143733,12.884275779754082,0.6714595959595959
-0.08282828282828283,0.19595959595959594,1.9647384154835776,0.010272143908578212,11.80585643288653,36.86947409687708,-48.67533052989166,29.892091874647974,12.867780783006912,0.6714595959595959
-0.0787878787878788,0.19595959595959594,1.9645889300497976,0.01027724981395932,11.785482086412843,36.86566574505852,-48.65114783149151,29.896228006152615,12.847584099530522,0.6714595959595959
-0.07474747474747476,0.19595959595959594,1.9644049963170616,0.010283551937049527,11.760407375824293,36.86092531731613,-48.621332693437274,29.901390878921553,12.822747423608282,0.6714595959595959
-0.07070707070707072,0.19595959595959594,1.9641777183135236,0.010291368115367676,11.729417093404978,36.85498824477968,-48.58440533789457,29.90785141839096,12.792077727268238,0.6714595959595959
-0.06666666666666668,0.19595959595959594,1.9638957768980916,0.010301102630287261,11.69097018298842,36.847523019790906,-48.53849320252101,29.915962476896446,12.754063698311636,0.6714595959595959
-0.06262626262626264,0.19595959595959594,1.963544806736245,0.010313272277518246,11.643114683844649,36.83810316305347,-48.48121784675516,29.926171152525164,12.706792485336491,0.6714595959595959
-0.0585858585858586,0.19595959595959594,1.9631066592842652,0.01032853377771392,11.583393239101818,36.82618848494738,-48.409581723692014,29.939044600572906,12.647857770127674,0.6714595959595959
-0.054545454545454564,0.19595959595959594,1.9625585653295536,0.010347721057136794,11.50873257389621,36.81108560044351,-48.31981817441001,29.95528369333602,12.574251650516278,0.6714595959595959
-0.050505050505050525,0.19595959595959594,1.9618722401334194,0.010371876869101621,11.415341106536072,36.79194155866176,-48.20728266569747,29.97576511522692,12.482265875633598,0.6714595959595959
-0.046464646464646486,0.19595959595959594,1.9610130216997415,0.010402298147907564,11.298605169459865,36.76769641994883,-48.06630158935632,30.00154537262357,12.367390385715526,0.6714595959595959
-0.04242424242424245,0.19595959595959594,1.9599392030788299,0.010440565227347298,11.153036974229266,36.73709053435753,-47.89012750870564,30.033894059961412,12.224264388369006,0.6714595959595959
-0.03838383838383841,0.19595959595959594,1.9586018139321282,0.010488574203746461,10.972282220933701,36.69863951605293,-47.67092173710591,30.074269447132455,12.046684279154903,0.6714595959595959
-0.03434343434343434,0.19595959595959594,1.9569452164555945,0.01054853743457687,10.749264133908058,36.65067193331056,-47.39993606691413,30.124291897295986,11.827746443283838,0.6714595959595959
-0.030303030303030304,0.19595959595959594,1.9549089812792455,0.010622948688547778,10.476510320831078,36.59140035648107,-47.06791067689099,30.185665217067026,11.560168624335958,0.6714595959595959
-0.026262626262626265,0.19595959595959594,1.9524315466994373,0.010714495416419244,10.146717808016536,36.51903550747356,-46.66575331501041,30.260028995585238,11.236843596504224,0.6714595959595959
-0.022222222222222227,0.19595959595959594,1.9494560571171484,0.010825893706203425,9.753590802372962,36.43197258569392,-46.18556338800544,30.348752630199233,10.851659293197711,0.6714595959595959
-0.018181818181818188,0.19595959595959594,1.94593842629759,0.010959626992243983,9.292922433574017,36.32906820123592,-45.62199063459732,30.452700295827345,10.400557661127042,0.6714595959595959
-0.01414141414141415,0.19595959595959594,1.941857016387655,0.011117633376738663,8.763753726200042,36.20984659479839,-44.973600320847886,30.57188783705793,9.882663863219946,0.6714595959595959
-0.01010101010101011,0.19595959595959594,1.9372224264257913,0.011300897459425287,8.16943753057035,36.074836147361296,-44.24427367774498,30.705302192715656,9.301326270940995,0.6714595959595959
-0.006060606060606072,0.19595959595959594,1.9320850174194102,0.011509112690114155,7.518210162185716,35.92562547151658,-43.443835633862754,30.850674118165617,8.664666697040806,0.6714595959595959
-0.002020202020202033,0.19595959595959594,1.9265374444794956,0.011740396757974272,6.823076110711767,35.76492243047544,-42.5879985409202,31.00456701965528,7.985464041922141,0.6714595959595959
0.0020202020202020055,0.19595959595959594,1.9207101083711224,0.011991239340799896,6.100811381706025,35.59629646442041,-41.697107845784956,31.16256983303599,7.280172187042406,0.6714595959595959
0.006060606060606044,0.19595959595959594,1.9147592073238835,0.012256691198881418,5.370252020644006,35.423791974407365,-40.794043994900015,31.319700879644003,6.567242434180195,0.6714595959595959
0.010101010101010083,0.19595959595959594,1.9088494337994264,0.012530806218854443,4.650221869250977,35.25144058314625,-39.90166245221688,31.470889090489326,5.865095882670918,0.6714595959595959
0.014141414141414121,0.19595959595959594,1.903135254299037,0.012807251823320057,3.957580225979907,35.08280149676784,-39.04038172247101,31.61143500780856,5.190216793381742,0.6714595959595959
0.01818181818181816,0.19595959595959594,1.8977451484790107,0.013079976899548929,3.3057897593321184,34.920577445921516,-38.22636720549946,31.73731038900792,4.555756023260335,0.6714595959595959
0.0222222222222222,0.19595959595959594,1.8927719508301801,0.013343786319153856,2.7042153914149787,34.76640861611661,-37.4706240072531,31.845293427583147,3.970851393830573,0.6714595959595959
0.026262626262626265,0.19595959595959594,1.8882702369414366,0.013594731230556458,2.15812359893195,34.62083080038376,-36.77895439937616,31.93293681091801,3.4406335878780148,0.6714595959595959
0.030303030303030304,0.19595959595959594,1.8842596285669113,0.013830295648844972,1.6691925381163013,34.4833245659065,-36.152517104231045,31.998383569625403,2.966730182204093,0.6714595959595959
0.03434343434343434,0.19595959595959594,1.880731742328058,0.014049397061879118,1.236294225842616,34.352421631507426,-35.588715857021995,32.040107424603356,2.5480348762362026,0.6714595959595959
0.03838383838383838,0.19595959595959594,1.8776584098491993,0.014252258773279118,0.856336561677784,34.22582184942537,-35.082158411073294,32.0566311599237,2.1815347030451595,0.6714595959595959
0.04242424242424242,0.19595959595959594,1.874999392297036,0.014440227990885828,0.5250226795090158,34.10046940516001,-34.62549208477521,32.04624081167771,1.8630556440207118,0.6714595959595959
0.04646464646464646,0.19595959595959594,1.8727086187190964,0.014615603741022951,0.2374588817961858,33.97255452977363,-34.21001341176342,32.00669693187785,1.5878592986467752,0.6714595959595959
0.0505050505050505,0.19595959595959594,1.8703783830463334,0.014776515917929616,-0.011402765103845969,33.83747581453157,-33.82607304997126,31.934984408413122,1.3510790588614134,0.6714595959595959
0.05454545454545451,0.19595959595959594,1.8618482775322782,0.014841346592735052,-0.22647115742077473,33.6896653463247,-33.46319418916532,31.827003263607732,1.148007804732308,0.6714595959595959
0.058585858585858575,0.19595959595959594,1.8544002724932227,0.014915376237349358,-0.412341132432803,33.52245307444326,-33.11011194144594,31.67735567208124,0.9742744847520469,0.6714595959595959
0.06262626262626264,0.19595959595959594,1.8478626622103094,0.015002538545817236,-0.5732042964593747,33.3276930748215,-32.754488778605335,31.478956800414814,0.8259296383330584,0.6714595959595959
0.06666666666666665,0.19595959595959594,1.8420739852697536,0.0151077833705057,-0.7128194926619853,33.09552352841979,-32.38270403564652,31.222813419829293,0.6994796622862223,0.6714595959595959
0.07070707070707072,0.19595959595959594,1.8368816978576443,0.015237478518477246,-0.8345159243837943,32.81382804877102,-31.979312124104432,30.89756017720745,0.5918767045267226,0.6714595959595959
0.07474747474747473,0.19595959595959594,1.832139368203859,0.015399790053714321,-0.941221175046641,32.467975099296225,-31.526753924459165,30.48930191397781,0.5004926719531256,0.6714595959595959
0.0787878787878788,0.19595959595959594,1.8277026744614102,0.015605314141005553,-1.035492701008018,32.04036749775811,-31.004874797291016,29.981329209658554,0.4230736956390294,0.6714595959595959
0.0828282828282828,0.19595959595959594,1.8234243253183002,0.01586778427273416,-1.1195542142078976,31.510385533643515,-30.390831319619817,29.354269440309423,0.35769052055886064,0.6714595959595959
0.08686868686868687,0.19595959595959594,1.8191479227801743,0.01620500676946189,-1.1953249392952303,30.85466159399992,-29.659336654676977,28.58662490160572,0.3026829885055706,0.6714595959595959
0.09090909090909088,0.19595959595959594,1.8147007579196683,0.016639941198695756,-1.2644437891356866,30.04818310529661,-28.783739316187503,27.65616355525747,0.2566049403775309,0.6714595959595959
0.09494949494949495,0.19595959595959594,1.809885577145197,0.017201987584495135,-1.3282816406016518,29.066408607761293,-27.73812696755816,26.542309878465783,0.2181716749885139,0.6714595959595959
0.09898989898989896,0.19595959595959594,1.8044714715977663,0.017928367030931886,-1.3879471947107715,27.88876416539548,-26.500816971096242,25.22980968784054,0.18621704455658375,0.6714595959595959
0.10303030303030303,0.19595959595959594,1.7981842065701548,0.018865624718411623,-1.4442822904494832,26.503230476455414,-25.058948186601995,23.713280393149834,0.1596650359854269,0.6714595959595959
0.10707070707070704,0.19595959595959594,1.7906964976696629,0.020071069434647603,-1.4978606181941303,24.911477767453313,-23.413617150232167,22.001980157714257,0.13752218660824533,0.6714595959595959
0.1111111111111111,0.19595959595959594,1.7816189574849826,0.02161417724280362,-1.548989056017001,23.13296473770974,-21.583975682397423,20.123185544002062,0.11888971259851287,0.6714595959595959
0.11515151515151512,0.19595959595959594,1.7704927274551936,0.02357772900725127,-1.5977290653767025,21.206452913224933,-19.608723848437627,18.12269481540378,0.10298983477274186,0.6714595959595959
0.11919191919191918,0.19595959595959594,1.75678525891355,0.02605849632662468,-1.6439427930407517,19.187599841525554,-17.543657049471975,16.06134880884119,0.08919317639286517,0.6714595959595959
0.1232323232323232,0.19595959595959594,1.7398913741772295,0.029167216184723434,-1.6873580074761232,17.142534166613807,-15.455176159711428,14.007787679226428,0.07703306866020165,0.6714595959595959
0.12727272727272726,0.19595959595959594,1.719142569043333,0.03302721289081255,-1.727651478321354,15.139031005818726,-13.41137952811583,12.029299088075446,0.06619867722205093,0.6714595959595959
0.13131313131313133,0.19595959595959594,1.6938282820019388,0.03777116210927681,-1.7645249131110499,13.237612296364219,-11.473087384008828,10.183185328824514,0.05650682652257906,0.6714595959595959
0.13535353535353534,0.19595959595959594,1.66323313435986,0.04353499569516433,-1.797772282468067,11.485013194377569,-9.687240913005954,8.510945019678065,0.04786174868460918,0.6714595959595959
0.1393939393939394,0.19595959595959594,1.6266933595165527,0.05044869043460765,-1.827309832012637,9.911060042839544,-8.083750211618941,7.036101495399635,0.04021361656747648,0.6714595959595959
0.14343434343434341,0.19595959595959594,1.5836731750383275,0.05862332390824553,-1.853188285042858,8.529028493029688,-6.6758402090261875,5.765453912052056,0.03352586470784019,0.6714595959595959
0.14747474747474748,0.19595959595959594,1.5338573048455386,0.0681353781702413,-1.8755751484322385,7.338331618913763,-5.462756470677359,4.69245912498482,0.027754842429096854,0.6714595959595959
0.1515151515151515,0.19595959595959594,1.4772494871981316,0.07900975392819255,-1.8947271946232567,6.328332580714434,-4.433605386647788,3.8014581653274915,0.02284147401884813,0.6714595959595959
0.15555555555555556,0.19595959595959594,1.4142599657694594,0.0912045083512531,-1.9109569571940996,5.482185135375083,-3.5712281790047946,3.0716833834736708,0.018711411120082202,0.6714595959595959
0.15959595959595957,0.19595959595959594,1.3457602774633628,0.10460084218497107,-1.9246036598636893,4.780076235625842,-2.855472576625832,2.480482761697559,0.015279796950004415,0.6714595959595959
0.16363636363636364,0.19595959595959594,1.2730842565555136,0.11900213175724496,-1.9360062793487858,4.201605404522589,-2.2655991261662294,2.00557819381589,0.01245740507757701,0.6714595959595959
0.16767676767676765,0.19595959595959594,1.1979621455244187,0.13414376600406844,-1.9454877390706584,3.727344287832075,-1.7818565493049086,1.6264517027107157,0.010156274044843075,0.6714595959595959
0.1717171717171717,0.19595959595959594,1.1223891715316487,0.14971360660299843,-1.9533442544097472,3.339709805215385,-1.3863655515244417,1.3250410460924413,0.008293886116033352,0.6714595959595959
0.17575757575757572,0.19595959595959594,1.048446541694429,0.16538000171007153,-1.959837517468455,3.0233401549869114,-1.0635026374959224,1.0859569800551132,0.00679574080238385,0.6714595959595959
0.1797979797979798,0.19595959595959594,0.9781053435225501,0.18082147404553622,-1.9651966163158168,2.765158301407542,-0.799961684762529,0.8964078479094643,0.0055965771587571525,0.6714595959595959
0.1838383838383838,0.19595959595959594,0.9130476267150639,0.19575331109953406,-1.9696167095200063,2.554235211587539,-0.5846185021157595,0.7459577016441634,0.004640547471936934,0.6714595959595959
0.18787878787878787,0.19595959595959594,0.8545333497447943,0.20994610012005124,-1.9732628677698267,2.3815636479825635,-0.40830077943518717,0.6262164696069173,0.0038807410646643265,0.6714595959595959
0.19191919191919193,0.19595959595959594,0.8033301598702511,0.22323483498886262,-1.9762724656922885,2.239793802904302,-0.2635213372082603,0.5305153638991358,0.0032783260827923934,0.6714595959595959
0.19595959595959594,0.19595959595959594,0.759709623290514,0.23551861646728953,-1.9787612058392823,2.122974427422367,-0.14421322207602216,0.453601815873281,0.0028015344314956847,0.6714595959595959
0.2,0.19595959595959594,0.7235017862567216,0.2467544559721336,-1.9808211878461517,2.026305859299896,-0.04548467190202388,0.39136639506032284,0.002424609320783418,0.6714595959595959
-0.2,0.2,1.9654571841888193,0.010247258537178465,11.904387203404967,36.8891509107816,-48.79353811423709,29.874416157001317,12.9667411529925,0.6755
-0.19595959595959597,0.2,1.9654558302513765,0.01024731061129312,11.904195280210764,36.889094878193234,-48.793290158381076,29.874424613711405,12.96655930091123,0.6755
-0.19191919191919193,0.2,1.9654542773023513,0.010247369689014822,11.903975904250865,36.88903295300455,-48.79300885731964,29.8744365378759,12.96635072298884,0.6755
-0.1878787878787879,0.2,1.9654524938275912,0.010247436212604504,11.903725503125933,36.88896660315234,-48.79269210621233,29.874454428417085,12.96611196420369,0.6755
-0.18383838383838386,0.2,1.96545044290624,0.010247511422729281,11.903439052637124,36.88889494668915,-48.792333999381256,29.87447911337106,12.965838052932154,0.6755
-0.17979797979797982,0.2,1.9654480812625503,0.010247597937448692,11.903109311732184,36.888812761330975,-48.79192207304768,29.8745081803022,12.96552167765482,0.6755
-0.17575757575757578,0.2,1.965445358095939,0.010247696353444705,11.902730657691173,36.88872283137192,-48.79145348923118,29.874546028144483,12.965157377517965,0.6755
-0.1717171717171717,0.2,1.9654422137200558,0.010247810249818063,11.902293141249967,36.888618069136875,-48.79091121043264,29.874589450139503,12.964735081955185,0.6755
-0.1676767676767677,0.2,1.9654385778938808,0.010247939263829506,11.901790367979897,36.88850660084838,-48.79029696868053,29.874648026250068,12.964248714221378,0.6755
-0.16363636363636364,0.2,1.965434367840469,0.010248088526694949,11.901208346689609,36.88837799398096,-48.78958634066693,29.874716864645,12.96368406698637,0.6755
-0.15959595959595962,0.2,1.9654294858523236,0.01024826072243596,11.900534480233924,36.88823207660981,-48.78876655672688,29.87480005301754,12.96302862330508,0.6755
-0.15555555555555556,0.2,1.9654238163604305,0.010248459124591594,11.899753755112009,36.88806828934676,-48.78782204436424,29.874902174617986,12.962267440949345,0.6755
-0.15151515151515152,0.2,1.9654172223967659,0.010248688680647051,11.898847139113503,36.88788212747452,-48.78672926653477,29.87502559693872,12.96138144940824,0.6755
-0.14747474747474748,0.2,1.96540954123862,0.01024895463016184,11.897792764483228,36.88767053810939,-48.785463302651706,29.875175053728427,12.960348792528526,0.6755
-0.14343434343434344,0.2,1.9654005790649856,0.0102492634466785,11.896564316727511,36.88742905036657,-48.7839933670231,29.87535558427704,12.959143140643874,0.6755
-0.1393939393939394,0.2,1.9653901043325868,0.010249623554843946,11.89512956187818,36.88714983837212,-48.782279400292424,29.87557129511957,12.9577321717609,0.6755
-0.13535353535353536,0.2,1.9653778395614065,0.010250043266298851,11.893451946913032,36.886829951475434,-48.78028189824477,29.87583243960197,12.956079423112412,0.6755
-0.13131313131313133,0.2,1.9653634510329068,0.010250533458367747,11.891486495219164,36.88646267491679,-48.77794917032329,29.87614894826801,12.954139958856254,0.6755
-0.1272727272727273,0.2,1.9653465358927988,0.010251109540858937,11.889176278454173,36.886031713151084,-48.775207991581134,29.87652638462034,12.951856703180761,0.6755
-0.12323232323232325,0.2,1.965326605790846,0.010251785864740258,11.886457324122377,36.88553290261981,-48.771990226397754,29.876984388771177,12.949166015996571,0.6755
-0.11919191919191921,0.2,1.9653030661603077,0.010252583591537405,11.883247487492625,36.88494791754799,-48.76819540531189,29.877536479397754,12.945985864506472,0.6755
-0.11515151515151516,0.2,1.965275189794049,0.010253527916072364,11.879447126012309,36.884256849107985,-48.76370397512324,29.878201656432775,12.94221693940309,0.6755
-0.11111111111111112,0.2,1.9652420829203732,0.010254646242317604,11.874937945321602,36.883448076231865,-48.758386022061636,29.879014236195097,12.937741895287587,0.6755
-0.10707070707070708,0.2,1.9652026417128399,0.01025598142693485,11.869563473686796,36.8824748915334,-48.752038365432064,29.87999109127393,12.932404721055107,0.6755
-0.10303030303030304,0.2,1.9651554961089444,0.010257574794614574,11.863143338753765,36.88132209383711,-48.74446543292125,29.881188695661983,12.926027135306315,0.6755
-0.098989898989899,0.2,1.9650989373390562,0.010259488016954596,11.855440988538279,36.87993441920614,-48.73537540822446,29.882649172630554,12.918374509587077,0.6755
-0.09494949494949496,0.2,1.9650308241496741,0.010261796217673253,11.846162716575773,36.87825057261727,-48.724413289312025,29.88443310892557,12.909156228772265,0.6755
-0.09090909090909093,0.2,1.9649484615776056,0.010264590327764174,11.834943371799959,36.87620671158287,-48.711150083351576,29.886629203552527,12.89801196981821,0.6755
-0.08686868686868687,0.2,1.964848444450769,0.010267989539972338,11.821317108264717,36.87370717590751,-48.69502428444893,29.889339397990113,12.884482223600312,0.6755
-0.08282828282828283,0.2,1.964726455932423,0.010272146755447237,11.804692077184164,36.870624962564996,-48.675317039705355,29.892690687661226,12.867983807169246,0.6755
-0.0787878787878788,0.2,1.9645770094429928,0.01027725207588682,11.784322152175676,36.86681497129938,-48.65113712415844,29.896860540554375,12.84778301630855,0.6755
-0.07474747474747476,0.2,1.9643931205958798,0.010283556477414846,11.759249155185604,36.862062071017974,-48.62131122608124,29.902053465392637,12.822937695626447,0.6755
-0.07070707070707072,0.2,1.9641658941802709,0.010291372453538493,11.72826407481081,36.856120783180785,-48.584384858060126,29.90855667849813,12.792261307306504,0.6755
-0.06666666666666668,0.2,1.9638840119536138,0.010301106886046896,11.68982295851958,36.8486501912494,-48.538473149518985,29.91671634588642,12.75423907422266,0.6755
-0.06262626262626264,0.2,1.963533109538675,0.010313275929552397,11.641974662162797,36.83922601679931,-48.48120067932295,29.926982467412508,12.70695868578034,0.6755
-0.0585858585858586,0.2,1.963095039485792,0.010328539236921785,11.5822586307962,36.82729750601097,-48.409556136617276,29.939914920177706,12.648009935217761,0.6755
-0.054545454545454564,0.2,1.9625470338002269,0.010347726708150783,11.507606244601435,36.812185541821414,-48.31979178629673,29.956227704808136,12.574389558311724,0.6755
-0.050505050505050525,0.2,1.9618608091688055,0.010371883777310785,11.41422305814758,36.793027498713016,-48.20725055696497,29.976791436503156,12.482385689680505,0.6755
-0.046464646464646486,0.2,1.9610017053034945,0.010402307154663892,11.297495849682456,36.7687641217824,-48.06625997163721,30.002665262760186,12.367488233867158,0.6755
-0.04242424242424245,0.2,1.9599280174106053,0.010440574342253936,11.151940104136557,36.738145595263404,-47.890085699113115,30.035129222579343,12.224339446438547,0.6755
-0.03838383838383841,0.2,1.9585907779034981,0.01048858460237884,10.971198345495923,36.699676129545914,-47.67087447487818,30.0756350456366,12.046731724431787,0.6755
-0.03434343434343434,0.2,1.9569343526314573,0.010548549293866671,10.748195228178348,36.65168754918216,-47.39988277726777,30.125808861008792,11.827762554989496,0.6755
-0.030303030303030304,0.2,1.9548983170528902,0.010622963612432174,10.475457402278721,36.59238715074726,-47.06784455257247,30.187353557493207,11.560148277141117,0.6755
-0.026262626262626265,0.2,1.9524211157116487,0.010714510309516501,10.145687086307472,36.52000136426558,-46.66568844976104,30.26192539064083,11.236787242821574,0.6755
-0.022222222222222227,0.2,1.9494459007411324,0.01082590807535751,9.752586422222608,36.43291566417386,-46.185502086108144,30.350889680954605,10.851565254435297,0.6755
-0.018181818181818188,0.2,1.9459285948558558,0.010959642585363319,9.29194729845782,36.32997842649252,-45.621925724686086,30.455107718937793,10.400423364903574,0.6755
-0.01414141414141415,0.2,1.9418475694210777,0.011117645904759934,8.762816555227099,36.21073308680934,-44.97354964198175,30.57461543159961,9.882494166670321,0.6755
-0.01010101010101011,0.2,1.9372134313533695,0.011300908148179778,8.168542880165488,36.07568895008812,-44.244231830170754,30.708387715875226,9.301122744688,0.6755
-0.006060606060606072,0.2,1.9320765459160163,0.011509118795440521,7.517365754618483,35.92644683333408,-43.44381258767445,30.85416960916297,8.664436273687741,0.6755
-0.002020202020202033,0.2,1.9265295664489153,0.011740393690040249,6.822290024912318,35.765719645264525,-42.5880096696458,31.008533083638394,7.985216208557481,0.6755
0.0020202020202020055,0.2,1.9207028841853933,0.01199122356373091,6.100089450479529,35.597073256998904,-41.69716270770575,31.16706861185482,7.279916116064149,0.6755
0.006060606060606044,0.2,1.9147526798431955,0.012256662893657077,5.369596418898642,35.424541785001495,-40.794138203498505,31.324790585168117,6.56698512396083,0.6755
0.010101010101010083,0.2,1.9088436220247522,0.012530761025469336,4.649634792902267,35.25217156865723,-39.90180636135932,31.47664680595433,5.864846280673133,0.6755
0.014141414141414121,0.2,1.9031301504085207,0.012807188668242337,3.9570601086978017,35.08351413059632,-39.04057423942508,31.617938029097974,5.189980771945013,0.6755
0.01818181818181816,0.2,1.8977407187695658,0.013079902174598854,3.3053311178038047,34.92125447349531,-38.22658559082167,31.744627986525348,4.555535345349013,0.6755
0.0222222222222222,0.2,1.8927681399656349,0.013343697418477416,2.7038139301042063,34.76705972060976,-37.470873650545286,31.853528468584347,3.970649976241929,0.6755
0.026262626262626265,0.2,1.8882669741986653,0.013594634549681076,2.1577719009410803,34.621444059182295,-36.779215959876964,31.942182935880684,3.4404511675438276,0.6755
0.030303030303030304,0.2,1.8842568342392263,0.013830198049011014,1.6688829558088385,34.48388927718782,-36.152772232544024,32.008746997258896,2.9665658713875107,0.6755
0.03434343434343434,0.2,1.8807293330838801,0.01404930960896065,1.2360187480727534,34.3529186387724,-35.588937386602794,32.05169904185067,2.547886670391965,0.6755
0.03838383838383838,0.2,1.8776563022760708,0.014252196889799612,0.856087312856801,34.22622342611504,-35.0823107388374,32.069567199205295,2.1814000976519172,0.6755
0.04242424242424242,0.2,1.8749975043564229,0.01444021460083613,0.5247920399674166,34.10073215240122,-34.62552419178052,32.06063678150898,1.8629317168850832,0.6755
0.04646464646464646,0.2,1.872706869276953,0.014615665569163137,0.23723977319992517,33.97262892124832,-34.20986869403237,32.022676841567886,1.5877437097451212,0.6755
0.0505050505050505,0.2,1.8703699111234928,0.014776597261991337,-0.011617230043715843,33.83728954210649,-33.82567231191405,31.952664912801335,1.3509694956416498,0.6755
0.05454545454545451,0.2,1.8618395459255463,0.014841584388970085,-0.2266877855231768,33.689125561036754,-33.46243777487536,31.846494826399514,1.1479025210441933,0.6755
0.058585858585858575,0.2,1.854390780942366,0.014915836385705507,-0.4125667636535899,33.52141891822436,-33.10885215444635,31.69873472313088,0.974171768445091,0.6755
0.06262626262626264,0.2,1.8478518026142168,0.015003314055967198,-0.5734459011899706,33.32597039138558,-32.752524489952734,31.50225744105854,0.8258283351796973,0.6755
0.06666666666666665,0.2,1.8420609876713065,0.01510900214394561,-0.7130844803909058,33.09285386532362,-32.3797693848727,31.24801205522778,0.6993794514305317,0.6755
0.07070707070707072,0.2,1.8368655555576452,0.015239312903177314,-0.8348126988502123,32.80987818673194,-31.975065487522137,30.924558184693627,0.5917783616852971,0.6755
0.07474747474747473,0.2,1.8321187340755065,0.01540249969650113,-0.9415581373813617,32.46226325931165,-31.52070512202281,30.517845879698182,0.5003972848900824,0.6755
0.0787878787878788,0.2,1.827675716475818,0.015609250511129508,-1.0358796316400407,32.032287498039025,-30.996407866217943,30.01102015874249,0.42298375322135473,0.6755
0.0828282828282828,0.2,1.8233885258114308,0.01587345072055705,-1.1200010988009428,31.499137068745252,-30.37913596984356,29.384480241157643,0.35760920650593586,0.6755
0.08686868686868687,0.2,1.8190998012070625,0.016213106437303126,-1.1958421947346642,30.83924736662571,-29.643405171715536,28.616477465668044,0.3026142742483188,0.6755
0.09090909090909088,0.2,1.8146354929393451,0.016651462366567612,-1.2650410140834185,30.027392729368003,-28.7623517153786,27.684492087152965,0.2565529973446119,0.6755
0.09494949494949495,0.2,1.809796500027708,0.01721829820766383,-1.328967097224711,29.038874456182086,-27.709907358788364,26.567692126951673,0.21814038912920006,0.6755
0.09898989898989896,0.2,1.8043494016915345,0.017951333515530146,-1.388727357482777,27.85308398210872,-26.46435662474803,25.250664600560942,0.18620932379412694,0.6755
0.10303030303030303,0.2,1.7980166005187705,0.01889780216765392,-1.445158158542434,26.458103199779472,-25.01294504115199,23.727988081584027,0.15968170770071674,0.6755
0.10707070707070704,0.2,1.790466390674325,0.020115878360798742,-1.4988279118961771,24.855986451823505,-23.35715853967448,22.009149605712825,0.1375617532554793,0.6755
0.1111111111111111,0.2,1.7813036887712008,0.021676123203335968,-1.5500383144560035,23.06685542039541,-21.516817105383133,20.12193128887892,0.11894837044864608,0.6755
0.11515151515151512,0.2,1.7700624715627347,0.023662702875049405,-1.5988431490699104,21.130299553852712,-19.531456404478043,18.11282253130855,0.10306179670827535,0.6755
0.11919191919191918,0.2,1.7562014386505955,0.02617403020162037,-1.645100349409781,19.10290452528357,-17.45780417713897,16.043485387788845,0.0892718655599769,0.6755
0.1232323232323232,0.2,1.739105120915275,0.029322811367349075,-1.6885328549970338,17.051571001005723,-15.3630381474103,13.983281398489513,0.0771120976349228,0.6755
0.12727272727272726,0.2,1.7180935282010694,0.03323455600794522,-1.728816793579404,15.044581906429464,-13.315765113731715,12.000014614716237,0.06627289791791349,0.6755
0.13131313131313133,0.2,1.6924442285263888,0.03804423161999733,-1.765655995245438,13.14259688516433,-11.376940890578794,10.15119641409626,0.05657283127946382,0.6755
0.13535353535353534,0.2,1.6614310358666047,0.04388995146613343,-1.7988478077926355,11.39212925212464,-9.593281445622992,8.478229697177193,0.047917872565711304,0.6755
0.1393939393939394,0.2,1.6243826404858612,0.05090333754371478,-1.8283147995194438,9.822538641298912,-7.994223842006562,7.004329429545557,0.040259673686365675,0.6755
0.14343434343434341,0.2,1.5807618943047246,0.059196180155222704,-1.8541120024282485,8.446490950558225,-6.592378948511659,5.735861046394342,0.033562620065426194,0.6755
0.14747474747474748,0.2,1.5302616376275755,0.06884405773703933,-1.876413023294925,7.262790957170793,-5.386377934238624,4.665840096703819,0.02778360550765203,0.6755
0.1515151515151515,0.2,1.4729062174491843,0.07986894828073433,-1.8954779781006974,6.26025521496668,-4.364777237157181,3.7782109740360275,0.022863706506381223,0.6755
0.15555555555555556,0.2,1.4091406760410992,0.09222347869700828,-1.911624566546564,5.421612880585439,-3.509988314123518,3.051899855012818,0.01872853432013024,0.6755
0.15959595959595957,0.2,1.3398848072815241,0.10578131529296733,-1.9251916071538402,4.726732680157827,-2.8015410740372957,2.4640308160537923,0.015293020287323919,0.6755
0.16363636363636364,0.2,1.2665302306208868,0.1203363760693465,-1.9365215860719087,4.155019590101794,-2.21849800452863,1.9921912416276277,0.012467734682868261,0.6755
0.16767676767676765,0.2,1.1908674383030824,0.1356141169527722,-1.9459376188611075,3.686931797608459,-1.7409941787802659,1.615788860783112,0.010164491933556898,0.6755
0.1717171717171717,0.2,1.1149453145304231,0.15129332857185704,-1.953734958048982,3.304838386986205,-1.351103429476705,1.3167340876489657,0.008300579164609542,0.6755
0.17575757575757572,0.2,1.0408830854468267,0.16703520752335832,-1.9601770666858938,2.9933809007445156,-1.0332038346295498,1.0796439750493207,0.006801351097964618,0.6755
0.1797979797979798,0.2,0.9706674028966872,0.1825145074967054,-1.9654908032954503,2.7395082549796257,-0.7740174523332719,0.8917496556861347,0.005601420104123623,0.6755
0.1838383838383838,0.2,0.9059704969102538,0.1974459045863068,-1.9698721560826855,2.532339179329341,-0.5624670234287059,0.7426501281839069,0.004644853367732393,0.6755
0.18787878787878787,0.2,0.8480187244906413,0.21160266493088925,-1.9734849428137247,2.3629192011049014,-0.3894342585731678,0.6239934061754251,0.0038846720706675435,0.6755
0.19191919191919193,0.2,0.797528028506281,0.22482470614384312,-1.976466277934643,2.2239548695092033,-0.247488591444899,0.5291495285060662,0.0032819969995204062,0.6755
0.19595959595959594,0.2,0.7547086142027057,0.23701764195008768,-1.9789296302942287,2.109547609161332,-0.13061797966987854,0.45290218269711696,0.002805022819046941,0.6755
0.2,0.2,0.719328843531389,0.24814490244595927,-1.9809693242152415,2.0149517281624973,-0.03398240380056805,0.3911759488262689,0.002427971954622957,0.6755
