slopeL,slopeH,F,F_slip,F_yield,fluxD,fluxHR,fluxLR,potential_H1,dG
0.1,-0.1,0.0145578289027796,0.0145578289027796,1.1093032962816125,-0.4507333580445731,0.230006501116712,0.220726857247115,0.5,-0.00806902746187
0.1041666666666666,-0.1,0.011525726916907,0.011525726916907,1.1047198287695157,-0.4526034438092097,0.2299904045645924,0.222613041153874,0.5,-0.0144813926682343
0.1041666666666666,-0.1041666666666666,0.0110605984753599,0.0110605984753599,1.4982170790762424,-0.3337300091242099,0.1694751153886748,0.164254894442827,0.5,-0.0056470857361205
0.1083333333333333,-0.1083333333333333,0.0076686360220307,0.0076686360220307,2.0233211717922286,-0.2471184531484027,0.124899238283227,0.1222192166486699,0.5,-0.0035762449680701
0.1083333333333333,-0.1041666666666666,0.0084169232609766,0.0084169232609766,1.492780560411685,-0.3349454111337877,0.1694661889280055,0.1654792241623752,0.5,-0.0124504899083344
0.1083333333333333,-0.1,0.0090990471596745,0.0090990471596745,1.101046088010646,-0.4541135967910463,0.229978565018655,0.2241350331179745,0.5,-0.0213249885485538
0.1125,-0.1083333333333333,0.0052380624685562,0.0052380624685562,2.0165177040048947,-0.2479521988104664,0.1248944826601707,0.1230577174909761,0.5,-0.0106618681540464
0.1125,-0.1,0.0071011830303036,0.0071011830303036,1.098015582775828,-0.4553669431387419,0.2299700036795364,0.2253969404658704,0.5,-0.028479958471048
0.1125,-0.1041666666666666,0.0062342214000668,0.0062342214000668,1.488287021052479,-0.335956702982088,0.1694593356034595,0.1664973664596871,0.5,-0.0195798229245034
0.1125,-0.1125,0.0040207802606828,0.0040207802606828,2.7303806382490556,-0.1831246503009254,0.0920829708454533,0.0910416797720756,0.5,-0.0016962274302466
0.1166666666666666,-0.1166666666666666,1.1727724145127015e-06,1.1727724145127015e-06,3.495687706826861,-0.1430333723190529,0.0715168044063538,0.071516567179394,0.497593435903128,-4.422773300483138e-07
0.1166666666666666,-0.1041666666666666,0.0043636759361411,0.0043636759361411,1.4844263797463992,-0.3368304465792278,0.1694545419388937,0.1673759040960618,0.5,-0.0269422179817822
0.1166666666666666,-0.1083333333333333,0.0031340360034805,0.0031340360034805,2.0106175162702256,-0.2486798181499381,0.1248910087880723,0.1237888110378087,0.5,-0.0179904582201489
0.1166666666666666,-0.1,0.0054046267607411,0.0054046267607411,1.095435973266752,-0.4564392731591766,0.229963987441085,0.2264752867582409,0.5,-0.0358617732002767
0.1166666666666666,-0.1125,0.0016040495155815,0.0016040495155815,2.721167053926227,-0.1837446909708546,0.0920807552336171,0.0916639361754718,0.5,-0.0089746113769457
0.1208333333333333,-0.1041666666666666,0.0026947108439612,0.0026947108439612,1.480974000973315,-0.3376156504988756,0.1694511339407114,0.1681645155986224,0.5,-0.0344722619838839
0.1208333333333333,-0.1083333333333333,0.0012258658285284,0.0012258658285284,2.0052556793110057,-0.2493447615276807,0.1248885177203398,0.1244562446453088,0.5,-0.0254903468048722
0.1208333333333333,-0.1125,1.3391016224959948e-07,1.3391016224959948e-07,2.466479502498161,-0.2027180842304403,0.1013590231074665,0.1013590614959127,0.4955955590819556,-0.0166666161683553
0.1208333333333333,-0.1166666666666666,6.092015206137635e-08,6.092015206137635e-08,2.4552507205184164,-0.2036451898582782,0.1018225865183559,0.1018226040488947,0.4814151864921044,-0.0083333118123976
0.1208333333333333,-0.1,0.0039138102436964,0.0039138102436964,1.093165916459333,-0.4573871104234115,0.2299593659340821,0.2274277449600816,0.5,-0.0434097571727735
0.1208333333333333,-0.1208333333333333,4.375249909301093e-08,4.375249909301093e-08,2.444475251344851,-0.2045428753669966,0.1022714452243427,0.1022714328642706,0.4671797217483415,-1.409981455665252e-08
0.125,-0.1041666666666666,0.0011408866739806,0.0011408866739806,1.477753393343051,-0.3383514474313358,0.1694486818216418,0.1689027661724544,0.5,-0.042123076533478
0.125,-0.1208333333333333,2.6440654066585413e-08,2.6440654066585413e-08,1.795122797646839,-0.2785324780696498,0.139266243487949,0.1392662331690992,0.453282191126935,-0.0083333413602275
0.125,-0.1166666666666666,4.1647393074604616e-08,4.1647393074604616e-08,1.8016983333216083,-0.277515936259249,0.1387579600527715,0.1387579763968816,0.467512307930037,-0.0166666529246598
0.125,-0.1083333333333333,1.2458320929529016e-08,1.2458320929529016e-08,1.815807739273411,-0.27535954755065,0.1376797771448856,0.1376797731314987,0.495589207600205,-0.0333333372200208
0.125,-0.1125,1.5480398177577875e-08,1.5480398177577875e-08,1.8085623563637112,-0.2764626812155768,0.1382313444660319,0.1382313387556983,0.4815910390573443,-0.025000005163747
0.125,-0.1,0.0025538260865614,0.0025538260865614,1.091089759183118,-0.4582574395814163,0.2299562543417757,0.2283011863453978,0.5,-0.0510795975093928
0.1291666666666666,-0.1,0.0012628324033588,0.0012628324033588,1.0891167269152695,-0.4590876135797543,0.2299537533059563,0.2291338619828451,0.5,-0.0588384404216247
0.1291666666666666,-0.1041666666666666,8.487553288563047e-08,8.487553288563047e-08,1.3827614160758464,-0.3615952779493909,0.1807976616763333,0.1807976183216553,0.4971011801395328,-0.0500000319728898
0.1291666666666666,-0.1166666666666666,2.1974441770389972e-08,2.1974441770389972e-08,1.3685416442513558,-0.3653524177643987,0.1826762043745304,0.1826762155257206,0.4552213126904167,-0.0249999933869569
0.1291666666666666,-0.1083333333333333,1.1254620863176839e-09,1.1254620863176839e-09,1.3777225704222575,-0.3629177679631397,0.1814588836142014,0.1814588841600972,0.483256453941888,-0.0416666662906201
0.1291666666666666,-0.1291666666666666,5.819835014147663e-08,5.819835014147663e-08,1.357363026782327,-0.3683612926874673,0.1841806620864865,0.1841806317919498,0.4113380500445017,-1.3706893536857877e-08
0.1291666666666666,-0.1208333333333333,5.6999109654642e-08,5.6999109654642e-08,1.36444916157689,-0.3664482438254168,0.1832241078567165,0.1832241373627958,0.440907002011402,-0.0166666505628472
0.1291666666666666,-0.1125,3.8240225203039455e-08,3.8240225203039455e-08,1.3729816283267722,-0.3641709324102606,0.1820854565269805,0.182085476218436,0.4693173742855482,-0.0333333207165294
0.1291666666666666,-0.125,1.125051806385618e-08,1.125051806385618e-08,1.3606929711288502,-0.367459824015441,0.1837299151362899,0.1837299093053239,0.426305531524484,-0.0083333362425231
0.1333333333333333,-0.125,3.809299822987763e-08,3.809299822987763e-08,1.0671084888171969,-0.4685559198271534,0.234277947737759,0.2342779729644597,0.4150186526092185,-0.0166666576934573
0.1333333333333333,-0.1291666666666666,5.2532188763188535e-08,5.2532188763188535e-08,1.065832696292429,-0.469116776246409,0.2345583721589683,0.2345584068970332,0.3998007703806581,-0.008333322225843
0.1333333333333333,-0.1333333333333333,1.7471986792210495e-08,1.7471986792210495e-08,1.0654253960455995,-0.4692961148964372,0.2346480640480379,0.2346480525825462,0.3840359606759958,-3.257500188110408e-09
0.1333333333333333,-0.1166666666666666,4.4648304211064426e-08,4.4648304211064426e-08,1.0714388697079444,-0.4666621804757227,0.2333310762857579,0.2333311057124909,0.444250289285686,-0.0333333207217544
0.1333333333333333,-0.1208333333333333,5.079620848475806e-09,5.079620848475806e-09,1.069021765641474,-0.4677173241403238,0.2338586607235093,0.2338586640274762,0.4298056925147223,-0.0249999987049287
0.1333333333333333,-0.1125,3.8517571428194346e-08,3.8517571428194346e-08,1.074251377268154,-0.4654404080697105,0.2327201919239492,0.2327202172532523,0.4584221443438524,-0.0416666548756491
0.1333333333333333,-0.1,9.418534079687138e-07,9.418534079687138e-07,1.0843892634931778,-0.4610890357995885,0.2305448250403898,0.2305442108781683,0.4998860298237317,-0.0666670218613502
0.1333333333333333,-0.1083333333333333,7.016252965897018e-09,7.016252965897018e-09,1.0773939067808105,-0.4640828175353277,0.2320414112014077,0.2320414066045124,0.4723818738343447,-0.0500000023112445
0.1333333333333333,-0.1041666666666666,1.076555654203993e-07,1.076555654203993e-07,1.0808256576084254,-0.4626092997411746,0.2313046845187258,0.2313046140964054,0.4861858984918561,-0.058333371390453
0.1375,-0.1291666666666666,5.4415440078522815e-08,5.4415440078522815e-08,0.8607598808181403,-0.5808820916208646,0.2904410682159124,0.2904410235142336,0.3893649340996005,-0.0166666769273091
0.1375,-0.1125,2.6198320267794552e-08,2.6198320267794552e-08,0.8635851015516331,-0.5789817346477406,0.2894908564689658,0.2894908779186735,0.4487017365807111,-0.0499999925905405
0.1375,-0.125,9.734091341030869e-09,9.734091341030869e-09,0.8603548208382825,-0.5811555742235299,0.2905777831816927,0.2905777911807234,0.4048426684045553,-0.0249999979353986
0.1375,-0.1,3.87179575116979e-08,3.87179575116979e-08,0.8705355043104276,-0.5743591125178824,0.2871795723569263,0.2871795409167106,0.4902159406125411,-0.0750000136849112
0.1375,-0.1041666666666666,5.381048515161668e-08,5.381048515161668e-08,0.8679397905026632,-0.576076825768439,0.2880383915827202,0.2880384354049319,0.4765448258004991,-0.0666666489169795
0.1375,-0.1208333333333333,5.297626366656242e-09,5.297626366656242e-09,0.8608302643752905,-0.58083459709691,0.2904173009675759,0.2904172966468614,0.4198298111597505,-0.033333334573134
0.1375,-0.1083333333333333,5.6388593339919684e-08,5.6388593339919684e-08,0.865587436298396,-0.5776423945946618,0.2888212209736167,0.2888211749277651,0.4627229718409202,-0.0583333506045733
0.1375,-0.1166666666666666,8.013721415611688e-09,8.013721415611688e-09,0.8619577997229851,-0.5800748023088147,0.2900374041096079,0.2900373975661097,0.4344242820539892,-0.0416666687347472
0.1375,-0.1333333333333333,1.730276289919219e-08,1.730276289919219e-08,0.8624551192740275,-0.5797403124924188,0.2898701629112743,0.2898701487495394,0.3732672439496529,-0.0083333361832341
0.1375,-0.1375,2.3010949495796912e-08,2.3010949495796912e-08,0.8660599217792986,-0.5773272570892516,0.2886636389037598,0.2886636202274424,0.3563664224490697,-3.2349618817040192e-09
0.1416666666666666,-0.1,6.772596089448203e-08,6.772596089448203e-08,0.7154638201331674,-0.698847356075305,0.3494237127829187,0.3494236458988027,0.4816403731050657,-0.0833333556648081
0.1416666666666666,-0.1041666666666666,3.6704625815719787e-08,3.6704625815719787e-08,0.7136761307846115,-0.7005979028999576,0.3502989324754821,0.3502989688062214,0.4679612259242319,-0.0749999887643674
0.1416666666666666,-0.1375,8.324544185370171e-09,8.324544185370171e-09,0.7222201414151396,-0.692309686030498,0.3461548478919205,0.3461548399440737,0.346164434740597,-0.0083333342900156
0.1416666666666666,-0.1083333333333333,3.064432356781158e-08,3.064432356781158e-08,0.7121626341984447,-0.7020868215377902,0.3510433951915637,0.3510434256094115,0.4540935193004103,-0.0666666580016843
0.1416666666666666,-0.1125,1.0374656448510632e-08,1.0374656448510632e-08,0.710998700707216,-0.7032361652769481,0.3516180880680544,0.3516180777651954,0.4399885401447698,-0.0583333360192836
0.1416666666666666,-0.1291666666666666,4.716090767386819e-08,4.716090767386819e-08,0.7127244277115761,-0.7015334118709262,0.3507666832583354,0.3507667300261659,0.3799142378196793,-0.0249999922223986
0.1416666666666666,-0.1166666666666666,1.1429423253513105e-07,1.1429423253513105e-07,0.7102797221517511,-0.703948013481039,0.3519740644366997,0.3519739506645756,0.4255914784148262,-0.0500000269366731
0.1416666666666666,-0.1208333333333333,2.3718085745829492e-08,2.3718085745829492e-08,0.7101794732126459,-0.7040473831101934,0.3520237038400573,0.3520236802447094,0.4108396014745793,-0.0416666716937459
0.1416666666666666,-0.1333333333333333,6.098681738316283e-09,6.098681738316283e-09,0.7162156831343798,-0.6981137274792815,0.3490568664087021,0.3490568604225572,0.3634869211916213,-0.0166666675241407
0.1416666666666666,-0.125,6.3928063019500006e-09,6.3928063019500006e-09,0.7108808549239062,-0.7033527434886366,0.3516763691706615,0.3516763754313068,0.395649410313568,-0.0333333321465137
0.1458333333333333,-0.1041666666666666,3.1339561644234e-08,3.1339561644234e-08,0.5988073453764085,-0.8349930971844515,0.4174965672081576,0.4174965302012516,0.4602507347603118,-0.0833333421973358
0.1458333333333333,-0.1416666666666666,1.1486888859851133e-08,1.1486888859851133e-08,0.6288100136485327,-0.7951527314799165,0.3975763593862815,0.397576372301792,0.3177841991955846,-0.0083333325211931
0.1458333333333333,-0.1458333333333333,2.4131112438267697e-08,2.4131112438267697e-08,0.6494613019284127,-0.7698688111118059,0.3849344180962539,0.3849343918491925,0.2970065096094337,-1.1364300075052696e-09
0.1458333333333333,-0.1333333333333333,4.788076158172458e-08,4.788076158172458e-08,0.6078585959964532,-0.8225597266046947,0.411279890253887,0.4112798345834356,0.3545530189434567,-0.0250000056399599
0.1458333333333333,-0.1208333333333333,1.1300263312785398e-08,1.1300263312785398e-08,0.5981398766994369,-0.8359248714103842,0.417962429885236,0.4179624431455053,0.4026868169273025,-0.0499999978849343
0.1458333333333333,-0.1166666666666666,5.004629601069316e-08,5.004629601069316e-08,0.597441164363306,-0.8369024927893207,0.4184512171986725,0.4184512764255252,0.4176002773393162,-0.0583333227179646
0.1458333333333333,-0.1125,1.0285156048765172e-08,1.0285156048765172e-08,0.5974252259002286,-0.8369248201854873,0.4184624044195644,0.4184624165666157,0.4321214941476048,-0.0666666642476815
0.1458333333333333,-0.1083333333333333,3.346719230795746e-08,3.346719230795746e-08,0.5979201604442693,-0.8362320467991964,0.4181160438614384,0.4181160043064515,0.4463195409946838,-0.0750000086719317
0.1458333333333333,-0.1375,1.0661914815021025e-08,1.0661914815021025e-08,0.615945188882453,-0.8117605409055528,0.4058802648473723,0.4058802770472525,0.3368194654904613,-0.0166666656647388
0.1458333333333333,-0.1,1.734829170020564e-08,1.734829170020564e-08,0.5999997832080856,-0.8333336336256849,0.4166668278111096,0.416666807429852,0.473963363546901,-0.0916666719657914
0.1458333333333333,-0.125,4.1770671467702194e-08,4.1770671467702194e-08,0.5998040997742562,-0.8336055062777632,0.4168027280879123,0.4168027773235785,0.3872940316024192,-0.0416666597759234
0.1458333333333333,-0.1291666666666666,1.609433641036833e-09,1.609433641036833e-09,0.6028277754209105,-0.8294242897436561,0.4147121460843586,0.4147121454301619,0.3713030661189823,-0.0333333334122069
0.15,-0.1208333333333333,7.19270943307819e-08,7.19270943307819e-08,0.5124644736845765,-0.9756773898447904,0.4878386451575487,0.4878387444033123,0.3952204395447621,-0.0583333214660156
0.15,-0.1041666666666666,2.0415969160842146e-08,2.0415969160842146e-08,0.5109102479366565,-0.9786454694093152,0.4893227499257939,0.4893227217618126,0.4532474863885028,-0.091666671942731
0.15,-0.1,2.35907264102174e-09,2.35907264102174e-09,0.5116360442422639,-0.9772571827090246,0.4886285931091976,0.488628592849853,0.4670075854239473,-0.100000000053076
0.15,-0.1416666666666666,1.10202371869006e-08,1.10202371869006e-08,0.5504479777949157,-0.9083510522613238,0.454175519339298,0.454175533484733,0.3086181920518971,-0.0166666661475783
0.15,-0.1125,2.42928357036117e-08,2.42928357036117e-08,0.5105248933381326,-0.97938417051148,0.4896920700993412,0.4896921035954165,0.4249449748309803,-0.0749999948698257
0.15,-0.15,3.6687509722126395e-08,3.6687509722126395e-08,0.6138055469498629,-0.8145902269774581,0.407295134928237,0.4072950926685976,0.2633316920951564,-0.0
0.15,-0.1083333333333333,5.5390066219694416e-08,5.5390066219694416e-08,0.5105024694929012,-0.979427190623568,0.4897136346361428,0.4897135579391261,0.4392426310335331,-0.0833333463846711
0.15,-0.1166666666666666,4.895414775842887e-09,4.895414775842887e-09,0.5111032789807107,-0.978275860562519,0.4891379267397724,0.4891379335050807,0.4102948362371628,-0.0666666657445944
0.15,-0.1375,8.026912903939509e-09,8.026912903939509e-09,0.5350837782295901,-0.9344331108560624,0.467216551231072,0.4672165616445198,0.3281703610214735,-0.0249999994427932
0.15,-0.1291666666666666,2.7969362104907843e-08,2.7969362104907843e-08,0.5189124728973986,-0.9635536357486671,0.481776837130937,0.4817767990200323,0.3633804817365361,-0.0416666699627039
0.15,-0.1458333333333333,5.1240327308969153e-08,5.1240327308969153e-08,0.5747461014449169,-0.8699493545431096,0.4349746457892145,0.434974708829845,0.2871958062741127,-0.0083333321255881
0.15,-0.1333333333333333,1.8574386024183957e-08,1.8574386024183957e-08,0.525239767515813,-0.9519461989170992,0.475973086568132,0.475973111561597,0.346311180245252,-0.0333333315829917
0.15,-0.125,1.6530829085072157e-08,1.6530829085072157e-08,0.514904429763607,-0.9710539881033924,0.4855269826737256,0.4855270053750793,0.3796248648036598,-0.0499999976621944
0.1541666666666666,-0.1541666666666666,2.364418282541083e-08,2.364418282541083e-08,0.6297199007909472,-0.794003809238788,0.397001891373911,0.397001917923685,0.2258535844223803,-1.1145947720336644e-09
0.1541666666666666,-0.15,3.8195532025663976e-08,3.8195532025663976e-08,0.5602376411427563,-0.8924784123024381,0.446239181206792,0.4462392293851209,0.2533504349635967,-0.0083333342330436
0.1541666666666666,-0.1125,3.1346245198656765e-08,3.1346245198656765e-08,0.4422455381985221,-1.1305936566371455,0.5652968028922061,0.5652968530063021,0.4183180734630729,-0.0833333274232701
0.1541666666666666,-0.1375,8.384832769313532e-09,8.384832769313532e-09,0.4717770783912822,-1.05982257855662,0.5299112961186268,0.5299112836056743,0.3200581122014335,-0.0333333337268881
0.1541666666666666,-0.1166666666666666,3.822610385070769e-08,3.822610385070769e-08,0.4432770427637673,-1.127962766827622,0.5639813537781571,0.5639814147324529,0.4035368408426986,-0.0749999936954169
0.1541666666666666,-0.1083333333333333,9.657736125839065e-08,9.657736125839065e-08,0.4418180114906925,-1.1316876777756022,0.5658439174655108,0.5658437629205046,0.4327196009418007,-0.0916666871508939
0.1541666666666666,-0.1,4.148611938975552e-08,4.148611938975552e-08,0.4422187100900827,-1.1306622460905515,0.5653310898461577,0.5653311561823458,0.460622205945207,-0.1083333225771279
0.1541666666666666,-0.1291666666666666,6.153342023389373e-09,6.153342023389373e-09,0.4530524153297776,-1.1036250612288825,0.5518125267557572,0.5518125362026431,0.3560001223472683,-0.049999999429342
0.1541666666666666,-0.1458333333333333,6.932632569050079e-08,6.932632569050079e-08,0.5166741541394254,-0.9677279113944764,0.4838639081482263,0.4838640030261736,0.2779320963941623,-0.0166666666666666
0.1541666666666666,-0.125,4.1621734901941734e-08,4.1621734901941734e-08,0.4482364452850041,-1.115482700025524,0.5577413166599037,0.5577413823110007,0.3724996210833076,-0.0583333284287971
0.1541666666666666,-0.1041666666666666,1.269729545082768e-08,1.269729545082768e-08,0.4418523399823824,-1.131599754903732,0.5657998681695524,0.5657998884193383,0.4468049166957606,-0.0999999970175281
0.1541666666666666,-0.1333333333333333,1.259549965582249e-07,1.259549965582249e-07,0.4604430312450064,-1.0859106686746145,0.5429554311700286,0.542955237739875,0.3386071957459812,-0.0416666755730216
0.1541666666666666,-0.1208333333333333,3.192360083364416e-08,3.192360083364416e-08,0.4451519673264363,-1.1232119299378525,0.5616059895567673,0.561605938869878,0.3882979771674559,-0.06666667117934
0.1541666666666666,-0.1416666666666666,9.25839635912984e-08,9.25839635912984e-08,0.4892727358544327,-1.0219249169037423,0.5109623916903132,0.5109625254942216,0.2999898095757705,-0.0249999978177795
0.1583333333333333,-0.125,2.3459691086404435e-08,2.3459691086404435e-08,0.3945506175214433,-1.2672645226838457,0.6336322823945224,0.633632240350515,0.3657905984759825,-0.066666668878465
0.1583333333333333,-0.1125,6.071889713879073e-08,6.071889713879073e-08,0.387266045123675,-1.2911020881849709,0.6455511006948669,0.6455509898537919,0.412118475748145,-0.0916666766824955
0.1583333333333333,-0.1083333333333333,1.253512529490991e-07,1.253512529490991e-07,0.386535883921606,-1.2935409634088444,0.6467703678799346,0.6467705971844175,0.4266300262064374,-0.0999999763641528
0.1583333333333333,-0.1041666666666666,1.5448124177786905e-08,1.5448124177786905e-08,0.3862621428831468,-1.2944576855311285,0.6472288581762697,0.6472288300224136,0.4407990445797069,-0.1083333365957639
0.1583333333333333,-0.15,1.0192701530153329e-08,1.0192701530153329e-08,0.5176500798969538,-0.9659034527796138,0.4829517204524123,0.4829517342431266,0.2437815645407036,-0.0166666671425842
0.1583333333333333,-0.1458333333333333,2.7190826976426914e-08,2.7190826976426914e-08,0.470276019487748,-1.063205392621967,0.531602716879874,0.5316026759965524,0.2690504123855181,-0.0249999993591185
0.1583333333333333,-0.1333333333333333,1.9913827458385657e-08,1.9913827458385657e-08,0.4083249513583756,-1.2245149309717078,0.6122574491818753,0.6122574836186345,0.3313084456587508,-0.049999999062574
0.1583333333333333,-0.1416666666666666,5.801603794033655e-09,5.801603794033655e-09,0.4402102141136376,-1.135820987014171,0.5679104891082716,0.5679104984135144,0.2917436987955927,-0.0333333333333333
0.1583333333333333,-0.1208333333333333,3.899349537266372e-09,3.899349537266372e-09,0.3909563789131807,-1.2789150585063285,0.639457532197703,0.6394575252283374,0.3817975105168996,-0.0750000004541196
0.1583333333333333,-0.1375,4.343804590216532e-08,4.343804590216532e-08,0.4209030901926228,-1.187921903217088,0.5939609881634382,0.5939609151887204,0.3123389340177187,-0.0416666676905093
0.1583333333333333,-0.1,5.483051512170282e-09,5.483051512170282e-09,0.3863451441531298,-1.2941795894979862,0.6470897995965643,0.6470897895668095,0.4546804438070818,-0.1166666679583156
0.1583333333333333,-0.1166666666666666,1.995229865872884e-09,1.995229865872884e-09,0.3886581823821395,-1.2864774825306995,0.643238739360239,0.643238742985556,0.3972029349420219,-0.0833333330515315
0.1583333333333333,-0.1291666666666666,5.073231430373638e-09,5.073231430373638e-09,0.4000336826877593,-1.2498947505987985,0.6249473706823458,0.6249473796457963,0.3490305447956961,-0.0583333329747651
0.1583333333333333,-0.1541666666666666,1.0305524899040454e-08,1.0305524899040454e-08,0.5919704612069764,-0.8446367387919054,0.422318375855486,0.4223183635614482,0.2157511313032065,-0.0083333326055627
0.1625,-0.1,3.0607307174502445e-08,3.0607307174502445e-08,0.3404074413990311,-1.4688280550629005,0.734413995510689,0.7344140590876087,0.4490808753084926,-0.1249999935073827
0.1625,-0.1416666666666666,1.1179835068232809e-08,1.1179835068232809e-08,0.3999549783035154,-1.2501407080990532,0.625070344721312,0.6250703644573719,0.2837507430948233,-0.0416666669297846
0.1625,-0.1083333333333333,1.5637601212110463e-08,1.5637601212110463e-08,0.3410454149598545,-1.4660804048772746,0.7330401860935467,0.7330402185146632,0.4208695304481755,-0.1083333307533496
0.1625,-0.15,2.0764792359342615e-08,2.0764792359342615e-08,0.4829431260239533,-1.035318597691628,0.517659283644452,0.5176593140474637,0.2344851983901758,-0.0250000014682926
0.1625,-0.1625,7.404345390854732e-08,7.404345390854732e-08,0.8243661409489511,-0.6065266091870285,0.3032632725981123,0.3032633361076655,0.1485573392547269,-1.0471026157254936e-08
0.1625,-0.1041666666666666,6.443225528508821e-09,6.443225528508821e-09,0.3405447561434134,-1.4682357923492049,0.7341179032442255,0.7341178898884806,0.435129243986782,-0.1166666678795278
0.1625,-0.1291666666666666,1.1085725894265878e-08,1.1085725894265878e-08,0.3563921542620626,-1.4029489531520056,0.7014744663516552,0.7014744882956201,0.3423609497129692,-0.0666666661452896
0.1625,-0.1375,1.7809960547094613e-08,1.7809960547094613e-08,0.3790798941959531,-1.318983167885591,0.6594916012547003,0.6594915680642934,0.3048901141920087,-0.0499999999999999
0.1625,-0.1541666666666666,3.7837678972605505e-09,3.7837678972605505e-09,0.5610527318833679,-0.8911818290722948,0.4455909125231017,0.4455909172413648,0.2060393565756425,-0.016666667019626
0.1625,-0.1208333333333333,1.2654903190940384e-08,1.2654903190940384e-08,0.3463487973931873,-1.4436314012685756,0.7218156885854938,0.7218157143668584,0.3756138029127336,-0.0833333321427541
0.1625,-0.125,2.3202982460361213e-08,2.3202982460361213e-08,0.3503620834401777,-1.427095064379344,0.7135475555378576,0.7135475087093859,0.3593917628216228,-0.075000001640692
0.1625,-0.2,0.1974130566377146,0.1974130566377146,9.94088907612706,-0.0502973124304588,0.0181275478212086,0.0321697638651521,0.0881257667817178,-0.0218292580334183
0.1625,-0.1125,9.927365767466884e-08,9.927365767466884e-08,0.3420332600388979,-1.461846137173552,0.73092317128377,0.7309229660491816,0.4062460126298482,-0.1000000140394091
0.1625,-0.1583333333333333,1.865205487877691e-07,1.865205487877691e-07,0.6751994668658089,-0.7405219116192825,0.370260858249253,0.3702610535839241,0.1764395472649109,-0.0083333553149835
0.1625,-0.1458333333333333,4.8285833973640784e-08,4.8285833973640784e-08,0.4323312691117265,-1.1565205558303404,0.5782603181903561,0.5782602392316782,0.2604136832004389,-0.0333333310575799
0.1625,-0.1166666666666666,3.1863919984343934e-08,3.1863919984343934e-08,0.3437108995835904,-1.4547109234721916,0.72735549410055,0.7273554285529151,0.3911913129947869,-0.0916666704215727
0.1625,-0.1333333333333333,2.2231380964989145e-08,2.2231380964989145e-08,0.3654300325018957,-1.3682509803886802,0.6841255110527911,0.6841254680541873,0.3242950280140231,-0.0583333338570994
0.1666666666666666,-0.1458333333333333,1.00074372118618e-09,1.00074372118618e-09,0.4006991415826038,-1.247818993877971,0.6239094981517077,0.6239094972367667,0.251910323023251,-0.041666666630005
0.1666666666666666,-0.1625,8.238341205061268e-08,8.238341205061268e-08,0.7933803387761735,-0.6302147601538337,0.3151073434748035,0.3151074168993695,0.1411128962285681,-0.008333346925843
0.1666666666666666,-0.15,7.66370025965483e-08,7.66370025965483e-08,0.4540682868136984,-1.101155959447567,0.5505780393496451,0.5505779200051997,0.2253554609081849,-0.0333333261079302
0.1666666666666666,-0.1291666666666666,1.754957107667923e-07,1.754957107667923e-07,0.3197770201984045,-1.563589526967192,0.7817949583055572,0.7817945702439779,0.3358984150348035,-0.0750000041364381
0.1666666666666666,-0.1583333333333333,4.09798082306148e-08,4.09798082306148e-08,0.6495241047559859,-0.769794370544318,0.3848972085215258,0.3848971639503702,0.167620618245333,-0.0166666608766589
0.1666666666666666,-0.1958333333333333,0.1600111323808663,0.1600111323808663,6.781292011735986,-0.073732261975465,0.0285236975204341,0.0452085647082434,0.076961464887492,-0.0147851113206968
0.1666666666666666,-0.1041666666666666,1.8676156118325187e-08,1.8676156118325187e-08,0.3022475223556255,-1.6542732798721431,0.827136617629872,0.8271366613127711,0.4297142756201964,-0.1249999969192887
0.1666666666666666,-0.1666666666666666,1.2050733818332083e-06,1.2050733818332083e-06,0.955237141162994,-0.5234302337339898,0.2617146707703242,0.2617155628164056,0.117867230841214,-2.272312002560276e-07
0.1666666666666666,-0.2,0.2237428721005792,0.2237428721005792,9.617869438959945,-0.0519865651811386,0.0177684831699203,0.0342180827406579,0.0843428286173961,-0.0567698654104181
0.1666666666666666,-0.1541666666666666,8.208450723487409e-08,8.208450723487409e-08,0.5350095550000646,-0.9345627487408734,0.4672813195247904,0.4672814280067889,0.1966360764327857,-0.0250000096731521
0.1666666666666666,-0.1125,3.4188630601714316e-08,3.4188630601714316e-08,0.3041260307162425,-1.6440552585917771,0.8220275893092932,0.8220276687979293,0.4006192850896798,-0.1083333293042391
0.1666666666666666,-0.1416666666666666,1.0581626308014237e-07,1.0581626308014237e-07,0.3662885744801573,-1.365043943365805,0.6825218692234003,0.6825220734968305,0.2759023714580336,-0.0500000049882023
0.1666666666666666,-0.1083333333333333,1.582483180026336e-07,1.582483180026336e-07,0.3029364915092501,-1.6505109609957174,0.8252552967295053,0.8252556661041979,0.4153602443411486,-0.1166666442872469
0.1666666666666666,-0.1166666666666666,2.3528789740872545e-08,2.3528789740872545e-08,0.3060283452298073,-1.6338355833245402,0.8169178190326036,0.8169177646684638,0.3854189623159281,-0.1000000022182623
0.1666666666666666,-0.1333333333333333,3.6689266888838492e-09,3.6689266888838492e-09,0.329457863984999,-1.517644756903195,0.7588223826880558,0.7588223748382248,0.3174720408002872,-0.0666666666666666
0.1666666666666666,-0.125,9.302174763248113e-09,9.302174763248113e-09,0.3132969059111062,-1.5959302194980722,0.7979651208089606,0.7979650998459782,0.353214688181638,-0.0833333337711757
0.1666666666666666,-0.1375,3.129186114828672e-08,3.129186114828672e-08,0.3440335704644961,-1.4533465419715412,0.7266732389541382,0.7266733032691342,0.2976088377967262,-0.0583333340708838
0.1666666666666666,-0.1208333333333333,4.1476476393183827e-08,4.1476476393183827e-08,0.3089375086507009,-1.6184502882302496,0.8092251918369868,0.8092250969055854,0.3696613247199356,-0.0916666695994534
0.1666666666666666,-0.1,4.658289960306645e-08,4.658289960306645e-08,0.3019312824083507,-1.6560059493986614,0.8280030293201399,0.8280029202256003,0.4437408144772631,-0.1333333421170804
0.1708333333333333,-0.1166666666666666,2.473548886908913e-09,2.473548886908913e-09,0.2739418607867296,-1.825204802628704,0.9126023983136236,0.9126024046875472,0.3798191403619317,-0.1083333331587249
0.1708333333333333,-0.1541666666666666,5.1891694185916864e-08,5.1891694185916864e-08,0.5124646209987986,-0.9756771092163348,0.487838518823775,0.4878385904247473,0.1875003346561141,-0.033333340671927
0.1708333333333333,-0.1375,3.1826384523029815e-08,3.1826384523029815e-08,0.3142084488614745,-1.5913003028865091,0.7956501161355085,0.7956501877518356,0.2904108232892319,-0.0666666681668303
0.1708333333333333,-0.1958333333333333,0.1827285612015413,0.1827285612015413,6.611529736000995,-0.0756254635971203,0.0280412709568054,0.0475841922255177,0.0735929043534418,-0.0429245625079599
0.1708333333333333,-0.15,1.2658955147899262e-08,1.2658955147899262e-08,0.4296315420989967,-1.1637879227170345,0.5818939719761396,0.5818939511453927,0.2163233445454561,-0.0416666651750756
0.1708333333333333,-0.1208333333333333,2.9160672126443573e-08,2.9160672126443573e-08,0.2770753869231829,-1.8045630308224787,0.902281478229078,0.9022815526481872,0.3638726178075961,-0.099999998625353
0.1708333333333333,-0.1333333333333333,5.5004708813308425e-08,5.5004708813308425e-08,0.2988160586713748,-1.6732701798455736,0.8366350240645701,0.8366351542161823,0.3107602076565496,-0.0750000012963798
0.1708333333333333,-0.1416666666666666,2.8451102704998106e-08,2.8451102704998106e-08,0.3376966923822426,-1.4806185889476495,0.7403093237613732,0.7403092641955382,0.2681091465738116,-0.0583333313218149
0.1708333333333333,-0.125,2.6884040049977052e-08,2.6884040049977052e-08,0.2817171993722974,-1.7748295136328949,0.8874147907541072,0.8874147232766632,0.3471879493925363,-0.0916666673003184
0.1708333333333333,-0.1916666666666666,0.1268424323607254,0.1268424323607254,4.607902529946666,-0.1085092387202877,0.0445223025479073,0.0639869380726807,0.0640781128099188,-0.0129818870099678
0.1708333333333333,-0.1,2.0387714704387525e-08,2.0387714704387525e-08,0.2692136033632462,-1.8572612738292236,0.928630610458974,0.928630664004853,0.4385973762462344,-0.1416666633031014
0.1708333333333333,-0.1625,3.200515835143022e-07,3.200515835143022e-07,0.7629866799927085,-0.6553194354193153,0.3276595689259167,0.3276598655358995,0.1341075262990047,-0.0166667270158849
0.1708333333333333,-0.1583333333333333,9.953189391235133e-08,9.953189391235133e-08,0.6257050791805173,-0.7990985156899058,0.3995492015522828,0.399549314032825,0.1592892639237057,-0.0250000164219198
0.1708333333333333,-0.1041666666666666,7.035915141560994e-08,7.035915141560994e-08,0.2696647521846414,-1.854154077868728,0.9270771314751088,0.9270769469824032,0.4244894760494602,-0.1333333432835683
0.1708333333333333,-0.1666666666666666,1.973749704305622e-07,1.973749704305622e-07,0.9153159084543422,-0.5462594889375936,0.2731298203037049,0.2731296678282255,0.1118231966092944,-0.0083332914643754
0.1708333333333333,-0.1125,2.876332039855959e-08,2.876332039855959e-08,0.2718525084809234,-1.839232614183345,0.9196163450627388,0.9196162702560108,0.3951711440605081,-0.116666669378186
0.1708333333333333,-0.1083333333333333,4.289442524959885e-08,4.289442524959885e-08,0.2704994505644173,-1.8484325899948573,0.924216238936534,0.924216351065926,0.4100351286670379,-0.1249999949448432
0.1708333333333333,-0.2,0.2547407498867192,0.2547407498867192,9.338017919921327,-0.053544553258277,0.0171273547551429,0.0364171989657648,0.08106603687047,-0.1012200810091548
0.1708333333333333,-0.1458333333333333,8.157231200682881e-09,8.157231200682881e-09,0.3739240833914244,-1.3371698226079474,0.6685849029336595,0.6685849182978032,0.243453640563179,-0.0500000007660031
0.1708333333333333,-0.1291666666666666,2.02684184369279e-08,2.02684184369279e-08,0.2885881283035126,-1.73257300343775,0.866286525807034,0.8662864761663762,0.3295712529975547,-0.0833333333333334
0.175,-0.1333333333333333,6.28427008049296e-08,6.28427008049296e-08,0.2723879395889134,-1.8356172465206413,0.9178085429734252,0.917808706090412,0.3040946731830707,-0.0833333362954069
0.175,-0.1125,7.437166366008051e-08,7.437166366008051e-08,0.2440354948261097,-2.048882275900582,1.0244410300390712,1.024441245534966,0.3898519561095216,-0.1249999947411346
0.175,-0.1291666666666666,3.5684030016807384e-08,3.5684030016807384e-08,0.2616736255740736,-1.9107772092450688,0.955388652807521,0.9553885563804734,0.3233161281979614,-0.0916666658255863
0.175,-0.125,2.3239699257803866e-08,2.3239699257803866e-08,0.2544711763871768,-1.9648590741623764,0.9824295692234202,0.9824295046472216,0.3412546353741468,-0.0999999999999999
0.175,-0.1083333333333333,8.79398494615559e-08,8.79398494615559e-08,0.2425510903836521,-2.0614213653255717,1.0307105548911686,1.0307108112600076,0.4048457173621175,-0.1333333250423268
0.175,-0.1208333333333333,4.6549662840496667e-08,4.6549662840496667e-08,0.2495882810899884,-2.0032991839649696,1.0016496585808383,1.0016495267079648,0.3581916491390822,-0.108333334430464
0.175,-0.1708333333333333,2.977874481239741e-07,2.977874481239741e-07,1.038167150449782,-0.4816180130470542,0.240808904908004,0.2408091077338241,0.0844433905784371,-0.0083334105413039
0.175,-0.1375,2.272652174359693e-09,2.272652174359693e-09,0.288518183915144,-1.732993024107543,0.8664965146484924,0.8664965090908119,0.2832280346044654,-0.0749999998396507
0.175,-0.15,9.488662153769544e-09,9.488662153769544e-09,0.408630067539102,-1.2236006102811103,0.611800313301071,0.6118002968818743,0.207348673424298,-0.0499999986581245
0.175,-0.2,0.2912857851602729,0.2912857851602729,9.09524053255328,-0.0549738074098087,0.0161639399774848,0.0388098671283252,0.0783941440236612,-0.160152294388477
0.175,-0.1625,5.412621489854015e-07,5.412621489854015e-07,0.7328243196699885,-0.6822917667455926,0.3411461448040356,0.3411456225371339,0.1274269047863162,-0.0249998851811218
0.175,-0.1666666666666666,4.0973953021874563e-07,4.0973953021874563e-07,0.8762131863173568,-0.5706373831030618,0.2853185265859927,0.2853188572462706,0.1058793844128464,-0.0166667632430212
0.175,-0.1166666666666666,5.5491590171525846e-08,5.5491590171525846e-08,0.246271700498127,-2.0302779365116805,1.0151390482912923,1.0151388889629835,0.3743386213126837,-0.1166666692825368
0.175,-0.1541666666666666,1.795064261886016e-07,1.795064261886016e-07,0.4923990492231833,-1.015436566993543,0.5077184121137748,0.5077181543351941,0.1786244140362057,-0.041666637049691
0.175,-0.1916666666666666,0.1461398850224131,0.1461398850224131,4.524224281311496,-0.1105161830193992,0.0438377358426933,0.0666784477539401,0.0610176938306961,-0.0361371399082839
0.175,-0.1458333333333333,3.0010555682248514e-08,3.0010555682248514e-08,0.3509941371203434,-1.4245252178808556,0.7122626401332681,0.7122625797062518,0.2349806721167331,-0.0583333297984121
0.175,-0.1958333333333333,0.2096506324448566,0.2096506324448566,6.46178367833719,-0.0773780155529948,0.0272180744721524,0.0501599417114846,0.0705577352846959,-0.077742877246172
0.175,-0.1,3.359911557574264e-08,3.359911557574264e-08,0.2410353336249872,-2.0743846657363747,1.0371922836995715,1.03719238226644,0.4335996583050151,-0.1499999952483801
0.175,-0.1875,0.0947877723553834,0.0947877723553834,3.148709443513031,-0.1587952169717397,0.0687543471375313,0.0900408703019444,0.05,-0.0137003223262251
0.175,-0.1041666666666666,9.980013117858405e-08,9.980013117858405e-08,0.2415975692424259,-2.069557245481718,1.0347787691336483,1.0347784770398505,0.4194056557310421,-0.1416666784281903
0.175,-0.1583333333333333,4.3544010022617056e-08,4.3544010022617056e-08,0.6028951206131128,-0.8293316417808541,0.4146658460923191,0.414665795025936,0.1513917524148113,-0.0333333251232876
0.175,-0.1833333333333333,0.0534805457466474,0.0534805457466474,2.2786493370340755,-0.2194282335617146,0.1014161189872666,0.1180121155118811,0.05,-0.0024249690010467
0.175,-0.1416666666666666,7.089521897685135e-09,7.089521897685135e-09,0.3131370283187755,-1.596745049174643,0.7983725335447787,0.7983725176656193,0.2603037439554764,-0.0666666660036864
0.1791666666666666,-0.1791666666666666,0.0284506893468083,0.0284506893468083,1.6452324367543965,-0.3039084259999498,0.1458402817876738,0.1580681438985323,0.05,-0.0097818236185968
0.1791666666666666,-0.2,0.3343753389731294,0.3343753389731294,8.876393179884875,-0.0563291852900391,0.0148461729161333,0.04148301324431,0.0762640381921199,-0.2424132603591614
0.1791666666666666,-0.1833333333333333,0.0654032412104348,0.0654032412104348,2.2726675122292157,-0.2200057850381824,0.0998282683264122,0.1201775165720562,0.05,-0.0171469847504023
0.1791666666666666,-0.1708333333333333,2.55253450340297e-07,2.55253450340297e-07,0.9957130171814836,-0.5021527201317468,0.2510762693831374,0.2510764506516523,0.0783976373049056,-0.0166667388632606
0.1791666666666666,-0.1875,0.1111582423930731,0.1111582423930731,3.1378492801379685,-0.1593448100661305,0.0671477847120236,0.0921970269094849,0.05,-0.0330728589779291
0.1791666666666666,-0.1666666666666666,8.965667457067741e-08,8.965667457067741e-08,0.8380405543831542,-0.5966298367808349,0.2983148815603549,0.29831495718377,0.0999496683872561,-0.0250000232376821
0.1791666666666666,-0.1458333333333333,2.4134179699080465e-08,2.4134179699080465e-08,0.3311758838949582,-1.5097717679055478,0.7548858590603835,0.754885910561633,0.2264501895839129,-0.0666666700778611
0.1791666666666666,-0.1541666666666666,2.996941216879252e-07,2.996941216879252e-07,0.4740255939061445,-1.054795366339761,0.5273979067426531,0.5273974596871689,0.1700224140454929,-0.0499999434891596
0.1791666666666666,-0.175,1.1805545549914512e-05,1.1805545549914512e-05,1.2043126256336318,-0.4151745894178731,0.2075907605967479,0.2075838290233917,0.0529220921862501,-0.0083297160218268
0.1791666666666666,-0.1416666666666666,3.3854231686607776e-08,3.3854231686607776e-08,0.2918531777131373,-1.7131901865937351,0.8565951343617755,0.8565950523392445,0.2524308617073107,-0.0749999960102441
0.1791666666666666,-0.1625,2.2026440493145289e-07,2.2026440493145289e-07,0.7027831712135103,-0.7114569901723087,0.3557283846536698,0.3557286062718887,0.1209835228209742,-0.0333333852498675
0.1791666666666666,-0.1083333333333333,1.340930091742181e-07,1.340930091742181e-07,0.2182223668546759,-2.291240842908465,1.1456202052431903,1.1456206397403328,0.3997518164272696,-0.1416666571849653
0.1791666666666666,-0.15,1.8984105408045503e-08,1.8984105408045503e-08,0.3903110680539571,-1.2810295196324404,0.6405147769704591,0.64051474257802,0.1984220423278261,-0.058333330201125
0.1791666666666666,-0.1041666666666666,5.5630910224711814e-08,5.5630910224711814e-08,0.2171764611006798,-2.302275289763159,1.151137554730937,1.1511377358582315,0.4144243679640507,-0.1499999947551216
0.1791666666666666,-0.1291666666666666,3.044204417756516e-08,3.044204417756516e-08,0.2382225746827983,-2.0988774915885102,1.049438700656335,1.0494387910162288,0.3170853016021385,-0.1000000014350512
0.1791666666666666,-0.1375,8.910858484822077e-08,8.910858484822077e-08,0.2661869253801593,-1.878379260546822,0.9391897483925256,0.9391895116823292,0.2760051452549807,-0.083333324932113
0.1791666666666666,-0.1958333333333333,0.241599701011459,0.241599701011459,6.3266057831252045,-0.0790313190965434,0.026014202857727,0.0530171160983918,0.0678135635375815,-0.1223676507887541
0.1791666666666666,-0.1125,2.4396157572199692e-09,2.4396157572199692e-09,0.2198098422291912,-2.2746934108549226,1.1373467102889947,1.13734670275144,0.3846198828491438,-0.1333333334437884
0.1791666666666666,-0.1583333333333333,6.487691730374884e-08,6.487691730374884e-08,0.5805385977619315,-0.8612691763018319,0.4306345488028,0.430634627823423,0.143879296760384,-0.0416666804290243
0.1791666666666666,-0.1166666666666666,1.8557876345969538e-07,1.8557876345969538e-07,0.2221683985088354,-2.2505450963489864,1.125272844274246,1.1252722536252122,0.3689358995410725,-0.1250000043741172
0.1791666666666666,-0.1,7.193059079820395e-09,7.193059079820395e-09,0.216521410564957,-2.3092404512281774,1.154620214662458,1.1546202381029076,0.4287091426454072,-0.15833333248744
0.1791666666666666,-0.125,1.0562537250533217e-07,1.0562537250533217e-07,0.2307258942956966,-2.1670736243231232,1.0835369741183811,1.0835366504078472,0.3353683254982091,-0.1083333308437201
0.1791666666666666,-0.1208333333333333,1.0764130443216561e-07,1.0764130443216561e-07,0.2256391283982124,-2.2159277210244284,1.1079640310902406,1.107963693786452,0.3525757641007134,-0.1166666666666666
0.1791666666666666,-0.1333333333333333,5.650641122290295e-08,5.650641122290295e-08,0.2493748001511737,-2.0050141379633857,1.002506989050282,1.0025071492748303,0.2974231405937017,-0.0916666706622634
0.1791666666666666,-0.1916666666666666,0.1691543151981792,0.1691543151981792,4.447642345626967,-0.1124191110828718,0.0427630875469624,0.0696560240260915,0.0580794045840506,-0.0640916181787075
0.1833333333333333,-0.1166666666666666,3.853394808753574e-08,3.853394808753574e-08,0.2010098862786523,-2.4874398438122256,1.243719989034684,1.2437198534872138,0.3635794481419839,-0.1333333333333334
0.1833333333333333,-0.1625,5.744094763619642e-07,5.744094763619642e-07,0.6728665237509259,-0.7430894279481919,0.371545015467376,0.371544411828193,0.1146918642975145,-0.0416665177383013
0.1833333333333333,-0.1541666666666666,6.373677711848868e-08,6.373677711848868e-08,0.4567201535286864,-1.0947622870873346,0.5473811932410868,0.5473810945646598,0.1617145390510576,-0.0583333198130807
0.1833333333333333,-0.1041666666666666,2.555369777776124e-07,2.555369777776124e-07,0.1957474366496932,-2.554311864103113,1.2771563946050684,1.277155471520203,0.4095131238789262,-0.1583333514024764
0.1833333333333333,-0.125,2.184566148870121e-07,2.184566148870121e-07,0.2098768989606335,-2.382348903240228,1.1911740833547952,1.1911748193677454,0.3294938862968429,-0.1166666769648108
0.1833333333333333,-0.1833333333333333,0.0798029075521577,0.0798029075521577,2.265824981221603,-0.2206701766770322,0.0978828523349122,0.1227873252906448,0.05,-0.0339241891188055
0.1833333333333333,-0.1291666666666666,4.933064261257884e-09,4.933064261257884e-09,0.21763083877709,-2.2974685150461625,1.1487342495391886,1.1487342655671495,0.3108378872284533,-0.1083333336821512
0.1833333333333333,-0.1083333333333333,2.1534100152547922e-08,2.1534100152547922e-08,0.1968717562487438,-2.5397243840797756,1.2698622313090446,1.2698621539741062,0.3947220732551492,-0.1500000010150043
0.1833333333333333,-0.1708333333333333,1.1691712593945649e-06,1.1691712593945649e-06,0.9562327023366016,-0.5228852754024444,0.2614422055108676,0.2614430700796113,0.0720922583659308,-0.0250003582497849
0.1833333333333333,-0.1583333333333333,2.086177815378777e-07,2.086177815378777e-07,0.5582871402863835,-0.8955964838655035,0.4477983743547717,0.4477981101275752,0.1366967884940085,-0.0499999508284658
0.1833333333333333,-0.1791666666666666,0.0389091566774935,0.0389091566774935,1.6414278724298668,-0.3046128362583999,0.1439256270955766,0.1606872094863796,0.05,-0.0228908366851097
0.1833333333333333,-0.2,0.3851104272691588,0.3851104272691588,8.679306657711699,-0.0576082887704672,0.013116589133439,0.0444916986542551,0.0749383984176814,-0.3653362344131245
0.1833333333333333,-0.1375,7.793198433577157e-08,7.793198433577157e-08,0.2466448275951605,-2.0272065090890408,1.0136033665232915,1.0136031431004966,0.2686980977845886,-0.0916666574823214
0.1833333333333333,-0.15,8.750351410961457e-08,8.750351410961457e-08,0.3740702244725608,-1.336647418669628,0.6683237921927692,0.6683236267847334,0.1895594122157221,-0.0666666501668763
0.1833333333333333,-0.1125,1.938239703878348e-07,1.938239703878348e-07,0.1985500400939992,-2.518256856154295,1.2591280841683137,1.2591287744395316,0.3794451728768327,-0.1416666620982194
0.1833333333333333,-0.175,0.0046637212142614,0.0046637212142614,1.1889105582164723,-0.4205530823343792,0.2088896628069037,0.211663419733,0.05,-0.0182158336783936
0.1833333333333333,-0.1208333333333333,4.906072900404429e-08,4.906072900404429e-08,0.20460974752477,-2.443676345048573,1.2218380877862565,1.2218382573342446,0.3469909902230753,-0.1250000011563724
0.1833333333333333,-0.1333333333333333,8.35031669092652e-09,8.35031669092652e-09,0.229189079339006,-2.18160481828842,1.090802422929272,1.090802397234782,0.2907022566983009,-0.0999999992148137
0.1833333333333333,-0.1916666666666666,0.1966299371179514,0.1966299371179514,4.377307778010195,-0.1142254618115572,0.0412310092497278,0.0729944514494853,0.055296566279445,-0.0988899596847747
0.1833333333333333,-0.1458333333333333,1.137182478990083e-08,1.137182478990083e-08,0.313911529987067,-1.5928054635564024,0.7964027444684945,0.7964027188537663,0.2178393049304264,-0.074999998123823
0.1833333333333333,-0.1958333333333333,0.2795325727875342,0.2795325727875342,6.203435365042595,-0.0806005009190329,0.024368805947045,0.0562316956679644,0.0654122516259681,-0.1820252252042463
0.1833333333333333,-0.1666666666666666,8.861944413334407e-08,8.861944413334407e-08,0.801062634541711,-0.6241709184049284,0.3120854197148865,0.3120854979366143,0.0939648020643178,-0.0333333583975378
0.1833333333333333,-0.1875,0.1309245735340043,0.1309245735340043,3.12539873670378,-0.1599795872647291,0.0651792588129396,0.0948003284930152,0.05,-0.0560478560373611
0.1833333333333333,-0.1,3.1753038204934015e-08,3.1753038204934015e-08,0.1950244300159946,-2.5637813677169703,1.2818907418076968,1.281890626682209,0.4238962149977926,-0.1666666696603041
0.1833333333333333,-0.1416666666666666,2.1550264998722783e-08,2.1550264998722783e-08,0.2732919549377505,-1.8295452568422803,0.9147726009491136,0.9147726567017108,0.2444504977470659,-0.0833333363806807
0.1875,-0.1916666666666666,0.2294423392661608,0.2294423392661608,4.311608992841448,-0.1159659888795801,0.0391686451496049,0.0767973434901811,0.0526542246172473,-0.1437749975650612
0.1875,-0.1166666666666666,5.313323582123808e-08,5.313323582123808e-08,0.1823164203243026,-2.7424847361715052,1.371242265637722,1.371242471709451,0.3582417528205089,-0.1416666679190089
0.1875,-0.175,0.0138183023361764,0.0138183023361764,1.1864330819063298,-0.4214312698319276,0.2065978233016245,0.2148334460610108,0.05,-0.0299828833066664
0.1875,-0.1375,9.54477043974205e-08,9.54477043974205e-08,0.2294606128663884,-2.1790232041465885,1.0895117496893256,1.0895114555593466,0.2612703018109177,-0.0999999865017527
0.1875,-0.1125,2.3011198152179204e-08,2.3011198152179204e-08,0.1797677529194835,-2.781366468109269,1.3906832792132595,1.3906831887001625,0.3743005408763447,-0.15
0.1875,-0.1541666666666666,1.878414905132141e-07,1.878414905132141e-07,0.4399956612332612,-1.136374841775151,0.568187572016889,0.568187270141447,0.1537132223602611,-0.0666666223920503
0.1875,-0.1333333333333333,4.7074544823284555e-08,4.7074544823284555e-08,0.2113901091414121,-2.365295151265144,1.1826476535209167,1.182647496064,0.2838965916072796,-0.1083333277858613
0.1875,-0.1083333333333333,2.2350255990774733e-08,2.2350255990774733e-08,0.1780224991368541,-2.808633753650568,1.4043169212971731,1.404316832521939,0.3897340122145127,-0.158333333860133
0.1875,-0.1,1.8836545558666545e-08,1.8836545558666545e-08,0.176055793999774,-2.840008774815743,1.4200043506371005,1.420004426263084,0.4191383612414169,-0.1749999986685607
0.1875,-0.1291666666666666,5.308779985493977e-08,5.308779985493977e-08,0.1994471577226195,-2.5069296829616263,1.25346493620167,1.2534647479917211,0.3045409690364703,-0.1166666616616086
0.1875,-0.1458333333333333,2.3142690299089115e-08,2.3142690299089115e-08,0.2987600240105756,-1.67358401403267,0.8367920336705232,0.836791978915393,0.2091459891584268,-0.0833333289710284
0.1875,-0.1791666666666666,0.0515438270087507,0.0515438270087507,1.6370198218681111,-0.3054330760968469,0.141584422005625,0.1638486543054043,0.05,-0.0376334104975615
0.1875,-0.1583333333333333,3.300538951859421e-07,3.300538951859421e-07,0.5359753742485884,-0.9328786802720545,0.4664391228148048,0.4664395582507801,0.1297890702516638,-0.0583334189071252
0.1875,-0.1958333333333333,0.3245490492191486,0.3245490492191486,6.091607373929753,-0.0820801420851324,0.0222034310195873,0.0598767114664262,0.063529075220828,-0.2661220639999624
0.1875,-0.1208333333333333,2.396356760385856e-07,2.396356760385856e-07,0.1860234020218139,-2.687833868021684,1.3439173883887676,1.3439164774950676,0.3414068377626477,-0.1333333220368342
0.1875,-0.1833333333333333,0.0971941029113027,0.0971941029113027,2.2578718733952137,-0.2214474640047257,0.0955043984900925,0.1259430651506008,0.05,-0.0534845987383434
0.1875,-0.1875,0.1547711974197599,0.1547711974197599,3.110902943126218,-0.1607250398575672,0.0627728097740316,0.0979522303876372,0.05,-0.0840636751968977
0.1875,-0.1416666666666666,1.2651848563099273e-07,1.2651848563099273e-07,0.257027493686556,-1.9453171836471623,0.9726587653171066,0.9726584172545288,0.2363332683865261,-0.091666645792285
0.1875,-0.1666666666666666,1.38587698014057e-07,1.38587698014057e-07,0.7656043203432922,-0.6530788637992657,0.3265394963549788,0.3265393683596258,0.0878577476277939,-0.0416666242026972
0.1875,-0.1041666666666666,4.9058136781206244e-08,4.9058136781206244e-08,0.1768400627251009,-2.827413608478153,1.413706706878294,1.413706903035273,0.4046525983086482,-0.1666666643541058
0.1875,-0.1708333333333333,2.354862053607735e-07,2.354862053607735e-07,0.9200989060336008,-0.5434198394991796,0.2717100104101071,0.271709829436535,0.0654574307529769,-0.0333332556270192
0.1875,-0.15,1.338235013644219e-08,1.338235013644219e-08,0.3593984454160399,-1.3912135860542492,0.6956067796702641,0.6956068059968317,0.1807984240350453,-0.0750000028385182
0.1875,-0.125,8.9630242651137e-09,8.9630242651137e-09,0.1914494391589919,-2.6116555998856796,1.305827817137299,1.3058277840588666,0.3235971075198564,-0.1249999993667152
0.1875,-0.2,0.4446379224111148,0.4446379224111148,8.495251927772044,-0.0588564062239242,0.0109233671947919,0.0479330393974493,0.0746209792190924,-0.5679208933444111
0.1875,-0.1625,1.0668788461945708e-07,1.0668788461945708e-07,0.6432369029115504,-0.7773185857386551,0.3886593520267958,0.3886592347499871,0.1084847183823868,-0.049999969825296
0.1916666666666666,-0.1583333333333333,3.5135173662193837e-08,3.5135173662193837e-08,0.5135587478307804,-0.973598448097377,0.4867992000658532,0.4867992484409029,0.1230932904709374,-0.066666676604039
0.1916666666666666,-0.1916666666666666,0.2686155014587888,0.2686155014587888,4.250998218925022,-0.117619432673095,0.0364691000876256,0.0811503331480203,0.0503076049782755,-0.2041967627070471
0.1916666666666666,-0.1958333333333333,0.3778875175641948,0.3778875175641948,5.98610790672013,-0.0835267265236154,0.0194444520881127,0.0640822750818443,0.0621881196185155,-0.3934069156849781
0.1916666666666666,-0.1333333333333333,8.59553336619055e-08,8.59553336619055e-08,0.1956362652386921,-2.5557633674462465,1.2778818388514424,1.277881528175179,0.276975959295456,-0.1166666545107592
0.1916666666666666,-0.1708333333333333,3.170678157040702e-08,3.170678157040702e-08,0.8877226899451223,-0.5632389543126237,0.2816194649820893,0.2816194902220736,0.0584295576377252,-0.0416666778697204
0.1916666666666666,-0.1125,1.5829381406782218e-07,1.5829381406782218e-07,0.1631034213352794,-3.0655396170314617,1.532769466759916,1.5327701530100093,0.3691692552665093,-0.1583333370643252
0.1916666666666666,-0.1208333333333333,5.216904395682396e-09,5.216904395682396e-09,0.1695296366849855,-2.949336822278255,1.4746684223529485,1.4746684006038642,0.3358039676488164,-0.1416666662979551
0.1916666666666666,-0.1375,3.9814954803788985e-08,3.9814954803788985e-08,0.2143010548614343,-2.333166303356748,1.1665832174745423,1.1665830861014823,0.2536937243470437,-0.1083333267642103
0.1916666666666666,-0.2,0.5139794241101123,0.5139794241101123,8.321360741703804,-0.0600863265448623,0.0082054888672509,0.0518808379603505,0.0760593389253485,-0.9591615214248942
0.1916666666666666,-0.175,0.0248776719631669,0.0248776719631669,1.1835424844468714,-0.4224605424513612,0.2037986957801223,0.2186618466819574,0.05,-0.043057406620417
0.1916666666666666,-0.1166666666666666,2.113723851230737e-07,2.113723851230737e-07,0.1657236189749776,-3.0170714531817424,1.508535276089237,1.5085361779689883,0.3529023097639227,-0.150000009964188
0.1916666666666666,-0.125,6.341035968404233e-08,6.341035968404233e-08,0.1750980009361044,-2.855543735923348,1.4277717413851292,1.427771997441809,0.3176560345724162,-0.1333333393113354
0.1916666666666666,-0.1416666666666666,1.8037029518267092e-08,1.8037029518267092e-08,0.242727000383154,-2.059927404147857,1.0299636765709543,1.02996372909411,0.2280649270074478,-0.1000000033996768
0.1916666666666666,-0.1458333333333333,4.130818947192766e-08,4.130818947192766e-08,0.285348063225856,-1.75224599165837,0.8761229445948153,0.8761230469585222,0.2003871308639807,-0.0916666754294527
0.1916666666666666,-0.1,5.2955523367737426e-08,5.2955523367737426e-08,0.1592347733244916,-3.140017658275937,1.5700087112428245,1.5700089463992093,0.4144176813617468,-0.1833333308369947
0.1916666666666666,-0.1041666666666666,5.6786114293808406e-08,5.6786114293808406e-08,0.1600646572564788,-3.123737671341672,1.5618689628228817,1.561868711986687,0.3998213580776747,-0.1750000013383335
0.1916666666666666,-0.1541666666666666,2.4453245608093045e-07,2.4453245608093045e-07,0.4235023723951475,-1.1806309300517055,0.5903156696411429,0.5903152613551299,0.1460202129177843,-0.0749999365996537
0.1916666666666666,-0.1083333333333333,3.82968948857898e-08,3.82968948857898e-08,0.1612991133394565,-3.099831049781997,1.5499154419958927,1.5499156098697746,0.3847686461587132,-0.1666666666666666
0.1916666666666666,-0.1291666666666666,1.678309932236433e-09,1.678309932236433e-09,0.1833231096568378,-2.7274248237909404,1.3637124148325093,1.3637124083844905,0.2981670463745578,-0.1249999998029881
0.1916666666666666,-0.1625,7.203521527328724e-07,7.203521527328724e-07,0.6141141472829761,-0.8141808846658165,0.4070900280720728,0.407090857503519,0.1022938211941424,-0.0583335540586448
0.1916666666666666,-0.15,8.91769906107546e-08,8.91769906107546e-08,0.3458488078061816,-1.4457184430358725,0.7228591305066381,0.7228593128336129,0.1721881863143172,-0.0833333543525248
0.1916666666666666,-0.1791666666666666,0.066803875125404,0.066803875125404,1.6318552049268376,-0.3063997336439712,0.138726317560053,0.1676734159183261,0.05,-0.0545606414573318
0.1916666666666666,-0.1875,0.1834922361914069,0.1834922361914069,3.093865894451439,-0.161610106928407,0.0598363682547109,0.1017737399507723,0.05,-0.1193040363614804
0.1916666666666666,-0.1833333333333333,0.1181783684970494,0.1181783684970494,2.24853183377847,-0.2223673209384031,0.0926015963130453,0.1297657246947068,0.05,-0.0768667007827511
0.1916666666666666,-0.1666666666666666,3.474704100279826e-07,3.474704100279826e-07,0.7320393829356515,-0.68302336160734,0.3415118484006143,0.3415115127650239,0.0815633783598876,-0.04999988534077
0.1958333333333333,-0.1625,1.577791638815715e-07,1.577791638815715e-07,0.5857762535972264,-0.8535682297331988,0.4267842104325758,0.426784019974157,0.0960522824445096,-0.066666614602536
0.1958333333333333,-0.1875,0.2180009118198549,0.2180009118198549,3.07374029071751,-0.1626682648827397,0.0562588319945192,0.1064094330240905,0.05,-0.1652377124669569
0.1958333333333333,-0.1416666666666666,3.822579653732234e-08,3.822579653732234e-08,0.2301075756000936,-2.1728967365669405,1.0864483092007011,1.0864484266641838,0.2196400930749017,-0.108333341442105
0.1958333333333333,-0.1083333333333333,3.813138385011503e-09,3.813138385011503e-09,0.1464050273862062,-3.4151832677670484,1.70759162578468,1.707591644081365,0.3798109125785351,-0.1750000000892909
0.1958333333333333,-0.1583333333333333,8.394712089429015e-07,8.394712089429015e-07,0.4911168691147222,-1.0180876105519587,0.5090432013941033,0.5090444100587952,0.1165503759188819,-0.0750002572250736
0.1958333333333333,-0.1791666666666666,0.085214824733543,0.085214824733543,1.6257626730662047,-0.3075479638790597,0.1352423779387379,0.172305586122281,0.05,-0.0744408716084278
0.1958333333333333,-0.1166666666666666,5.0972277146382137e-08,5.0972277146382137e-08,0.1509388704668234,-3.3125993216529253,1.6562995419657651,1.6562997807543738,0.347542881433978,-0.1583333369375819
0.1958333333333333,-0.1041666666666666,3.750423524346291e-09,3.750423524346291e-09,0.1451300939062441,-3.445184844066219,1.7225924132928228,1.7225924315492591,0.3950073826969661,-0.1833333333333334
0.1958333333333333,-0.1708333333333333,4.775341968491765e-06,4.775341968491765e-06,0.8594597855584785,-0.5817607858661091,0.2908823570406653,0.2908784282045467,0.0509337032381829,-0.0499981991179487
0.1958333333333333,-0.175,0.0382319122648533,0.0382319122648533,1.180141492075053,-0.4236780110312566,0.2003852752626578,0.2232927356028256,0.05,-0.0578615868968916
0.1958333333333333,-0.1375,1.6235290964167862e-08,1.6235290964167862e-08,0.2008975395719267,-2.4888308785206874,1.2444154682991275,1.2444154111629049,0.2459464749133914,-0.1166666636057262
0.1958333333333333,-0.1208333333333333,7.854929331955374e-08,7.854929331955374e-08,0.1548344872660713,-3.2292547271855057,1.6146271846494251,1.61462754337175,0.3301609057175815,-0.1500000074056791
0.1958333333333333,-0.1833333333333333,0.1434547309344352,0.1434547309344352,2.237496507425174,-0.2234640353986634,0.0890643152193497,0.1343997213058898,0.05,-0.1055946348548661
0.1958333333333333,-0.15,1.591417075011691e-07,1.591417075011691e-07,0.3330326231265908,-1.501354418193685,0.7506770397480551,0.750677377642468,0.1637809815760768,-0.0916667079276255
0.1958333333333333,-0.1541666666666666,8.869794693049234e-08,8.869794693049234e-08,0.4070119090222271,-1.22846528221298,0.614232718934197,0.6142325648461373,0.1386187998336097,-0.0833333082470664
0.1958333333333333,-0.1333333333333333,9.947948438821642e-08,9.947948438821642e-08,0.1816567506430316,-2.7524438173216765,1.3762221012695868,1.3762217140465722,0.2699150336647616,-0.1249999835869449
0.1958333333333333,-0.1916666666666666,0.3153859412866896,0.3153859412866896,4.210746025190162,-0.1187438040168586,0.0328906634881818,0.0858531401582212,0.05,-0.2901286039148221
0.1958333333333333,-0.1125,1.420194292442438e-07,1.420194292442438e-07,0.1482556672010321,-3.3725523570296616,1.6862765181269062,1.6862758407664842,0.3640329144456904,-0.1666666599718332
0.1958333333333333,-0.2,0.5934867623607618,0.5934867623607618,8.153178888867886,-0.0613257731020127,0.0049270039001072,0.0563987695456162,0.0811373992147611,-1.9939832770732284
0.1958333333333333,-0.125,9.669776050174353e-08,9.669776050174353e-08,0.1605369557889216,-3.1145476594749084,1.5572736173295425,1.5572740432465118,0.31164786558005,-0.1416666780625704
0.1958333333333333,-0.1666666666666666,1.1583683847468991e-06,1.1583683847468991e-06,0.7007579404758805,-0.7135131420723724,0.3567571555517972,0.3567559866886505,0.0750140965407212,-0.0583329237889386
0.1958333333333333,-0.1958333333333333,0.4408871717487654,0.4408871717487654,5.887684529217085,-0.0849230277674308,0.0159863946041411,0.0689366342636965,0.0618560398383567,-0.6072378530597837
0.1958333333333333,-0.1291666666666666,1.9352816906017035e-08,1.9352816906017035e-08,0.168981197854709,-2.9589090764344235,1.4794544972608392,1.4794545782378634,0.2916914741991142,-0.1333333360700524
0.1958333333333333,-0.1,1.0809133777486085e-07,1.0809133777486085e-07,0.1442605832513529,-3.4659502181652755,1.7329753740433134,1.7329748442234916,0.4097202658980879,-0.1916666692144034
0.1958333333333333,-0.1458333333333333,7.131750372895352e-08,7.131750372895352e-08,0.2733425085542233,-1.829206890055005,0.9146035373008914,0.9146033528104204,0.1915973857634956,-0.0999999831903056
0.2,-0.1875,0.25933532549345,0.25933532549345,3.049919855272708,-0.1639387342543159,0.0519066478592691,0.1120320859684689,0.05,-0.2277091346302579
0.2,-0.1916666666666666,0.3711524717635424,0.3711524717635424,4.167288429290857,-0.1199820951860317,0.028502415777222,0.0914796808529985,0.05,-0.4217492400457973
0.2,-0.1708333333333333,0.0103649867740903,0.0103649867740903,0.854347535871607,-0.585241928718915,0.2883316374157409,0.2969102920294553,0.05,-0.0625483040333998
0.2,-0.1041666666666666,1.322746092552304e-07,1.322746092552304e-07,0.1317934978362313,-3.7938138684943112,1.8969072900877928,1.8969065804025291,0.3901988155187674,-0.1916666635489372
0.2,-0.125,2.0542685667925213e-08,2.0542685667925213e-08,0.1475382769378845,-3.388951059751335,1.6944755792214077,1.6944754807667517,0.3055534950854401,-0.149999997094834
0.2,-0.1791666666666666,0.107387941130602,0.107387941130602,1.6185449736055668,-0.30891943535552,0.1310020006488095,0.177917435517628,0.05,-0.0983702066948581
0.2,-0.1083333333333333,7.857155773229491e-09,7.857155773229491e-09,0.1331031049810659,-3.7564863728990616,1.878243165192579,1.8782432069262216,0.3748496201222525,-0.1833333337036586
0.2,-0.1583333333333333,2.961284546486125e-07,2.961284546486125e-07,0.4687920709367172,-1.0665709405667343,0.5332852468870612,0.53328569355509,0.1100945019723795,-0.0833334310507751
0.2,-0.1333333333333333,2.3325550675115145e-08,2.3325550675115145e-08,0.1692326616769472,-2.9545124156974083,1.477256256187502,1.4772561587292117,0.2626924584673824,-0.1333333289351666
0.2,-0.1,5.9602398015969894e-08,5.9602398015969894e-08,0.1308946616475602,-3.819865482099715,1.9099329034186852,1.909932581452164,0.4050368522923215,-0.2
0.2,-0.1125,2.838197367110972e-09,2.838197367110972e-09,0.1349956804862946,-3.703822213037668,1.8519110987295664,1.8519111135780977,0.3588815561135574,-0.1750000002004487
0.2,-0.1458333333333333,1.7666095774447557e-07,1.7666095774447557e-07,0.2624370610125104,-1.9052187141816008,0.952609119338934,0.95260959533152,0.1828298752030748,-0.1083333791366465
0.2,-0.2,0.6801598934208363,0.6801598934208363,8.013469190003924,-0.0623949486730595,0.0011888939089139,0.061206055062783,0.1021392290022592,-10.096302235865116
0.2,-0.1291666666666666,3.0289027139271314e-08,3.0289027139271314e-08,0.1561982495899449,-3.201060199589719,1.6005300311850057,1.6005301683028712,0.2850931314924236,-0.1416666716641001
0.2,-0.15,2.622044955446851e-07,2.622044955446851e-07,0.3206238792011096,-1.559459642887134,0.7797301100780274,0.7797295318107409,0.1556190629127295,-0.0999999258375072
0.2,-0.175,0.0543375275061339,0.0543375275061339,1.1761203766867008,-0.4251265517375202,0.1962288787759085,0.2288976726741403,0.05,-0.0749724664142371
0.2,-0.1375,5.633499065946152e-08,5.633499065946152e-08,0.1890299952138769,-2.645082857714314,1.322541323840159,1.3225415345719824,0.2380141805043101,-0.1250000119503916
0.2,-0.1958333333333333,0.5148590718008247,0.5148590718008247,5.792361637781341,-0.0863205767880685,0.0117343901960076,0.0745861874420192,0.063072981359522,-1.0349392558337496
0.2,-0.1166666666666666,9.411428101543777e-09,9.411428101543777e-09,0.1377319210521864,-3.630240514923642,1.8151202332891143,1.8151202816067704,0.3421506177099987,-0.1666666675539846
0.2,-0.1416666666666666,6.803856345270218e-08,6.803856345270218e-08,0.2189271642056406,-2.2838645990287887,1.1419324089574232,1.141932189203267,0.2110683854527238,-0.1166666506299502
0.2,-0.1625,3.3412488970999713e-07,3.3412488970999713e-07,0.5585592860388066,-0.8951601241976448,0.4475798508532911,0.4475802738376018,0.0896971224868869,-0.075000118130963
0.2,-0.1666666666666666,9.370644846836772e-09,9.370644846836772e-09,0.6721552000474654,-0.7438758185443817,0.3719379049341924,0.3719379147284698,0.0681412155506871,-0.0666666701777466
0.2,-0.1833333333333333,0.1738287182120489,0.1738287182120489,2.2244211831582814,-0.2247775755212018,0.0847601472315453,0.1400174278506014,0.05,-0.1419875425418699
0.2,-0.1208333333333333,4.8202603852481195e-09,4.8202603852481195e-09,0.1417076237421374,-3.528391675271976,1.7641958260820232,1.7641958501167745,0.3244614526912934,-0.1583333339009846
0.2,-0.1541666666666666,2.336500592421645e-07,2.336500592421645e-07,0.3904104258285222,-1.280703503324574,0.6403515398320181,0.6403519630159948,0.1314755625015672,-0.0916667382600463
